{
  "best_epoch": 16,
  "peak_cpu_memory_MB": 3525.564,
  "peak_gpu_0_memory_MB": 8903,
  "peak_gpu_1_memory_MB": 10,
  "peak_gpu_2_memory_MB": 10,
  "peak_gpu_3_memory_MB": 3997,
  "training_duration": "00:12:29",
  "training_start_epoch": 0,
  "training_epochs": 19,
  "epoch": 19,
  "training_start_acc": 0.9927272727272727,
  "training_end_acc": 0.9927272727272727,
  "training_span_acc": 0.9903030303030304,
  "training_em": 0.953939393939394,
  "training_f1": 0.9780632655540922,
  "training_loss": 0.0681267919336768,
  "training_cpu_memory_MB": 3525.564,
  "training_gpu_0_memory_MB": 8903,
  "training_gpu_1_memory_MB": 10,
  "training_gpu_2_memory_MB": 10,
  "training_gpu_3_memory_MB": 3997,
  "validation_start_acc": 0.1111111111111111,
  "validation_end_acc": 0.2857142857142857,
  "validation_span_acc": 0.06349206349206349,
  "validation_em": 0.20634920634920634,
  "validation_f1": 0.475595822312754,
  "validation_loss": 15.073531150817871,
  "best_validation_start_acc": 0.12698412698412698,
  "best_validation_end_acc": 0.25396825396825395,
  "best_validation_span_acc": 0.06349206349206349,
  "best_validation_em": 0.2222222222222222,
  "best_validation_f1": 0.4895108532920971,
  "best_validation_loss": 15.934133768081665
}