{
  "best_epoch": 6,
  "peak_cpu_memory_MB": 3866.676,
  "peak_gpu_0_memory_MB": 10,
  "peak_gpu_1_memory_MB": 10,
  "peak_gpu_2_memory_MB": 10,
  "peak_gpu_3_memory_MB": 4237,
  "training_duration": "00:02:42",
  "training_start_epoch": 0,
  "training_epochs": 15,
  "epoch": 15,
  "training_start_acc": 0.643312101910828,
  "training_end_acc": 0.7515923566878981,
  "training_span_acc": 0.4713375796178344,
  "training_em": 0.4713375796178344,
  "training_f1": 0.7801464746120531,
  "training_loss": 1.2561333417892455,
  "training_cpu_memory_MB": 3866.676,
  "training_gpu_0_memory_MB": 10,
  "training_gpu_1_memory_MB": 10,
  "training_gpu_2_memory_MB": 10,
  "training_gpu_3_memory_MB": 4237,
  "validation_start_acc": 0.0989010989010989,
  "validation_end_acc": 0.0989010989010989,
  "validation_span_acc": 0.03296703296703297,
  "validation_em": 0.03296703296703297,
  "validation_f1": 0.20002349209907913,
  "validation_loss": 10.985877831776937,
  "best_validation_start_acc": 0.07692307692307693,
  "best_validation_end_acc": 0.07692307692307693,
  "best_validation_span_acc": 0.04395604395604396,
  "best_validation_em": 0.04395604395604396,
  "best_validation_f1": 0.18662875249347863,
  "best_validation_loss": 9.927372773488363
}