{
  "best_epoch": 18,
  "peak_cpu_memory_MB": 2708.152,
  "peak_gpu_0_memory_MB": 8903,
  "peak_gpu_1_memory_MB": 10,
  "peak_gpu_2_memory_MB": 10,
  "peak_gpu_3_memory_MB": 3587,
  "training_duration": "00:02:42",
  "training_start_epoch": 0,
  "training_epochs": 19,
  "epoch": 19,
  "training_start_acc": 0.9184177997527813,
  "training_end_acc": 0.9419035846724351,
  "training_span_acc": 0.8912237330037083,
  "training_em": 0.8838071693448702,
  "training_f1": 0.9450068130638191,
  "training_loss": 0.4944324638037121,
  "training_cpu_memory_MB": 2708.152,
  "training_gpu_0_memory_MB": 8903,
  "training_gpu_1_memory_MB": 10,
  "training_gpu_2_memory_MB": 10,
  "training_gpu_3_memory_MB": 3587,
  "validation_start_acc": 0.13186813186813187,
  "validation_end_acc": 0.1978021978021978,
  "validation_span_acc": 0.0989010989010989,
  "validation_em": 0.0989010989010989,
  "validation_f1": 0.2828351520009163,
  "validation_loss": 14.115822315216064,
  "best_validation_start_acc": 0.12087912087912088,
  "best_validation_end_acc": 0.23076923076923078,
  "best_validation_span_acc": 0.10989010989010989,
  "best_validation_em": 0.12087912087912088,
  "best_validation_f1": 0.31533876349582657,
  "best_validation_loss": 13.494983037312826
}