{
  "best_epoch": 0,
  "peak_cpu_memory_MB": 3656.94,
  "peak_gpu_0_memory_MB": 8903,
  "peak_gpu_1_memory_MB": 10,
  "peak_gpu_2_memory_MB": 10,
  "peak_gpu_3_memory_MB": 5733,
  "training_duration": "00:01:08",
  "training_start_epoch": 0,
  "training_epochs": 9,
  "epoch": 9,
  "training_start_acc": 0.47435897435897434,
  "training_end_acc": 0.3717948717948718,
  "training_span_acc": 0.3076923076923077,
  "training_em": 0.2948717948717949,
  "training_f1": 0.46382053716693616,
  "training_loss": 2.8947476387023925,
  "training_cpu_memory_MB": 3656.94,
  "training_gpu_0_memory_MB": 8903,
  "training_gpu_1_memory_MB": 10,
  "training_gpu_2_memory_MB": 10,
  "training_gpu_3_memory_MB": 5733,
  "validation_start_acc": 0.03296703296703297,
  "validation_end_acc": 0.03296703296703297,
  "validation_span_acc": 0.02197802197802198,
  "validation_em": 0.02197802197802198,
  "validation_f1": 0.1334090399628642,
  "validation_loss": 10.152570565541586,
  "best_validation_start_acc": 0.03296703296703297,
  "best_validation_end_acc": 0.07692307692307693,
  "best_validation_span_acc": 0.02197802197802198,
  "best_validation_em": 0.03296703296703297,
  "best_validation_f1": 0.17038715503466195,
  "best_validation_loss": 9.058608373006185
}