{
  "best_epoch": 14,
  "peak_cpu_memory_MB": 3659.656,
  "peak_gpu_0_memory_MB": 10787,
  "peak_gpu_1_memory_MB": 10,
  "peak_gpu_2_memory_MB": 10,
  "peak_gpu_3_memory_MB": 5707,
  "training_duration": "00:05:22",
  "training_start_epoch": 0,
  "training_epochs": 19,
  "epoch": 19,
  "training_start_acc": 0.9904306220095693,
  "training_end_acc": 0.9856459330143541,
  "training_span_acc": 0.9904306220095693,
  "training_em": 0.9712918660287081,
  "training_f1": 0.9855173192558776,
  "training_loss": 0.06568001423563276,
  "training_cpu_memory_MB": 3659.656,
  "training_gpu_0_memory_MB": 10787,
  "training_gpu_1_memory_MB": 10,
  "training_gpu_2_memory_MB": 10,
  "training_gpu_3_memory_MB": 5707,
  "validation_start_acc": 0.08888888888888889,
  "validation_end_acc": 0.1,
  "validation_span_acc": 0.05555555555555555,
  "validation_em": 0.05555555555555555,
  "validation_f1": 0.20852353959031988,
  "validation_loss": 12.589762051900228,
  "best_validation_start_acc": 0.1111111111111111,
  "best_validation_end_acc": 0.1,
  "best_validation_span_acc": 0.07777777777777778,
  "best_validation_em": 0.07777777777777778,
  "best_validation_f1": 0.21387592283196583,
  "best_validation_loss": 11.688822269439697
}