{
  "best_epoch": 4,
  "peak_cpu_memory_MB": 3621.028,
  "peak_gpu_0_memory_MB": 10787,
  "peak_gpu_1_memory_MB": 6755,
  "peak_gpu_2_memory_MB": 7173,
  "peak_gpu_3_memory_MB": 6755,
  "training_duration": "00:03:15",
  "training_start_epoch": 0,
  "training_epochs": 13,
  "epoch": 13,
  "training_start_acc": 0.9753694581280788,
  "training_end_acc": 0.9556650246305419,
  "training_span_acc": 0.9655172413793104,
  "training_em": 0.9211822660098522,
  "training_f1": 0.9546219183762178,
  "training_loss": 0.22375940130307123,
  "training_cpu_memory_MB": 3621.028,
  "training_gpu_0_memory_MB": 10787,
  "training_gpu_1_memory_MB": 6755,
  "training_gpu_2_memory_MB": 7173,
  "training_gpu_3_memory_MB": 6755,
  "validation_start_acc": 0.07777777777777778,
  "validation_end_acc": 0.1111111111111111,
  "validation_span_acc": 0.022222222222222223,
  "validation_em": 0.022222222222222223,
  "validation_f1": 0.1687531769784821,
  "validation_loss": 11.229525248209635,
  "best_validation_start_acc": 0.044444444444444446,
  "best_validation_end_acc": 0.07777777777777778,
  "best_validation_span_acc": 0.03333333333333333,
  "best_validation_em": 0.03333333333333333,
  "best_validation_f1": 0.16128467598258386,
  "best_validation_loss": 8.89906358718872
}