{
  "best_epoch": 6,
  "peak_cpu_memory_MB": 3856.236,
  "peak_gpu_0_memory_MB": 10,
  "peak_gpu_1_memory_MB": 10,
  "peak_gpu_2_memory_MB": 10,
  "peak_gpu_3_memory_MB": 4237,
  "training_duration": "00:18:22",
  "training_start_epoch": 0,
  "training_epochs": 15,
  "epoch": 15,
  "training_start_acc": 0.6676300578034682,
  "training_end_acc": 0.7697495183044316,
  "training_span_acc": 0.5144508670520231,
  "training_em": 0.5134874759152216,
  "training_f1": 0.8183050901173788,
  "training_loss": 1.022041217638896,
  "training_cpu_memory_MB": 3856.236,
  "training_gpu_0_memory_MB": 10,
  "training_gpu_1_memory_MB": 10,
  "training_gpu_2_memory_MB": 10,
  "training_gpu_3_memory_MB": 4237,
  "validation_start_acc": 0.18888888888888888,
  "validation_end_acc": 0.18888888888888888,
  "validation_span_acc": 0.07777777777777778,
  "validation_em": 0.12222222222222222,
  "validation_f1": 0.32199592789900555,
  "validation_loss": 10.559680779774984,
  "best_validation_start_acc": 0.23333333333333334,
  "best_validation_end_acc": 0.2222222222222222,
  "best_validation_span_acc": 0.12222222222222222,
  "best_validation_em": 0.15555555555555556,
  "best_validation_f1": 0.3562786240027615,
  "best_validation_loss": 8.317136208216349
}