{
  "best_epoch": 0,
  "peak_cpu_memory_MB": 2708.152,
  "peak_gpu_0_memory_MB": 8903,
  "peak_gpu_1_memory_MB": 10,
  "peak_gpu_2_memory_MB": 10,
  "peak_gpu_3_memory_MB": 4867,
  "training_duration": "00:00:46",
  "training_start_epoch": 0,
  "training_epochs": 9,
  "epoch": 9,
  "training_start_acc": 0.23192019950124687,
  "training_end_acc": 0.24189526184538654,
  "training_span_acc": 0.10972568578553615,
  "training_em": 0.12219451371571072,
  "training_f1": 0.2847302377326066,
  "training_loss": 4.603830236655015,
  "training_cpu_memory_MB": 2708.152,
  "training_gpu_0_memory_MB": 8903,
  "training_gpu_1_memory_MB": 10,
  "training_gpu_2_memory_MB": 10,
  "training_gpu_3_memory_MB": 4867,
  "validation_start_acc": 0.06593406593406594,
  "validation_end_acc": 0.14285714285714285,
  "validation_span_acc": 0.01098901098901099,
  "validation_em": 0.02197802197802198,
  "validation_f1": 0.17646989659895593,
  "validation_loss": 9.765060106913248,
  "best_validation_start_acc": 0.03296703296703297,
  "best_validation_end_acc": 0.06593406593406594,
  "best_validation_span_acc": 0.0,
  "best_validation_em": 0.02197802197802198,
  "best_validation_f1": 0.1705609275840162,
  "best_validation_loss": 8.72323473294576
}