{
  "best_epoch": 11,
  "peak_cpu_memory_MB": 3659.656,
  "peak_gpu_0_memory_MB": 10787,
  "peak_gpu_1_memory_MB": 10,
  "peak_gpu_2_memory_MB": 10,
  "peak_gpu_3_memory_MB": 5705,
  "training_duration": "00:11:49",
  "training_start_epoch": 0,
  "training_epochs": 19,
  "epoch": 19,
  "training_start_acc": 1.0,
  "training_end_acc": 0.9967213114754099,
  "training_span_acc": 0.9983606557377049,
  "training_em": 0.9590163934426229,
  "training_f1": 0.9830814495575605,
  "training_loss": 0.014809752766711589,
  "training_cpu_memory_MB": 3659.656,
  "training_gpu_0_memory_MB": 10787,
  "training_gpu_1_memory_MB": 10,
  "training_gpu_2_memory_MB": 10,
  "training_gpu_3_memory_MB": 5705,
  "validation_start_acc": 0.2,
  "validation_end_acc": 0.28888888888888886,
  "validation_span_acc": 0.08888888888888889,
  "validation_em": 0.12222222222222222,
  "validation_f1": 0.33967867696807175,
  "validation_loss": 12.688201109568277,
  "best_validation_start_acc": 0.23333333333333334,
  "best_validation_end_acc": 0.25555555555555554,
  "best_validation_span_acc": 0.1111111111111111,
  "best_validation_em": 0.14444444444444443,
  "best_validation_f1": 0.33221425099794294,
  "best_validation_loss": 9.687888463338217
}