{
  "best_epoch": 14,
  "peak_cpu_memory_MB": 3626.016,
  "peak_gpu_0_memory_MB": 10787,
  "peak_gpu_1_memory_MB": 4979,
  "peak_gpu_2_memory_MB": 7173,
  "peak_gpu_3_memory_MB": 4979,
  "training_duration": "00:10:51",
  "training_start_epoch": 0,
  "training_epochs": 19,
  "epoch": 19,
  "training_start_acc": 0.9853658536585366,
  "training_end_acc": 0.9886178861788618,
  "training_span_acc": 0.9804878048780488,
  "training_em": 0.9382113821138212,
  "training_f1": 0.9719182396384355,
  "training_loss": 0.09169722011742684,
  "training_cpu_memory_MB": 3626.016,
  "training_gpu_0_memory_MB": 10787,
  "training_gpu_1_memory_MB": 4979,
  "training_gpu_2_memory_MB": 7173,
  "training_gpu_3_memory_MB": 4979,
  "validation_start_acc": 0.12222222222222222,
  "validation_end_acc": 0.17777777777777778,
  "validation_span_acc": 0.03333333333333333,
  "validation_em": 0.07777777777777778,
  "validation_f1": 0.2687655129966706,
  "validation_loss": 11.67510461807251,
  "best_validation_start_acc": 0.12222222222222222,
  "best_validation_end_acc": 0.23333333333333334,
  "best_validation_span_acc": 0.07777777777777778,
  "best_validation_em": 0.16666666666666666,
  "best_validation_f1": 0.34994478800689005,
  "best_validation_loss": 12.249798456827799
}