{
  "best_epoch": 8,
  "peak_cpu_memory_MB": 2708.152,
  "peak_gpu_0_memory_MB": 8903,
  "peak_gpu_1_memory_MB": 10,
  "peak_gpu_2_memory_MB": 10,
  "peak_gpu_3_memory_MB": 5519,
  "training_duration": "00:01:23",
  "training_start_epoch": 0,
  "training_epochs": 17,
  "epoch": 17,
  "training_start_acc": 0.36790123456790125,
  "training_end_acc": 0.41728395061728396,
  "training_span_acc": 0.2691358024691358,
  "training_em": 0.2740740740740741,
  "training_f1": 0.4239050913124909,
  "training_loss": 3.6198228872739353,
  "training_cpu_memory_MB": 2708.152,
  "training_gpu_0_memory_MB": 8903,
  "training_gpu_1_memory_MB": 10,
  "training_gpu_2_memory_MB": 10,
  "training_gpu_3_memory_MB": 5519,
  "validation_start_acc": 0.06666666666666667,
  "validation_end_acc": 0.08888888888888889,
  "validation_span_acc": 0.011111111111111112,
  "validation_em": 0.011111111111111112,
  "validation_f1": 0.15499069393408021,
  "validation_loss": 10.912147363026937,
  "best_validation_start_acc": 0.022222222222222223,
  "best_validation_end_acc": 0.1,
  "best_validation_span_acc": 0.0,
  "best_validation_em": 0.011111111111111112,
  "best_validation_f1": 0.16289903373131404,
  "best_validation_loss": 9.355344295501709
}