{
  "best_epoch": 7,
  "peak_cpu_memory_MB": 3656.02,
  "peak_gpu_0_memory_MB": 10,
  "peak_gpu_1_memory_MB": 10,
  "peak_gpu_2_memory_MB": 10,
  "peak_gpu_3_memory_MB": 4761,
  "training_duration": "00:10:00",
  "training_start_epoch": 0,
  "training_epochs": 16,
  "epoch": 16,
  "training_start_acc": 0.9925925925925926,
  "training_end_acc": 0.991358024691358,
  "training_span_acc": 0.9876543209876543,
  "training_em": 0.9506172839506173,
  "training_f1": 0.9770543699844221,
  "training_loss": 0.04328861776921971,
  "training_cpu_memory_MB": 3656.02,
  "training_gpu_0_memory_MB": 10,
  "training_gpu_1_memory_MB": 10,
  "training_gpu_2_memory_MB": 10,
  "training_gpu_3_memory_MB": 4761,
  "validation_start_acc": 0.2111111111111111,
  "validation_end_acc": 0.2111111111111111,
  "validation_span_acc": 0.07777777777777778,
  "validation_em": 0.1,
  "validation_f1": 0.3282667182465443,
  "validation_loss": 14.0966796875,
  "best_validation_start_acc": 0.17777777777777778,
  "best_validation_end_acc": 0.25555555555555554,
  "best_validation_span_acc": 0.1,
  "best_validation_em": 0.1111111111111111,
  "best_validation_f1": 0.30044442095761686,
  "best_validation_loss": 8.811820904413858
}