{
  "best_epoch": 11,
  "peak_cpu_memory_MB": 3659.656,
  "peak_gpu_0_memory_MB": 10787,
  "peak_gpu_1_memory_MB": 10,
  "peak_gpu_2_memory_MB": 10,
  "peak_gpu_3_memory_MB": 5705,
  "training_duration": "00:08:26",
  "training_start_epoch": 0,
  "training_epochs": 19,
  "epoch": 19,
  "training_start_acc": 0.9975308641975309,
  "training_end_acc": 0.9950617283950617,
  "training_span_acc": 0.9975308641975309,
  "training_em": 0.9530864197530864,
  "training_f1": 0.9833791499676758,
  "training_loss": 0.03509790611524995,
  "training_cpu_memory_MB": 3659.656,
  "training_gpu_0_memory_MB": 10787,
  "training_gpu_1_memory_MB": 10,
  "training_gpu_2_memory_MB": 10,
  "training_gpu_3_memory_MB": 5705,
  "validation_start_acc": 0.1,
  "validation_end_acc": 0.17777777777777778,
  "validation_span_acc": 0.03333333333333333,
  "validation_em": 0.05555555555555555,
  "validation_f1": 0.2054170158921341,
  "validation_loss": 12.06748342514038,
  "best_validation_start_acc": 0.06666666666666667,
  "best_validation_end_acc": 0.18888888888888888,
  "best_validation_span_acc": 0.05555555555555555,
  "best_validation_em": 0.07777777777777778,
  "best_validation_f1": 0.24418038056565702,
  "best_validation_loss": 9.946208953857422
}