{
  "best_epoch": 6,
  "peak_cpu_memory_MB": 3856.236,
  "peak_gpu_0_memory_MB": 10,
  "peak_gpu_1_memory_MB": 10,
  "peak_gpu_2_memory_MB": 10,
  "peak_gpu_3_memory_MB": 4237,
  "training_duration": "00:12:48",
  "training_start_epoch": 0,
  "training_epochs": 15,
  "epoch": 15,
  "training_start_acc": 0.6869565217391305,
  "training_end_acc": 0.7869565217391304,
  "training_span_acc": 0.527536231884058,
  "training_em": 0.5347826086956522,
  "training_f1": 0.834490629550648,
  "training_loss": 0.9836112030527808,
  "training_cpu_memory_MB": 3856.236,
  "training_gpu_0_memory_MB": 10,
  "training_gpu_1_memory_MB": 10,
  "training_gpu_2_memory_MB": 10,
  "training_gpu_3_memory_MB": 4237,
  "validation_start_acc": 0.16666666666666666,
  "validation_end_acc": 0.23333333333333334,
  "validation_span_acc": 0.07777777777777778,
  "validation_em": 0.1111111111111111,
  "validation_f1": 0.34071912370330093,
  "validation_loss": 9.709525426228842,
  "best_validation_start_acc": 0.15555555555555556,
  "best_validation_end_acc": 0.2222222222222222,
  "best_validation_span_acc": 0.07777777777777778,
  "best_validation_em": 0.13333333333333333,
  "best_validation_f1": 0.34169169725842485,
  "best_validation_loss": 7.980360110600789
}