{
  "best_epoch": 15,
  "peak_cpu_memory_MB": 3632.992,
  "peak_gpu_0_memory_MB": 10,
  "peak_gpu_1_memory_MB": 10,
  "peak_gpu_2_memory_MB": 10,
  "peak_gpu_3_memory_MB": 5739,
  "training_duration": "00:01:25",
  "training_start_epoch": 0,
  "training_epochs": 19,
  "epoch": 19,
  "training_start_acc": 0.8564356435643564,
  "training_end_acc": 0.8762376237623762,
  "training_span_acc": 0.8168316831683168,
  "training_em": 0.7846534653465347,
  "training_f1": 0.8706677316152952,
  "training_loss": 0.8071285726932379,
  "training_cpu_memory_MB": 3632.992,
  "training_gpu_0_memory_MB": 10,
  "training_gpu_1_memory_MB": 10,
  "training_gpu_2_memory_MB": 10,
  "training_gpu_3_memory_MB": 5739,
  "validation_start_acc": 0.06593406593406594,
  "validation_end_acc": 0.12087912087912088,
  "validation_span_acc": 0.04395604395604396,
  "validation_em": 0.04395604395604396,
  "validation_f1": 0.1534512896377452,
  "validation_loss": 13.822436491648356,
  "best_validation_start_acc": 0.06593406593406594,
  "best_validation_end_acc": 0.10989010989010989,
  "best_validation_span_acc": 0.04395604395604396,
  "best_validation_em": 0.054945054945054944,
  "best_validation_f1": 0.1733277078960786,
  "best_validation_loss": 12.908304373423258
}