{
  "best_epoch": 18,
  "peak_cpu_memory_MB": 3725.564,
  "peak_gpu_0_memory_MB": 10,
  "peak_gpu_1_memory_MB": 10,
  "peak_gpu_2_memory_MB": 10,
  "peak_gpu_3_memory_MB": 6395,
  "training_duration": "00:22:09",
  "training_start_epoch": 0,
  "training_epochs": 19,
  "epoch": 19,
  "training_start_acc": 0.6878980891719745,
  "training_end_acc": 0.7523000707714084,
  "training_span_acc": 0.5003538570417552,
  "training_em": 0.5116772823779193,
  "training_f1": 0.8200248769017654,
  "training_loss": 0.9158642332205612,
  "training_cpu_memory_MB": 3725.564,
  "training_gpu_0_memory_MB": 10,
  "training_gpu_1_memory_MB": 10,
  "training_gpu_2_memory_MB": 10,
  "training_gpu_3_memory_MB": 6395,
  "validation_start_acc": 0.23076923076923078,
  "validation_end_acc": 0.3516483516483517,
  "validation_span_acc": 0.1978021978021978,
  "validation_em": 0.23076923076923078,
  "validation_f1": 0.42469564245877783,
  "validation_loss": 9.88166880607605,
  "best_validation_start_acc": 0.26373626373626374,
  "best_validation_end_acc": 0.37362637362637363,
  "best_validation_span_acc": 0.23076923076923078,
  "best_validation_em": 0.27472527472527475,
  "best_validation_f1": 0.447961257358709,
  "best_validation_loss": 10.182360649108887
}