{
  "best_epoch": 0,
  "peak_cpu_memory_MB": 3632.992,
  "peak_gpu_0_memory_MB": 10,
  "peak_gpu_1_memory_MB": 10,
  "peak_gpu_2_memory_MB": 10,
  "peak_gpu_3_memory_MB": 5739,
  "training_duration": "00:00:13",
  "training_start_epoch": 0,
  "training_epochs": 9,
  "epoch": 9,
  "training_start_acc": 0.19767441860465115,
  "training_end_acc": 0.20930232558139536,
  "training_span_acc": 0.046511627906976744,
  "training_em": 0.06976744186046512,
  "training_f1": 0.1904933883842487,
  "training_loss": 5.674105087916057,
  "training_cpu_memory_MB": 3632.992,
  "training_gpu_0_memory_MB": 10,
  "training_gpu_1_memory_MB": 10,
  "training_gpu_2_memory_MB": 10,
  "training_gpu_3_memory_MB": 5739,
  "validation_start_acc": 0.03333333333333333,
  "validation_end_acc": 0.1,
  "validation_span_acc": 0.0,
  "validation_em": 0.0,
  "validation_f1": 0.1330193808352617,
  "validation_loss": 9.193699916203817,
  "best_validation_start_acc": 0.011111111111111112,
  "best_validation_end_acc": 0.03333333333333333,
  "best_validation_span_acc": 0.0,
  "best_validation_em": 0.0,
  "best_validation_f1": 0.10383135464863479,
  "best_validation_loss": 9.597540855407715
}