{
  "best_epoch": 7,
  "peak_cpu_memory_MB": 3853.092,
  "peak_gpu_0_memory_MB": 10787,
  "peak_gpu_1_memory_MB": 10,
  "peak_gpu_2_memory_MB": 7173,
  "peak_gpu_3_memory_MB": 6757,
  "training_duration": "00:09:13",
  "training_start_epoch": 0,
  "training_epochs": 16,
  "epoch": 16,
  "training_start_acc": 0.670995670995671,
  "training_end_acc": 0.7907647907647908,
  "training_span_acc": 0.5137085137085137,
  "training_em": 0.5223665223665224,
  "training_f1": 0.8371379862716871,
  "training_loss": 0.9434095560149713,
  "training_cpu_memory_MB": 3853.092,
  "training_gpu_0_memory_MB": 10787,
  "training_gpu_1_memory_MB": 10,
  "training_gpu_2_memory_MB": 7173,
  "training_gpu_3_memory_MB": 10,
  "validation_start_acc": 0.18888888888888888,
  "validation_end_acc": 0.16666666666666666,
  "validation_span_acc": 0.06666666666666667,
  "validation_em": 0.06666666666666667,
  "validation_f1": 0.27184305125832003,
  "validation_loss": 9.556624412536621,
  "best_validation_start_acc": 0.2222222222222222,
  "best_validation_end_acc": 0.18888888888888888,
  "best_validation_span_acc": 0.1,
  "best_validation_em": 0.1,
  "best_validation_f1": 0.3156999050140259,
  "best_validation_loss": 8.566896200180054
}