{
  "best_epoch": 6,
  "peak_cpu_memory_MB": 3659.656,
  "peak_gpu_0_memory_MB": 10787,
  "peak_gpu_1_memory_MB": 10,
  "peak_gpu_2_memory_MB": 10,
  "peak_gpu_3_memory_MB": 5705,
  "training_duration": "00:06:13",
  "training_start_epoch": 0,
  "training_epochs": 15,
  "epoch": 15,
  "training_start_acc": 0.9819121447028424,
  "training_end_acc": 0.9870801033591732,
  "training_span_acc": 0.9767441860465116,
  "training_em": 0.9483204134366925,
  "training_f1": 0.9752884966691514,
  "training_loss": 0.10093893557786941,
  "training_cpu_memory_MB": 3659.656,
  "training_gpu_0_memory_MB": 10787,
  "training_gpu_1_memory_MB": 10,
  "training_gpu_2_memory_MB": 10,
  "training_gpu_3_memory_MB": 5705,
  "validation_start_acc": 0.11494252873563218,
  "validation_end_acc": 0.16091954022988506,
  "validation_span_acc": 0.034482758620689655,
  "validation_em": 0.05747126436781609,
  "validation_f1": 0.2969549720778926,
  "validation_loss": 12.742056528727213,
  "best_validation_start_acc": 0.13793103448275862,
  "best_validation_end_acc": 0.12643678160919541,
  "best_validation_span_acc": 0.08045977011494253,
  "best_validation_em": 0.11494252873563218,
  "best_validation_f1": 0.3257766779404471,
  "best_validation_loss": 9.49939751625061
}