{
  "best_epoch": 12,
  "peak_cpu_memory_MB": 3856.236,
  "peak_gpu_0_memory_MB": 10,
  "peak_gpu_1_memory_MB": 10,
  "peak_gpu_2_memory_MB": 10,
  "peak_gpu_3_memory_MB": 4237,
  "training_duration": "00:14:29",
  "training_start_epoch": 0,
  "training_epochs": 19,
  "epoch": 19,
  "training_start_acc": 0.6671597633136095,
  "training_end_acc": 0.7677514792899408,
  "training_span_acc": 0.5044378698224852,
  "training_em": 0.5133136094674556,
  "training_f1": 0.8125984021141893,
  "training_loss": 1.0018636702105057,
  "training_cpu_memory_MB": 3856.236,
  "training_gpu_0_memory_MB": 10,
  "training_gpu_1_memory_MB": 10,
  "training_gpu_2_memory_MB": 10,
  "training_gpu_3_memory_MB": 4237,
  "validation_start_acc": 0.13793103448275862,
  "validation_end_acc": 0.26436781609195403,
  "validation_span_acc": 0.08045977011494253,
  "validation_em": 0.12643678160919541,
  "validation_f1": 0.3905024990745492,
  "validation_loss": 10.286487579345703,
  "best_validation_start_acc": 0.1724137931034483,
  "best_validation_end_acc": 0.2413793103448276,
  "best_validation_span_acc": 0.11494252873563218,
  "best_validation_em": 0.19540229885057472,
  "best_validation_f1": 0.437379571066364,
  "best_validation_loss": 9.26052188873291
}