{
  "best_epoch": 8,
  "peak_cpu_memory_MB": 3866.676,
  "peak_gpu_0_memory_MB": 10,
  "peak_gpu_1_memory_MB": 10,
  "peak_gpu_2_memory_MB": 10,
  "peak_gpu_3_memory_MB": 4237,
  "training_duration": "00:05:09",
  "training_start_epoch": 0,
  "training_epochs": 17,
  "epoch": 17,
  "training_start_acc": 0.691131498470948,
  "training_end_acc": 0.7706422018348624,
  "training_span_acc": 0.5657492354740061,
  "training_em": 0.5565749235474006,
  "training_f1": 0.8166712585449656,
  "training_loss": 1.0395689067386447,
  "training_cpu_memory_MB": 3866.676,
  "training_gpu_0_memory_MB": 10,
  "training_gpu_1_memory_MB": 10,
  "training_gpu_2_memory_MB": 10,
  "training_gpu_3_memory_MB": 4237,
  "validation_start_acc": 0.04395604395604396,
  "validation_end_acc": 0.14285714285714285,
  "validation_span_acc": 0.03296703296703297,
  "validation_em": 0.03296703296703297,
  "validation_f1": 0.1945580759553724,
  "validation_loss": 10.598533153533936,
  "best_validation_start_acc": 0.07692307692307693,
  "best_validation_end_acc": 0.15384615384615385,
  "best_validation_span_acc": 0.04395604395604396,
  "best_validation_em": 0.04395604395604396,
  "best_validation_f1": 0.20174428716447945,
  "best_validation_loss": 9.503403663635254
}