{
  "best_epoch": 8,
  "peak_cpu_memory_MB": 3554.14,
  "peak_gpu_0_memory_MB": 10,
  "peak_gpu_1_memory_MB": 10,
  "peak_gpu_2_memory_MB": 10,
  "peak_gpu_3_memory_MB": 4761,
  "training_duration": "00:10:28",
  "training_start_epoch": 0,
  "training_epochs": 17,
  "epoch": 17,
  "training_start_acc": 0.9950556242274413,
  "training_end_acc": 0.9938195302843016,
  "training_span_acc": 0.9913473423980222,
  "training_em": 0.9505562422744128,
  "training_f1": 0.9767736451483072,
  "training_loss": 0.03865021502361724,
  "training_cpu_memory_MB": 3554.14,
  "training_gpu_0_memory_MB": 10,
  "training_gpu_1_memory_MB": 10,
  "training_gpu_2_memory_MB": 10,
  "training_gpu_3_memory_MB": 4761,
  "validation_start_acc": 0.16483516483516483,
  "validation_end_acc": 0.21978021978021978,
  "validation_span_acc": 0.12087912087912088,
  "validation_em": 0.12087912087912088,
  "validation_f1": 0.3101778800222455,
  "validation_loss": 12.763398806254068,
  "best_validation_start_acc": 0.18681318681318682,
  "best_validation_end_acc": 0.25274725274725274,
  "best_validation_span_acc": 0.13186813186813187,
  "best_validation_em": 0.13186813186813187,
  "best_validation_f1": 0.3039114434511937,
  "best_validation_loss": 9.096460660298666
}