{
  "best_epoch": 0,
  "peak_cpu_memory_MB": 3621.028,
  "peak_gpu_0_memory_MB": 10787,
  "peak_gpu_1_memory_MB": 6755,
  "peak_gpu_2_memory_MB": 7173,
  "peak_gpu_3_memory_MB": 6755,
  "training_duration": "00:01:14",
  "training_start_epoch": 0,
  "training_epochs": 9,
  "epoch": 9,
  "training_start_acc": 0.4342105263157895,
  "training_end_acc": 0.3815789473684211,
  "training_span_acc": 0.2894736842105263,
  "training_em": 0.2894736842105263,
  "training_f1": 0.3825172024191639,
  "training_loss": 2.884631872177124,
  "training_cpu_memory_MB": 3621.028,
  "training_gpu_0_memory_MB": 10787,
  "training_gpu_1_memory_MB": 6755,
  "training_gpu_2_memory_MB": 7173,
  "training_gpu_3_memory_MB": 6755,
  "validation_start_acc": 0.03333333333333333,
  "validation_end_acc": 0.08888888888888889,
  "validation_span_acc": 0.0,
  "validation_em": 0.0,
  "validation_f1": 0.17882371032996827,
  "validation_loss": 9.074568748474121,
  "best_validation_start_acc": 0.05555555555555555,
  "best_validation_end_acc": 0.044444444444444446,
  "best_validation_span_acc": 0.011111111111111112,
  "best_validation_em": 0.011111111111111112,
  "best_validation_f1": 0.15814004083600483,
  "best_validation_loss": 9.332333405812582
}