{
  "best_epoch": 13,
  "peak_cpu_memory_MB": 3866.676,
  "peak_gpu_0_memory_MB": 10,
  "peak_gpu_1_memory_MB": 10,
  "peak_gpu_2_memory_MB": 10,
  "peak_gpu_3_memory_MB": 4237,
  "training_duration": "00:05:57",
  "training_start_epoch": 0,
  "training_epochs": 19,
  "epoch": 19,
  "training_start_acc": 0.7342857142857143,
  "training_end_acc": 0.8171428571428572,
  "training_span_acc": 0.6085714285714285,
  "training_em": 0.6057142857142858,
  "training_f1": 0.8614781742593488,
  "training_loss": 0.8562855585054918,
  "training_cpu_memory_MB": 3866.676,
  "training_gpu_0_memory_MB": 10,
  "training_gpu_1_memory_MB": 10,
  "training_gpu_2_memory_MB": 10,
  "training_gpu_3_memory_MB": 4237,
  "validation_start_acc": 0.17777777777777778,
  "validation_end_acc": 0.12222222222222222,
  "validation_span_acc": 0.05555555555555555,
  "validation_em": 0.05555555555555555,
  "validation_f1": 0.2182543408342129,
  "validation_loss": 10.860481103261312,
  "best_validation_start_acc": 0.18888888888888888,
  "best_validation_end_acc": 0.15555555555555556,
  "best_validation_span_acc": 0.1,
  "best_validation_em": 0.1,
  "best_validation_f1": 0.23603705419455234,
  "best_validation_loss": 10.109900951385498
}