{
  "best_epoch": 16,
  "peak_cpu_memory_MB": 2721.744,
  "peak_gpu_0_memory_MB": 10,
  "peak_gpu_1_memory_MB": 10,
  "peak_gpu_2_memory_MB": 10,
  "peak_gpu_3_memory_MB": 4867,
  "training_duration": "00:04:01",
  "training_start_epoch": 0,
  "training_epochs": 19,
  "epoch": 19,
  "training_start_acc": 0.504424778761062,
  "training_end_acc": 0.7010816125860374,
  "training_span_acc": 0.3529990167158309,
  "training_em": 0.3697148475909538,
  "training_f1": 0.7399574253018071,
  "training_loss": 2.3188748229295015,
  "training_cpu_memory_MB": 2721.744,
  "training_gpu_0_memory_MB": 10,
  "training_gpu_1_memory_MB": 10,
  "training_gpu_2_memory_MB": 10,
  "training_gpu_3_memory_MB": 4867,
  "validation_start_acc": 0.11494252873563218,
  "validation_end_acc": 0.1724137931034483,
  "validation_span_acc": 0.04597701149425287,
  "validation_em": 0.11494252873563218,
  "validation_f1": 0.3167014140840862,
  "validation_loss": 9.254872639973959,
  "best_validation_start_acc": 0.11494252873563218,
  "best_validation_end_acc": 0.1839080459770115,
  "best_validation_span_acc": 0.06896551724137931,
  "best_validation_em": 0.12643678160919541,
  "best_validation_f1": 0.31717869205685295,
  "best_validation_loss": 9.275071461995443
}