{
  "best_epoch": 8,
  "peak_cpu_memory_MB": 2739.988,
  "peak_gpu_0_memory_MB": 6121,
  "peak_gpu_1_memory_MB": 0,
  "peak_gpu_2_memory_MB": 0,
  "peak_gpu_3_memory_MB": 607,
  "training_duration": "00:02:28",
  "training_start_epoch": 0,
  "training_epochs": 17,
  "epoch": 17,
  "training_start_acc": 0.3251833740831296,
  "training_end_acc": 0.2762836185819071,
  "training_span_acc": 0.1980440097799511,
  "training_em": 0.20293398533007334,
  "training_f1": 0.305487662970625,
  "training_loss": 3.611683276983408,
  "training_cpu_memory_MB": 2739.988,
  "training_gpu_0_memory_MB": 6121,
  "training_gpu_1_memory_MB": 0,
  "training_gpu_2_memory_MB": 0,
  "training_gpu_3_memory_MB": 607,
  "validation_start_acc": 0.07777777777777778,
  "validation_end_acc": 0.1111111111111111,
  "validation_span_acc": 0.022222222222222223,
  "validation_em": 0.022222222222222223,
  "validation_f1": 0.14952638137984764,
  "validation_loss": 11.669995625813803,
  "best_validation_start_acc": 0.05555555555555555,
  "best_validation_end_acc": 0.14444444444444443,
  "best_validation_span_acc": 0.022222222222222223,
  "best_validation_em": 0.03333333333333333,
  "best_validation_f1": 0.15859007294918295,
  "best_validation_loss": 9.618202686309814
}