{
  "best_epoch": 0,
  "peak_cpu_memory_MB": 3621.028,
  "peak_gpu_0_memory_MB": 10787,
  "peak_gpu_1_memory_MB": 6755,
  "peak_gpu_2_memory_MB": 7173,
  "peak_gpu_3_memory_MB": 6755,
  "training_duration": "00:01:23",
  "training_start_epoch": 0,
  "training_epochs": 9,
  "epoch": 9,
  "training_start_acc": 0.4117647058823529,
  "training_end_acc": 0.4,
  "training_span_acc": 0.2823529411764706,
  "training_em": 0.25882352941176473,
  "training_f1": 0.38981233103217194,
  "training_loss": 3.170992056528727,
  "training_cpu_memory_MB": 3621.028,
  "training_gpu_0_memory_MB": 10787,
  "training_gpu_1_memory_MB": 6755,
  "training_gpu_2_memory_MB": 7173,
  "training_gpu_3_memory_MB": 6755,
  "validation_start_acc": 0.06666666666666667,
  "validation_end_acc": 0.08888888888888889,
  "validation_span_acc": 0.011111111111111112,
  "validation_em": 0.022222222222222223,
  "validation_f1": 0.15777975915737277,
  "validation_loss": 9.936200936635336,
  "best_validation_start_acc": 0.06666666666666667,
  "best_validation_end_acc": 0.1111111111111111,
  "best_validation_span_acc": 0.022222222222222223,
  "best_validation_em": 0.022222222222222223,
  "best_validation_f1": 0.14868192259789811,
  "best_validation_loss": 9.581496715545654
}