{
  "best_epoch": 4,
  "peak_cpu_memory_MB": 3632.992,
  "peak_gpu_0_memory_MB": 10,
  "peak_gpu_1_memory_MB": 10,
  "peak_gpu_2_memory_MB": 10,
  "peak_gpu_3_memory_MB": 5731,
  "training_duration": "00:03:06",
  "training_start_epoch": 0,
  "training_epochs": 13,
  "epoch": 13,
  "training_start_acc": 0.8373205741626795,
  "training_end_acc": 0.7511961722488039,
  "training_span_acc": 0.7607655502392344,
  "training_em": 0.7607655502392344,
  "training_f1": 0.8083823524978414,
  "training_loss": 1.0950567999056406,
  "training_cpu_memory_MB": 3632.992,
  "training_gpu_0_memory_MB": 10,
  "training_gpu_1_memory_MB": 10,
  "training_gpu_2_memory_MB": 10,
  "training_gpu_3_memory_MB": 5731,
  "validation_start_acc": 0.06666666666666667,
  "validation_end_acc": 0.06666666666666667,
  "validation_span_acc": 0.03333333333333333,
  "validation_em": 0.03333333333333333,
  "validation_f1": 0.14129591189553597,
  "validation_loss": 11.781551678975424,
  "best_validation_start_acc": 0.08888888888888889,
  "best_validation_end_acc": 0.07777777777777778,
  "best_validation_span_acc": 0.05555555555555555,
  "best_validation_em": 0.06666666666666667,
  "best_validation_f1": 0.18652141286451915,
  "best_validation_loss": 8.421290953954061
}