{
  "best_epoch": 18,
  "peak_cpu_memory_MB": 2721.744,
  "peak_gpu_0_memory_MB": 10,
  "peak_gpu_1_memory_MB": 10,
  "peak_gpu_2_memory_MB": 10,
  "peak_gpu_3_memory_MB": 4867,
  "training_duration": "00:02:47",
  "training_start_epoch": 0,
  "training_epochs": 19,
  "epoch": 19,
  "training_start_acc": 0.5390279823269514,
  "training_end_acc": 0.7039764359351989,
  "training_span_acc": 0.37702503681885124,
  "training_em": 0.39322533136966126,
  "training_f1": 0.7558286963978547,
  "training_loss": 2.157508076623429,
  "training_cpu_memory_MB": 2721.744,
  "training_gpu_0_memory_MB": 10,
  "training_gpu_1_memory_MB": 10,
  "training_gpu_2_memory_MB": 10,
  "training_gpu_3_memory_MB": 4867,
  "validation_start_acc": 0.04395604395604396,
  "validation_end_acc": 0.17582417582417584,
  "validation_span_acc": 0.03296703296703297,
  "validation_em": 0.054945054945054944,
  "validation_f1": 0.28049230738027214,
  "validation_loss": 11.860787391662598,
  "best_validation_start_acc": 0.054945054945054944,
  "best_validation_end_acc": 0.17582417582417584,
  "best_validation_span_acc": 0.04395604395604396,
  "best_validation_em": 0.07692307692307693,
  "best_validation_f1": 0.28688100190867866,
  "best_validation_loss": 11.589133739471436
}