{
  "best_epoch": 14,
  "peak_cpu_memory_MB": 2666.48,
  "peak_gpu_0_memory_MB": 10787,
  "peak_gpu_1_memory_MB": 10,
  "peak_gpu_2_memory_MB": 10,
  "peak_gpu_3_memory_MB": 8858,
  "training_duration": "00:03:56",
  "training_start_epoch": 0,
  "training_epochs": 19,
  "epoch": 19,
  "training_start_acc": 0.8728395061728395,
  "training_end_acc": 0.9222222222222223,
  "training_span_acc": 0.825925925925926,
  "training_em": 0.8222222222222222,
  "training_f1": 0.9214475209274906,
  "training_loss": 0.7047566964345819,
  "training_cpu_memory_MB": 2666.48,
  "training_gpu_0_memory_MB": 10787,
  "training_gpu_1_memory_MB": 10,
  "training_gpu_2_memory_MB": 10,
  "training_gpu_3_memory_MB": 8858,
  "validation_start_acc": 0.06666666666666667,
  "validation_end_acc": 0.17777777777777778,
  "validation_span_acc": 0.06666666666666667,
  "validation_em": 0.06666666666666667,
  "validation_f1": 0.23608509127413116,
  "validation_loss": 13.457696278889975,
  "best_validation_start_acc": 0.13333333333333333,
  "best_validation_end_acc": 0.17777777777777778,
  "best_validation_span_acc": 0.07777777777777778,
  "best_validation_em": 0.08888888888888889,
  "best_validation_f1": 0.29025066306342856,
  "best_validation_loss": 10.912915229797363
}