{
  "best_epoch": 6,
  "peak_cpu_memory_MB": 2721.744,
  "peak_gpu_0_memory_MB": 10,
  "peak_gpu_1_memory_MB": 10,
  "peak_gpu_2_memory_MB": 10,
  "peak_gpu_3_memory_MB": 4869,
  "training_duration": "00:01:04",
  "training_start_epoch": 0,
  "training_epochs": 15,
  "epoch": 15,
  "training_start_acc": 0.2713864306784661,
  "training_end_acc": 0.4218289085545723,
  "training_span_acc": 0.13864306784660768,
  "training_em": 0.15339233038348082,
  "training_f1": 0.43119193196328687,
  "training_loss": 4.635048302737149,
  "training_cpu_memory_MB": 2721.744,
  "training_gpu_0_memory_MB": 10,
  "training_gpu_1_memory_MB": 10,
  "training_gpu_2_memory_MB": 10,
  "training_gpu_3_memory_MB": 4869,
  "validation_start_acc": 0.04597701149425287,
  "validation_end_acc": 0.06896551724137931,
  "validation_span_acc": 0.0,
  "validation_em": 0.011494252873563218,
  "validation_f1": 0.22026385796142406,
  "validation_loss": 10.339446862538656,
  "best_validation_start_acc": 0.04597701149425287,
  "best_validation_end_acc": 0.05747126436781609,
  "best_validation_span_acc": 0.011494252873563218,
  "best_validation_em": 0.034482758620689655,
  "best_validation_f1": 0.2218106280130018,
  "best_validation_loss": 8.953577836354574
}