{
  "best_epoch": 17,
  "peak_cpu_memory_MB": 3656.94,
  "peak_gpu_0_memory_MB": 8903,
  "peak_gpu_1_memory_MB": 10,
  "peak_gpu_2_memory_MB": 10,
  "peak_gpu_3_memory_MB": 5731,
  "training_duration": "00:05:16",
  "training_start_epoch": 0,
  "training_epochs": 19,
  "epoch": 19,
  "training_start_acc": 0.9949494949494949,
  "training_end_acc": 0.9848484848484849,
  "training_span_acc": 0.9848484848484849,
  "training_em": 0.9545454545454546,
  "training_f1": 0.977939322850968,
  "training_loss": 0.1380638394218225,
  "training_cpu_memory_MB": 3656.94,
  "training_gpu_0_memory_MB": 8903,
  "training_gpu_1_memory_MB": 10,
  "training_gpu_2_memory_MB": 10,
  "training_gpu_3_memory_MB": 5731,
  "validation_start_acc": 0.14444444444444443,
  "validation_end_acc": 0.13333333333333333,
  "validation_span_acc": 0.05555555555555555,
  "validation_em": 0.07777777777777778,
  "validation_f1": 0.20970280145545656,
  "validation_loss": 11.139387766520182,
  "best_validation_start_acc": 0.17777777777777778,
  "best_validation_end_acc": 0.16666666666666666,
  "best_validation_span_acc": 0.1,
  "best_validation_em": 0.1111111111111111,
  "best_validation_f1": 0.23764786237767643,
  "best_validation_loss": 10.417834758758545
}