{
  "best_epoch": 8,
  "peak_cpu_memory_MB": 3659.656,
  "peak_gpu_0_memory_MB": 10787,
  "peak_gpu_1_memory_MB": 10,
  "peak_gpu_2_memory_MB": 10,
  "peak_gpu_3_memory_MB": 5705,
  "training_duration": "00:07:26",
  "training_start_epoch": 0,
  "training_epochs": 17,
  "epoch": 17,
  "training_start_acc": 1.0,
  "training_end_acc": 0.9900249376558603,
  "training_span_acc": 0.9900249376558603,
  "training_em": 0.9551122194513716,
  "training_f1": 0.9795256021872144,
  "training_loss": 0.052679260834478416,
  "training_cpu_memory_MB": 3659.656,
  "training_gpu_0_memory_MB": 10787,
  "training_gpu_1_memory_MB": 10,
  "training_gpu_2_memory_MB": 10,
  "training_gpu_3_memory_MB": 5705,
  "validation_start_acc": 0.15555555555555556,
  "validation_end_acc": 0.16666666666666666,
  "validation_span_acc": 0.12222222222222222,
  "validation_em": 0.13333333333333333,
  "validation_f1": 0.2996806672440041,
  "validation_loss": 12.620644887288412,
  "best_validation_start_acc": 0.15555555555555556,
  "best_validation_end_acc": 0.15555555555555556,
  "best_validation_span_acc": 0.13333333333333333,
  "best_validation_em": 0.16666666666666666,
  "best_validation_f1": 0.301843920890539,
  "best_validation_loss": 9.377319494883219
}