{
  "best_epoch": 8,
  "peak_cpu_memory_MB": 3856.236,
  "peak_gpu_0_memory_MB": 10,
  "peak_gpu_1_memory_MB": 10,
  "peak_gpu_2_memory_MB": 10,
  "peak_gpu_3_memory_MB": 4237,
  "training_duration": "00:13:46",
  "training_start_epoch": 0,
  "training_epochs": 17,
  "epoch": 17,
  "training_start_acc": 0.7142857142857143,
  "training_end_acc": 0.759941089837997,
  "training_span_acc": 0.5508100147275405,
  "training_em": 0.5493372606774669,
  "training_f1": 0.8256211363044755,
  "training_loss": 0.969320883584577,
  "training_cpu_memory_MB": 3856.236,
  "training_gpu_0_memory_MB": 10,
  "training_gpu_1_memory_MB": 10,
  "training_gpu_2_memory_MB": 10,
  "training_gpu_3_memory_MB": 4237,
  "validation_start_acc": 0.07692307692307693,
  "validation_end_acc": 0.24175824175824176,
  "validation_span_acc": 0.04395604395604396,
  "validation_em": 0.08791208791208792,
  "validation_f1": 0.31405125428975594,
  "validation_loss": 11.922544161478678,
  "best_validation_start_acc": 0.13186813186813187,
  "best_validation_end_acc": 0.15384615384615385,
  "best_validation_span_acc": 0.06593406593406594,
  "best_validation_em": 0.10989010989010989,
  "best_validation_f1": 0.28593036775088965,
  "best_validation_loss": 9.594236691792807
}