{
  "best_epoch": 12,
  "peak_cpu_memory_MB": 2721.744,
  "peak_gpu_0_memory_MB": 10,
  "peak_gpu_1_memory_MB": 10,
  "peak_gpu_2_memory_MB": 10,
  "peak_gpu_3_memory_MB": 4867,
  "training_duration": "00:04:17",
  "training_start_epoch": 0,
  "training_epochs": 19,
  "epoch": 19,
  "training_start_acc": 0.6161904761904762,
  "training_end_acc": 0.76,
  "training_span_acc": 0.4657142857142857,
  "training_em": 0.4876190476190476,
  "training_f1": 0.8155055203465528,
  "training_loss": 1.634751325303858,
  "training_cpu_memory_MB": 2721.744,
  "training_gpu_0_memory_MB": 10,
  "training_gpu_1_memory_MB": 10,
  "training_gpu_2_memory_MB": 10,
  "training_gpu_3_memory_MB": 4867,
  "validation_start_acc": 0.17777777777777778,
  "validation_end_acc": 0.2,
  "validation_span_acc": 0.1111111111111111,
  "validation_em": 0.12222222222222222,
  "validation_f1": 0.3648903831478644,
  "validation_loss": 9.44052235285441,
  "best_validation_start_acc": 0.13333333333333333,
  "best_validation_end_acc": 0.2222222222222222,
  "best_validation_span_acc": 0.07777777777777778,
  "best_validation_em": 0.12222222222222222,
  "best_validation_f1": 0.3463548666424045,
  "best_validation_loss": 8.506239891052246
}