{
  "best_epoch": 4,
  "peak_cpu_memory_MB": 2739.988,
  "peak_gpu_0_memory_MB": 6121,
  "peak_gpu_1_memory_MB": 0,
  "peak_gpu_2_memory_MB": 0,
  "peak_gpu_3_memory_MB": 607,
  "training_duration": "00:01:14",
  "training_start_epoch": 0,
  "training_epochs": 13,
  "epoch": 13,
  "training_start_acc": 0.2608695652173913,
  "training_end_acc": 0.25120772946859904,
  "training_span_acc": 0.15458937198067632,
  "training_em": 0.15458937198067632,
  "training_f1": 0.23771786523881097,
  "training_loss": 3.6648185436542215,
  "training_cpu_memory_MB": 2739.988,
  "training_gpu_0_memory_MB": 6121,
  "training_gpu_1_memory_MB": 0,
  "training_gpu_2_memory_MB": 0,
  "training_gpu_3_memory_MB": 607,
  "validation_start_acc": 0.07777777777777778,
  "validation_end_acc": 0.12222222222222222,
  "validation_span_acc": 0.022222222222222223,
  "validation_em": 0.022222222222222223,
  "validation_f1": 0.16239883706763994,
  "validation_loss": 11.584141254425049,
  "best_validation_start_acc": 0.06666666666666667,
  "best_validation_end_acc": 0.15555555555555556,
  "best_validation_span_acc": 0.03333333333333333,
  "best_validation_em": 0.03333333333333333,
  "best_validation_f1": 0.14853713665635662,
  "best_validation_loss": 8.167269388834635
}