{
  "best_epoch": 14,
  "peak_cpu_memory_MB": 2708.152,
  "peak_gpu_0_memory_MB": 8903,
  "peak_gpu_1_memory_MB": 10,
  "peak_gpu_2_memory_MB": 10,
  "peak_gpu_3_memory_MB": 4867,
  "training_duration": "00:02:03",
  "training_start_epoch": 0,
  "training_epochs": 19,
  "epoch": 19,
  "training_start_acc": 0.7683333333333333,
  "training_end_acc": 0.7766666666666666,
  "training_span_acc": 0.6966666666666667,
  "training_em": 0.715,
  "training_f1": 0.8189114371204459,
  "training_loss": 1.428669400905308,
  "training_cpu_memory_MB": 2708.152,
  "training_gpu_0_memory_MB": 8903,
  "training_gpu_1_memory_MB": 10,
  "training_gpu_2_memory_MB": 10,
  "training_gpu_3_memory_MB": 4867,
  "validation_start_acc": 0.09195402298850575,
  "validation_end_acc": 0.11494252873563218,
  "validation_span_acc": 0.04597701149425287,
  "validation_em": 0.05747126436781609,
  "validation_f1": 0.290974665561349,
  "validation_loss": 11.885479927062988,
  "best_validation_start_acc": 0.13793103448275862,
  "best_validation_end_acc": 0.09195402298850575,
  "best_validation_span_acc": 0.06896551724137931,
  "best_validation_em": 0.08045977011494253,
  "best_validation_f1": 0.24002845785599253,
  "best_validation_loss": 10.682822068532309
}