{
  "best_epoch": 7,
  "peak_cpu_memory_MB": 4614.648,
  "peak_gpu_0_memory_MB": 10,
  "peak_gpu_1_memory_MB": 10,
  "peak_gpu_2_memory_MB": 4413,
  "peak_gpu_3_memory_MB": 1993,
  "training_duration": "00:02:56",
  "training_start_epoch": 0,
  "training_epochs": 16,
  "epoch": 16,
  "training_start_acc": 0.03333333333333333,
  "training_end_acc": 0.15151515151515152,
  "training_span_acc": 0.004545454545454545,
  "training_em": 0.0030303030303030303,
  "training_f1": 0.18229268953886432,
  "training_loss": 7.739117043358939,
  "training_cpu_memory_MB": 4614.648,
  "training_gpu_0_memory_MB": 10,
  "training_gpu_1_memory_MB": 10,
  "training_gpu_2_memory_MB": 4413,
  "training_gpu_3_memory_MB": 1993,
  "validation_start_acc": 0.022222222222222223,
  "validation_end_acc": 0.05555555555555555,
  "validation_span_acc": 0.0,
  "validation_em": 0.0,
  "validation_f1": 0.11924236487931492,
  "validation_loss": 8.728161017100016,
  "best_validation_start_acc": 0.03333333333333333,
  "best_validation_end_acc": 0.05555555555555555,
  "best_validation_span_acc": 0.011111111111111112,
  "best_validation_em": 0.022222222222222223,
  "best_validation_f1": 0.1386793633252714,
  "best_validation_loss": 8.918215274810791
}