{
  "best_epoch": 11,
  "peak_cpu_memory_MB": 3856.236,
  "peak_gpu_0_memory_MB": 10,
  "peak_gpu_1_memory_MB": 10,
  "peak_gpu_2_memory_MB": 10,
  "peak_gpu_3_memory_MB": 4237,
  "training_duration": "00:23:00",
  "training_start_epoch": 0,
  "training_epochs": 19,
  "epoch": 19,
  "training_start_acc": 0.7056567593480345,
  "training_end_acc": 0.7679769894534996,
  "training_span_acc": 0.5282837967401726,
  "training_em": 0.5340364333652924,
  "training_f1": 0.8212803112800039,
  "training_loss": 0.8984904338916143,
  "training_cpu_memory_MB": 3856.236,
  "training_gpu_0_memory_MB": 10,
  "training_gpu_1_memory_MB": 10,
  "training_gpu_2_memory_MB": 10,
  "training_gpu_3_memory_MB": 4237,
  "validation_start_acc": 0.17777777777777778,
  "validation_end_acc": 0.2,
  "validation_span_acc": 0.07777777777777778,
  "validation_em": 0.12222222222222222,
  "validation_f1": 0.3267340447968004,
  "validation_loss": 10.46039366722107,
  "best_validation_start_acc": 0.23333333333333334,
  "best_validation_end_acc": 0.23333333333333334,
  "best_validation_span_acc": 0.15555555555555556,
  "best_validation_em": 0.2111111111111111,
  "best_validation_f1": 0.3843261149225579,
  "best_validation_loss": 8.126167933146158
}