{
  "best_epoch": 9,
  "peak_cpu_memory_MB": 3659.656,
  "peak_gpu_0_memory_MB": 10787,
  "peak_gpu_1_memory_MB": 10,
  "peak_gpu_2_memory_MB": 10,
  "peak_gpu_3_memory_MB": 5705,
  "training_duration": "00:10:46",
  "training_start_epoch": 0,
  "training_epochs": 18,
  "epoch": 18,
  "training_start_acc": 0.9933665008291874,
  "training_end_acc": 0.9933665008291874,
  "training_span_acc": 0.9933665008291874,
  "training_em": 0.9502487562189055,
  "training_f1": 0.9803391096999081,
  "training_loss": 0.04090847525941698,
  "training_cpu_memory_MB": 3659.656,
  "training_gpu_0_memory_MB": 10787,
  "training_gpu_1_memory_MB": 10,
  "training_gpu_2_memory_MB": 10,
  "training_gpu_3_memory_MB": 5705,
  "validation_start_acc": 0.1111111111111111,
  "validation_end_acc": 0.2222222222222222,
  "validation_span_acc": 0.05555555555555555,
  "validation_em": 0.08888888888888889,
  "validation_f1": 0.2795981381094309,
  "validation_loss": 13.22116788228353,
  "best_validation_start_acc": 0.14444444444444443,
  "best_validation_end_acc": 0.18888888888888888,
  "best_validation_span_acc": 0.1,
  "best_validation_em": 0.12222222222222222,
  "best_validation_f1": 0.2876794823827056,
  "best_validation_loss": 9.25197203954061
}