{
  "best_epoch": 16,
  "peak_cpu_memory_MB": 3656.02,
  "peak_gpu_0_memory_MB": 10,
  "peak_gpu_1_memory_MB": 10,
  "peak_gpu_2_memory_MB": 10,
  "peak_gpu_3_memory_MB": 4761,
  "training_duration": "00:11:49",
  "training_start_epoch": 0,
  "training_epochs": 19,
  "epoch": 19,
  "training_start_acc": 1.0,
  "training_end_acc": 0.9987654320987654,
  "training_span_acc": 0.9987654320987654,
  "training_em": 0.9567901234567902,
  "training_f1": 0.9825034224731289,
  "training_loss": 0.013748521633519261,
  "training_cpu_memory_MB": 3656.02,
  "training_gpu_0_memory_MB": 10,
  "training_gpu_1_memory_MB": 10,
  "training_gpu_2_memory_MB": 10,
  "training_gpu_3_memory_MB": 4761,
  "validation_start_acc": 0.2222222222222222,
  "validation_end_acc": 0.18888888888888888,
  "validation_span_acc": 0.1111111111111111,
  "validation_em": 0.1111111111111111,
  "validation_f1": 0.27918197157513586,
  "validation_loss": 13.255545298258463,
  "best_validation_start_acc": 0.2222222222222222,
  "best_validation_end_acc": 0.2111111111111111,
  "best_validation_span_acc": 0.15555555555555556,
  "best_validation_em": 0.15555555555555556,
  "best_validation_f1": 0.29801777338720975,
  "best_validation_loss": 12.418283939361572
}