{
  "best_epoch": 9,
  "peak_cpu_memory_MB": 3853.092,
  "peak_gpu_0_memory_MB": 10787,
  "peak_gpu_1_memory_MB": 6759,
  "peak_gpu_2_memory_MB": 7173,
  "peak_gpu_3_memory_MB": 6757,
  "training_duration": "00:10:54",
  "training_start_epoch": 0,
  "training_epochs": 18,
  "epoch": 18,
  "training_start_acc": 0.6725925925925926,
  "training_end_acc": 0.7748148148148148,
  "training_span_acc": 0.49925925925925924,
  "training_em": 0.5111111111111111,
  "training_f1": 0.8255065471673628,
  "training_loss": 0.9348991152852081,
  "training_cpu_memory_MB": 3853.092,
  "training_gpu_0_memory_MB": 10787,
  "training_gpu_1_memory_MB": 10,
  "training_gpu_2_memory_MB": 7173,
  "training_gpu_3_memory_MB": 6757,
  "validation_start_acc": 0.15555555555555556,
  "validation_end_acc": 0.2111111111111111,
  "validation_span_acc": 0.1,
  "validation_em": 0.1111111111111111,
  "validation_f1": 0.2874165639112264,
  "validation_loss": 10.123729705810547,
  "best_validation_start_acc": 0.2222222222222222,
  "best_validation_end_acc": 0.18888888888888888,
  "best_validation_span_acc": 0.08888888888888889,
  "best_validation_em": 0.1111111111111111,
  "best_validation_f1": 0.2701512885346367,
  "best_validation_loss": 8.389033476511637
}