{
  "best_epoch": 10,
  "peak_cpu_memory_MB": 2721.744,
  "peak_gpu_0_memory_MB": 10,
  "peak_gpu_1_memory_MB": 10,
  "peak_gpu_2_memory_MB": 10,
  "peak_gpu_3_memory_MB": 4867,
  "training_duration": "00:02:35",
  "training_start_epoch": 0,
  "training_epochs": 19,
  "epoch": 19,
  "training_start_acc": 0.5361702127659574,
  "training_end_acc": 0.7177304964539007,
  "training_span_acc": 0.3574468085106383,
  "training_em": 0.375886524822695,
  "training_f1": 0.754322710558178,
  "training_loss": 2.2675721009572345,
  "training_cpu_memory_MB": 2721.744,
  "training_gpu_0_memory_MB": 10,
  "training_gpu_1_memory_MB": 10,
  "training_gpu_2_memory_MB": 10,
  "training_gpu_3_memory_MB": 4867,
  "validation_start_acc": 0.04395604395604396,
  "validation_end_acc": 0.24175824175824176,
  "validation_span_acc": 0.01098901098901099,
  "validation_em": 0.054945054945054944,
  "validation_f1": 0.29104906123520624,
  "validation_loss": 10.37184476852417,
  "best_validation_start_acc": 0.054945054945054944,
  "best_validation_end_acc": 0.1978021978021978,
  "best_validation_span_acc": 0.03296703296703297,
  "best_validation_em": 0.07692307692307693,
  "best_validation_f1": 0.2959235560434436,
  "best_validation_loss": 8.243416468302408
}