{
  "best_epoch": 7,
  "peak_cpu_memory_MB": 3853.092,
  "peak_gpu_0_memory_MB": 10787,
  "peak_gpu_1_memory_MB": 6755,
  "peak_gpu_2_memory_MB": 7173,
  "peak_gpu_3_memory_MB": 6755,
  "training_duration": "00:13:51",
  "training_start_epoch": 0,
  "training_epochs": 16,
  "epoch": 16,
  "training_start_acc": 0.6994219653179191,
  "training_end_acc": 0.7658959537572254,
  "training_span_acc": 0.5289017341040463,
  "training_em": 0.5308285163776493,
  "training_f1": 0.8232755484804357,
  "training_loss": 0.9499453590466426,
  "training_cpu_memory_MB": 3853.092,
  "training_gpu_0_memory_MB": 10787,
  "training_gpu_1_memory_MB": 6755,
  "training_gpu_2_memory_MB": 7173,
  "training_gpu_3_memory_MB": 6755,
  "validation_start_acc": 0.18888888888888888,
  "validation_end_acc": 0.35555555555555557,
  "validation_span_acc": 0.14444444444444443,
  "validation_em": 0.14444444444444443,
  "validation_f1": 0.3625269854981297,
  "validation_loss": 10.16125218073527,
  "best_validation_start_acc": 0.26666666666666666,
  "best_validation_end_acc": 0.34444444444444444,
  "best_validation_span_acc": 0.2111111111111111,
  "best_validation_em": 0.2222222222222222,
  "best_validation_f1": 0.40662424621707066,
  "best_validation_loss": 7.408342917760213
}