{
  "best_epoch": 9,
  "peak_cpu_memory_MB": 3656.94,
  "peak_gpu_0_memory_MB": 8903,
  "peak_gpu_1_memory_MB": 10,
  "peak_gpu_2_memory_MB": 10,
  "peak_gpu_3_memory_MB": 4785,
  "training_duration": "00:17:12",
  "training_start_epoch": 0,
  "training_epochs": 18,
  "epoch": 18,
  "training_start_acc": 0.991389913899139,
  "training_end_acc": 0.993849938499385,
  "training_span_acc": 0.990159901599016,
  "training_em": 0.9532595325953259,
  "training_f1": 0.9837627467371277,
  "training_loss": 0.05921734949829532,
  "training_cpu_memory_MB": 3656.94,
  "training_gpu_0_memory_MB": 8903,
  "training_gpu_1_memory_MB": 10,
  "training_gpu_2_memory_MB": 10,
  "training_gpu_3_memory_MB": 4785,
  "validation_start_acc": 0.16091954022988506,
  "validation_end_acc": 0.27586206896551724,
  "validation_span_acc": 0.10344827586206896,
  "validation_em": 0.16091954022988506,
  "validation_f1": 0.40534416013205443,
  "validation_loss": 13.148281733194986,
  "best_validation_start_acc": 0.25287356321839083,
  "best_validation_end_acc": 0.26436781609195403,
  "best_validation_span_acc": 0.1724137931034483,
  "best_validation_em": 0.20689655172413793,
  "best_validation_f1": 0.44528718273224793,
  "best_validation_loss": 9.062426567077637
}