{
  "best_epoch": 6,
  "peak_cpu_memory_MB": 3879.86,
  "peak_gpu_0_memory_MB": 10,
  "peak_gpu_1_memory_MB": 10,
  "peak_gpu_2_memory_MB": 10,
  "peak_gpu_3_memory_MB": 4237,
  "training_duration": "00:02:37",
  "training_start_epoch": 0,
  "training_epochs": 15,
  "epoch": 15,
  "training_start_acc": 0.6624203821656051,
  "training_end_acc": 0.7707006369426752,
  "training_span_acc": 0.4840764331210191,
  "training_em": 0.4840764331210191,
  "training_f1": 0.8071146516326463,
  "training_loss": 1.2485684335231781,
  "training_cpu_memory_MB": 3879.86,
  "training_gpu_0_memory_MB": 10,
  "training_gpu_1_memory_MB": 10,
  "training_gpu_2_memory_MB": 10,
  "training_gpu_3_memory_MB": 4237,
  "validation_start_acc": 0.06593406593406594,
  "validation_end_acc": 0.06593406593406594,
  "validation_span_acc": 0.02197802197802198,
  "validation_em": 0.02197802197802198,
  "validation_f1": 0.17751966096980626,
  "validation_loss": 10.67238156000773,
  "best_validation_start_acc": 0.054945054945054944,
  "best_validation_end_acc": 0.054945054945054944,
  "best_validation_span_acc": 0.04395604395604396,
  "best_validation_em": 0.04395604395604396,
  "best_validation_f1": 0.19538105848777373,
  "best_validation_loss": 9.707609335581461
}