{
  "best_epoch": 1,
  "peak_cpu_memory_MB": 3853.092,
  "peak_gpu_0_memory_MB": 10787,
  "peak_gpu_1_memory_MB": 10,
  "peak_gpu_2_memory_MB": 7173,
  "peak_gpu_3_memory_MB": 10,
  "training_duration": "00:01:39",
  "training_start_epoch": 0,
  "training_epochs": 10,
  "epoch": 10,
  "training_start_acc": 0.6363636363636364,
  "training_end_acc": 0.7024793388429752,
  "training_span_acc": 0.4793388429752066,
  "training_em": 0.4793388429752066,
  "training_f1": 0.7565765665327963,
  "training_loss": 1.6676262468099594,
  "training_cpu_memory_MB": 3853.092,
  "training_gpu_0_memory_MB": 10787,
  "training_gpu_1_memory_MB": 10,
  "training_gpu_2_memory_MB": 7173,
  "training_gpu_3_memory_MB": 10,
  "validation_start_acc": 0.05555555555555555,
  "validation_end_acc": 0.1,
  "validation_span_acc": 0.0,
  "validation_em": 0.0,
  "validation_f1": 0.16368324071802373,
  "validation_loss": 9.634457111358643,
  "best_validation_start_acc": 0.03333333333333333,
  "best_validation_end_acc": 0.06666666666666667,
  "best_validation_span_acc": 0.011111111111111112,
  "best_validation_em": 0.03333333333333333,
  "best_validation_f1": 0.14830145723498614,
  "best_validation_loss": 8.187415361404419
}