{
  "best_epoch": 17,
  "peak_cpu_memory_MB": 3632.992,
  "peak_gpu_0_memory_MB": 10,
  "peak_gpu_1_memory_MB": 10,
  "peak_gpu_2_memory_MB": 10,
  "peak_gpu_3_memory_MB": 5739,
  "training_duration": "00:00:48",
  "training_start_epoch": 0,
  "training_epochs": 19,
  "epoch": 19,
  "training_start_acc": 0.7450980392156863,
  "training_end_acc": 0.6519607843137255,
  "training_span_acc": 0.6127450980392157,
  "training_em": 0.5980392156862745,
  "training_f1": 0.6874037926363008,
  "training_loss": 1.721479764351478,
  "training_cpu_memory_MB": 3632.992,
  "training_gpu_0_memory_MB": 10,
  "training_gpu_1_memory_MB": 10,
  "training_gpu_2_memory_MB": 10,
  "training_gpu_3_memory_MB": 5739,
  "validation_start_acc": 0.022222222222222223,
  "validation_end_acc": 0.1111111111111111,
  "validation_span_acc": 0.044444444444444446,
  "validation_em": 0.06666666666666667,
  "validation_f1": 0.1788819881067655,
  "validation_loss": 12.348457336425781,
  "best_validation_start_acc": 0.022222222222222223,
  "best_validation_end_acc": 0.12222222222222222,
  "best_validation_span_acc": 0.044444444444444446,
  "best_validation_em": 0.06666666666666667,
  "best_validation_f1": 0.17826331980558793,
  "best_validation_loss": 12.203271865844727
}