{
  "best_epoch": 7,
  "peak_cpu_memory_MB": 3853.092,
  "peak_gpu_0_memory_MB": 10787,
  "peak_gpu_1_memory_MB": 10,
  "peak_gpu_2_memory_MB": 7173,
  "peak_gpu_3_memory_MB": 10,
  "training_duration": "00:03:26",
  "training_start_epoch": 0,
  "training_epochs": 16,
  "epoch": 16,
  "training_start_acc": 0.6809815950920245,
  "training_end_acc": 0.8220858895705522,
  "training_span_acc": 0.5276073619631901,
  "training_em": 0.5398773006134969,
  "training_f1": 0.8389345738023208,
  "training_loss": 1.0774397416548296,
  "training_cpu_memory_MB": 3853.092,
  "training_gpu_0_memory_MB": 10787,
  "training_gpu_1_memory_MB": 10,
  "training_gpu_2_memory_MB": 7173,
  "training_gpu_3_memory_MB": 10,
  "validation_start_acc": 0.05555555555555555,
  "validation_end_acc": 0.06666666666666667,
  "validation_span_acc": 0.022222222222222223,
  "validation_em": 0.044444444444444446,
  "validation_f1": 0.16932239806714353,
  "validation_loss": 10.494005680084229,
  "best_validation_start_acc": 0.1,
  "best_validation_end_acc": 0.1111111111111111,
  "best_validation_span_acc": 0.03333333333333333,
  "best_validation_em": 0.05555555555555555,
  "best_validation_f1": 0.18645620846553734,
  "best_validation_loss": 9.469764868418375
}