{
  "best_epoch": 6,
  "peak_cpu_memory_MB": 3003.64,
  "peak_gpu_0_memory_MB": 10787,
  "peak_gpu_1_memory_MB": 4159,
  "peak_gpu_2_memory_MB": 7173,
  "peak_gpu_3_memory_MB": 4159,
  "training_duration": "00:10:24",
  "training_start_epoch": 0,
  "training_epochs": 15,
  "epoch": 15,
  "training_start_acc": 0.9864197530864197,
  "training_end_acc": 0.991358024691358,
  "training_span_acc": 0.9814814814814815,
  "training_em": 0.9469135802469136,
  "training_f1": 0.9737223325039619,
  "training_loss": 0.0808760158206318,
  "training_cpu_memory_MB": 3003.636,
  "training_gpu_0_memory_MB": 10787,
  "training_gpu_1_memory_MB": 4159,
  "training_gpu_2_memory_MB": 7173,
  "training_gpu_3_memory_MB": 4159,
  "validation_start_acc": 0.18888888888888888,
  "validation_end_acc": 0.2222222222222222,
  "validation_span_acc": 0.07777777777777778,
  "validation_em": 0.16666666666666666,
  "validation_f1": 0.42786814098164055,
  "validation_loss": 13.103836059570312,
  "best_validation_start_acc": 0.14444444444444443,
  "best_validation_end_acc": 0.23333333333333334,
  "best_validation_span_acc": 0.12222222222222222,
  "best_validation_em": 0.18888888888888888,
  "best_validation_f1": 0.3434417820468938,
  "best_validation_loss": 8.58608881632487
}