{
  "best_epoch": 14,
  "peak_cpu_memory_MB": 3879.86,
  "peak_gpu_0_memory_MB": 10,
  "peak_gpu_1_memory_MB": 10,
  "peak_gpu_2_memory_MB": 10,
  "peak_gpu_3_memory_MB": 4237,
  "training_duration": "00:10:05",
  "training_start_epoch": 0,
  "training_epochs": 19,
  "epoch": 19,
  "training_start_acc": 0.6612426035502958,
  "training_end_acc": 0.7692307692307693,
  "training_span_acc": 0.5059171597633136,
  "training_em": 0.5088757396449705,
  "training_f1": 0.8071029426628602,
  "training_loss": 1.0065543707026992,
  "training_cpu_memory_MB": 3879.86,
  "training_gpu_0_memory_MB": 10,
  "training_gpu_1_memory_MB": 10,
  "training_gpu_2_memory_MB": 10,
  "training_gpu_3_memory_MB": 4237,
  "validation_start_acc": 0.12643678160919541,
  "validation_end_acc": 0.27586206896551724,
  "validation_span_acc": 0.06896551724137931,
  "validation_em": 0.11494252873563218,
  "validation_f1": 0.4011413380116182,
  "validation_loss": 10.297175884246826,
  "best_validation_start_acc": 0.1724137931034483,
  "best_validation_end_acc": 0.2413793103448276,
  "best_validation_span_acc": 0.12643678160919541,
  "best_validation_em": 0.19540229885057472,
  "best_validation_f1": 0.4096969010642337,
  "best_validation_loss": 9.672000567118326
}