{
  "best_epoch": 13,
  "peak_cpu_memory_MB": 3626.016,
  "peak_gpu_0_memory_MB": 10787,
  "peak_gpu_1_memory_MB": 6755,
  "peak_gpu_2_memory_MB": 7173,
  "peak_gpu_3_memory_MB": 6755,
  "training_duration": "00:07:50",
  "training_start_epoch": 0,
  "training_epochs": 19,
  "epoch": 19,
  "training_start_acc": 0.9975786924939467,
  "training_end_acc": 0.9951573849878934,
  "training_span_acc": 0.9927360774818402,
  "training_em": 0.9661016949152542,
  "training_f1": 0.9854690194535334,
  "training_loss": 0.05635977314355282,
  "training_cpu_memory_MB": 3626.016,
  "training_gpu_0_memory_MB": 10787,
  "training_gpu_1_memory_MB": 6755,
  "training_gpu_2_memory_MB": 7173,
  "training_gpu_3_memory_MB": 6755,
  "validation_start_acc": 0.14444444444444443,
  "validation_end_acc": 0.25555555555555554,
  "validation_span_acc": 0.07777777777777778,
  "validation_em": 0.1,
  "validation_f1": 0.3414845068187914,
  "validation_loss": 12.29362408320109,
  "best_validation_start_acc": 0.17777777777777778,
  "best_validation_end_acc": 0.32222222222222224,
  "best_validation_span_acc": 0.12222222222222222,
  "best_validation_em": 0.14444444444444443,
  "best_validation_f1": 0.3721040277499663,
  "best_validation_loss": 11.269599437713623
}