{
  "best_epoch": 13,
  "peak_cpu_memory_MB": 2708.152,
  "peak_gpu_0_memory_MB": 8903,
  "peak_gpu_1_memory_MB": 10,
  "peak_gpu_2_memory_MB": 10,
  "peak_gpu_3_memory_MB": 5519,
  "training_duration": "00:01:27",
  "training_start_epoch": 0,
  "training_epochs": 19,
  "epoch": 19,
  "training_start_acc": 0.9376558603491272,
  "training_end_acc": 0.940149625935162,
  "training_span_acc": 0.9102244389027432,
  "training_em": 0.9027431421446384,
  "training_f1": 0.9468944027345343,
  "training_loss": 0.3778665591604434,
  "training_cpu_memory_MB": 2708.152,
  "training_gpu_0_memory_MB": 8903,
  "training_gpu_1_memory_MB": 10,
  "training_gpu_2_memory_MB": 10,
  "training_gpu_3_memory_MB": 5519,
  "validation_start_acc": 0.08888888888888889,
  "validation_end_acc": 0.12222222222222222,
  "validation_span_acc": 0.05555555555555555,
  "validation_em": 0.08888888888888889,
  "validation_f1": 0.30170051553075306,
  "validation_loss": 15.029056549072266,
  "best_validation_start_acc": 0.14444444444444443,
  "best_validation_end_acc": 0.12222222222222222,
  "best_validation_span_acc": 0.07777777777777778,
  "best_validation_em": 0.12222222222222222,
  "best_validation_f1": 0.30002767419601983,
  "best_validation_loss": 10.493295510609945
}