{
  "best_epoch": 9,
  "peak_cpu_memory_MB": 2630.652,
  "peak_gpu_0_memory_MB": 10787,
  "peak_gpu_1_memory_MB": 10,
  "peak_gpu_2_memory_MB": 10,
  "peak_gpu_3_memory_MB": 8222,
  "training_duration": "00:05:01",
  "training_start_epoch": 0,
  "training_epochs": 18,
  "epoch": 18,
  "training_start_acc": 0.24320987654320989,
  "training_end_acc": 0.3802469135802469,
  "training_span_acc": 0.16419753086419753,
  "training_em": 0.1765432098765432,
  "training_f1": 0.39307584469333623,
  "training_loss": 5.23212698394177,
  "training_cpu_memory_MB": 2630.652,
  "training_gpu_0_memory_MB": 10787,
  "training_gpu_1_memory_MB": 10,
  "training_gpu_2_memory_MB": 10,
  "training_gpu_3_memory_MB": 8222,
  "validation_start_acc": 0.07777777777777778,
  "validation_end_acc": 0.16666666666666666,
  "validation_span_acc": 0.022222222222222223,
  "validation_em": 0.044444444444444446,
  "validation_f1": 0.25041124128672054,
  "validation_loss": 7.2864640553792315,
  "best_validation_start_acc": 0.1,
  "best_validation_end_acc": 0.14444444444444443,
  "best_validation_span_acc": 0.022222222222222223,
  "best_validation_em": 0.05555555555555555,
  "best_validation_f1": 0.25681946642146036,
  "best_validation_loss": 7.349982182184855
}