{
  "best_epoch": 0,
  "peak_cpu_memory_MB": 3853.092,
  "peak_gpu_0_memory_MB": 10787,
  "peak_gpu_1_memory_MB": 10,
  "peak_gpu_2_memory_MB": 7173,
  "peak_gpu_3_memory_MB": 10,
  "training_duration": "00:01:44",
  "training_start_epoch": 0,
  "training_epochs": 9,
  "epoch": 9,
  "training_start_acc": 0.6,
  "training_end_acc": 0.71875,
  "training_span_acc": 0.43125,
  "training_em": 0.43125,
  "training_f1": 0.7894092407230725,
  "training_loss": 1.7002740859985352,
  "training_cpu_memory_MB": 3853.092,
  "training_gpu_0_memory_MB": 10787,
  "training_gpu_1_memory_MB": 10,
  "training_gpu_2_memory_MB": 7173,
  "training_gpu_3_memory_MB": 10,
  "validation_start_acc": 0.05555555555555555,
  "validation_end_acc": 0.06666666666666667,
  "validation_span_acc": 0.0,
  "validation_em": 0.0,
  "validation_f1": 0.14877888560141658,
  "validation_loss": 9.28819473584493,
  "best_validation_start_acc": 0.07777777777777778,
  "best_validation_end_acc": 0.05555555555555555,
  "best_validation_span_acc": 0.022222222222222223,
  "best_validation_em": 0.022222222222222223,
  "best_validation_f1": 0.126999237193075,
  "best_validation_loss": 8.91640853881836
}