{
  "best_epoch": 14,
  "peak_cpu_memory_MB": 3632.992,
  "peak_gpu_0_memory_MB": 10,
  "peak_gpu_1_memory_MB": 10,
  "peak_gpu_2_memory_MB": 10,
  "peak_gpu_3_memory_MB": 4785,
  "training_duration": "00:17:03",
  "training_start_epoch": 0,
  "training_epochs": 19,
  "epoch": 19,
  "training_start_acc": 0.992619926199262,
  "training_end_acc": 0.991389913899139,
  "training_span_acc": 0.986469864698647,
  "training_em": 0.9520295202952029,
  "training_f1": 0.9759766451248609,
  "training_loss": 0.04765618758677852,
  "training_cpu_memory_MB": 3632.992,
  "training_gpu_0_memory_MB": 10,
  "training_gpu_1_memory_MB": 10,
  "training_gpu_2_memory_MB": 10,
  "training_gpu_3_memory_MB": 4785,
  "validation_start_acc": 0.26436781609195403,
  "validation_end_acc": 0.3793103448275862,
  "validation_span_acc": 0.1724137931034483,
  "validation_em": 0.1724137931034483,
  "validation_f1": 0.4293054966342291,
  "validation_loss": 11.234393119812012,
  "best_validation_start_acc": 0.26436781609195403,
  "best_validation_end_acc": 0.3103448275862069,
  "best_validation_span_acc": 0.1724137931034483,
  "best_validation_em": 0.1839080459770115,
  "best_validation_f1": 0.3891265478123059,
  "best_validation_loss": 11.815799554189047
}