{
  "best_epoch": 2,
  "peak_cpu_memory_MB": 3632.992,
  "peak_gpu_0_memory_MB": 10,
  "peak_gpu_1_memory_MB": 10,
  "peak_gpu_2_memory_MB": 10,
  "peak_gpu_3_memory_MB": 5733,
  "training_duration": "00:01:33",
  "training_start_epoch": 0,
  "training_epochs": 11,
  "epoch": 11,
  "training_start_acc": 0.37209302325581395,
  "training_end_acc": 0.3372093023255814,
  "training_span_acc": 0.23255813953488372,
  "training_em": 0.23255813953488372,
  "training_f1": 0.3262304913572749,
  "training_loss": 2.9401089747746787,
  "training_cpu_memory_MB": 3632.992,
  "training_gpu_0_memory_MB": 10,
  "training_gpu_1_memory_MB": 10,
  "training_gpu_2_memory_MB": 10,
  "training_gpu_3_memory_MB": 5733,
  "validation_start_acc": 0.03333333333333333,
  "validation_end_acc": 0.07777777777777778,
  "validation_span_acc": 0.011111111111111112,
  "validation_em": 0.022222222222222223,
  "validation_f1": 0.17667575879311084,
  "validation_loss": 9.946020921071371,
  "best_validation_start_acc": 0.07777777777777778,
  "best_validation_end_acc": 0.14444444444444443,
  "best_validation_span_acc": 0.03333333333333333,
  "best_validation_em": 0.05555555555555555,
  "best_validation_f1": 0.1989552402348856,
  "best_validation_loss": 7.90540607770284
}