{
  "best_epoch": 6,
  "peak_cpu_memory_MB": 3856.236,
  "peak_gpu_0_memory_MB": 10,
  "peak_gpu_1_memory_MB": 10,
  "peak_gpu_2_memory_MB": 10,
  "peak_gpu_3_memory_MB": 4237,
  "training_duration": "00:23:52",
  "training_start_epoch": 0,
  "training_epochs": 15,
  "epoch": 15,
  "training_start_acc": 0.6858375269590223,
  "training_end_acc": 0.7555715312724659,
  "training_span_acc": 0.5111430625449317,
  "training_em": 0.5183321351545651,
  "training_f1": 0.8230227061941097,
  "training_loss": 0.9985318821052025,
  "training_cpu_memory_MB": 3856.236,
  "training_gpu_0_memory_MB": 10,
  "training_gpu_1_memory_MB": 10,
  "training_gpu_2_memory_MB": 10,
  "training_gpu_3_memory_MB": 4237,
  "validation_start_acc": 0.25555555555555554,
  "validation_end_acc": 0.3333333333333333,
  "validation_span_acc": 0.16666666666666666,
  "validation_em": 0.2,
  "validation_f1": 0.38686848700844667,
  "validation_loss": 8.32288416226705,
  "best_validation_start_acc": 0.3333333333333333,
  "best_validation_end_acc": 0.32222222222222224,
  "best_validation_span_acc": 0.18888888888888888,
  "best_validation_em": 0.25555555555555554,
  "best_validation_f1": 0.4419160005778625,
  "best_validation_loss": 6.413664182027181
}