{
  "best_epoch": 17,
  "peak_cpu_memory_MB": 3866.676,
  "peak_gpu_0_memory_MB": 10,
  "peak_gpu_1_memory_MB": 10,
  "peak_gpu_2_memory_MB": 10,
  "peak_gpu_3_memory_MB": 4237,
  "training_duration": "00:05:38",
  "training_start_epoch": 0,
  "training_epochs": 19,
  "epoch": 19,
  "training_start_acc": 0.6728395061728395,
  "training_end_acc": 0.8179012345679012,
  "training_span_acc": 0.558641975308642,
  "training_em": 0.5524691358024691,
  "training_f1": 0.8316274867483644,
  "training_loss": 0.9738711303188687,
  "training_cpu_memory_MB": 3866.676,
  "training_gpu_0_memory_MB": 10,
  "training_gpu_1_memory_MB": 10,
  "training_gpu_2_memory_MB": 10,
  "training_gpu_3_memory_MB": 4237,
  "validation_start_acc": 0.2,
  "validation_end_acc": 0.2111111111111111,
  "validation_span_acc": 0.08888888888888889,
  "validation_em": 0.08888888888888889,
  "validation_f1": 0.25042820667502946,
  "validation_loss": 10.493212223052979,
  "best_validation_start_acc": 0.2222222222222222,
  "best_validation_end_acc": 0.25555555555555554,
  "best_validation_span_acc": 0.15555555555555556,
  "best_validation_em": 0.15555555555555556,
  "best_validation_f1": 0.3156856007093879,
  "best_validation_loss": 10.194653352101644
}