{
  "best_epoch": 10,
  "peak_cpu_memory_MB": 3876.204,
  "peak_gpu_0_memory_MB": 10,
  "peak_gpu_1_memory_MB": 10,
  "peak_gpu_2_memory_MB": 10,
  "peak_gpu_3_memory_MB": 6395,
  "training_duration": "00:23:52",
  "training_start_epoch": 0,
  "training_epochs": 19,
  "epoch": 19,
  "training_start_acc": 0.6952104499274311,
  "training_end_acc": 0.7743105950653121,
  "training_span_acc": 0.5275761973875182,
  "training_em": 0.530478955007257,
  "training_f1": 0.8220340905129788,
  "training_loss": 0.9311700035100696,
  "training_cpu_memory_MB": 3876.204,
  "training_gpu_0_memory_MB": 10,
  "training_gpu_1_memory_MB": 10,
  "training_gpu_2_memory_MB": 10,
  "training_gpu_3_memory_MB": 6395,
  "validation_start_acc": 0.19540229885057472,
  "validation_end_acc": 0.28735632183908044,
  "validation_span_acc": 0.06896551724137931,
  "validation_em": 0.26436781609195403,
  "validation_f1": 0.4844302521666587,
  "validation_loss": 9.478569189707438,
  "best_validation_start_acc": 0.26436781609195403,
  "best_validation_end_acc": 0.3563218390804598,
  "best_validation_span_acc": 0.1724137931034483,
  "best_validation_em": 0.3218390804597701,
  "best_validation_f1": 0.5238739975304112,
  "best_validation_loss": 7.177595615386963
}