{
  "best_epoch": 6,
  "peak_cpu_memory_MB": 3659.656,
  "peak_gpu_0_memory_MB": 10787,
  "peak_gpu_1_memory_MB": 10,
  "peak_gpu_2_memory_MB": 10,
  "peak_gpu_3_memory_MB": 5705,
  "training_duration": "00:09:07",
  "training_start_epoch": 0,
  "training_epochs": 15,
  "epoch": 15,
  "training_start_acc": 0.9901960784313726,
  "training_end_acc": 0.9901960784313726,
  "training_span_acc": 0.9852941176470589,
  "training_em": 0.9509803921568627,
  "training_f1": 0.9769886784117503,
  "training_loss": 0.06358395894177449,
  "training_cpu_memory_MB": 3659.656,
  "training_gpu_0_memory_MB": 10787,
  "training_gpu_1_memory_MB": 10,
  "training_gpu_2_memory_MB": 10,
  "training_gpu_3_memory_MB": 5705,
  "validation_start_acc": 0.14444444444444443,
  "validation_end_acc": 0.16666666666666666,
  "validation_span_acc": 0.08888888888888889,
  "validation_em": 0.1111111111111111,
  "validation_f1": 0.2845521154756787,
  "validation_loss": 13.194730202356974,
  "best_validation_start_acc": 0.17777777777777778,
  "best_validation_end_acc": 0.13333333333333333,
  "best_validation_span_acc": 0.1,
  "best_validation_em": 0.15555555555555556,
  "best_validation_f1": 0.294563196372793,
  "best_validation_loss": 9.636362075805664
}