{
  "best_epoch": 14,
  "peak_cpu_memory_MB": 3856.236,
  "peak_gpu_0_memory_MB": 10,
  "peak_gpu_1_memory_MB": 10,
  "peak_gpu_2_memory_MB": 10,
  "peak_gpu_3_memory_MB": 4237,
  "training_duration": "00:21:38",
  "training_start_epoch": 0,
  "training_epochs": 19,
  "epoch": 19,
  "training_start_acc": 0.7122232916265641,
  "training_end_acc": 0.7670837343599615,
  "training_span_acc": 0.5389797882579404,
  "training_em": 0.5428296438883542,
  "training_f1": 0.8323359224213145,
  "training_loss": 0.8895110052365524,
  "training_cpu_memory_MB": 3856.236,
  "training_gpu_0_memory_MB": 10,
  "training_gpu_1_memory_MB": 10,
  "training_gpu_2_memory_MB": 10,
  "training_gpu_3_memory_MB": 4237,
  "validation_start_acc": 0.14444444444444443,
  "validation_end_acc": 0.25555555555555554,
  "validation_span_acc": 0.12222222222222222,
  "validation_em": 0.24444444444444444,
  "validation_f1": 0.40027375651985697,
  "validation_loss": 9.857413609822592,
  "best_validation_start_acc": 0.23333333333333334,
  "best_validation_end_acc": 0.26666666666666666,
  "best_validation_span_acc": 0.14444444444444443,
  "best_validation_em": 0.24444444444444444,
  "best_validation_f1": 0.4201946906499441,
  "best_validation_loss": 8.860061724980673
}