{
  "best_epoch": 4,
  "peak_cpu_memory_MB": 3621.028,
  "peak_gpu_0_memory_MB": 10787,
  "peak_gpu_1_memory_MB": 6755,
  "peak_gpu_2_memory_MB": 7173,
  "peak_gpu_3_memory_MB": 6755,
  "training_duration": "00:03:03",
  "training_start_epoch": 0,
  "training_epochs": 13,
  "epoch": 13,
  "training_start_acc": 0.9842931937172775,
  "training_end_acc": 0.9685863874345549,
  "training_span_acc": 0.9738219895287958,
  "training_em": 0.9581151832460733,
  "training_f1": 0.9670215241419429,
  "training_loss": 0.15612034623821577,
  "training_cpu_memory_MB": 3621.028,
  "training_gpu_0_memory_MB": 10787,
  "training_gpu_1_memory_MB": 6755,
  "training_gpu_2_memory_MB": 7173,
  "training_gpu_3_memory_MB": 6755,
  "validation_start_acc": 0.14444444444444443,
  "validation_end_acc": 0.15555555555555556,
  "validation_span_acc": 0.07777777777777778,
  "validation_em": 0.07777777777777778,
  "validation_f1": 0.2425593104244525,
  "validation_loss": 10.834908485412598,
  "best_validation_start_acc": 0.1111111111111111,
  "best_validation_end_acc": 0.1,
  "best_validation_span_acc": 0.06666666666666667,
  "best_validation_em": 0.07777777777777778,
  "best_validation_f1": 0.20041525627874757,
  "best_validation_loss": 8.735914389292398
}