{
  "best_epoch": 17,
  "peak_cpu_memory_MB": 2666.48,
  "peak_gpu_0_memory_MB": 10787,
  "peak_gpu_1_memory_MB": 10,
  "peak_gpu_2_memory_MB": 10,
  "peak_gpu_3_memory_MB": 8858,
  "training_duration": "00:05:28",
  "training_start_epoch": 0,
  "training_epochs": 19,
  "epoch": 19,
  "training_start_acc": 0.9222222222222223,
  "training_end_acc": 0.9345679012345679,
  "training_span_acc": 0.8851851851851852,
  "training_em": 0.8716049382716049,
  "training_f1": 0.9399282157148208,
  "training_loss": 0.47304072771586625,
  "training_cpu_memory_MB": 2666.48,
  "training_gpu_0_memory_MB": 10787,
  "training_gpu_1_memory_MB": 10,
  "training_gpu_2_memory_MB": 10,
  "training_gpu_3_memory_MB": 8858,
  "validation_start_acc": 0.14444444444444443,
  "validation_end_acc": 0.16666666666666666,
  "validation_span_acc": 0.044444444444444446,
  "validation_em": 0.06666666666666667,
  "validation_f1": 0.3073371309185498,
  "validation_loss": 13.492475509643555,
  "best_validation_start_acc": 0.14444444444444443,
  "best_validation_end_acc": 0.2111111111111111,
  "best_validation_span_acc": 0.06666666666666667,
  "best_validation_em": 0.1,
  "best_validation_f1": 0.34894827588735033,
  "best_validation_loss": 13.054357687632242
}