{
  "best_epoch": 18,
  "peak_cpu_memory_MB": 2721.744,
  "peak_gpu_0_memory_MB": 10,
  "peak_gpu_1_memory_MB": 10,
  "peak_gpu_2_memory_MB": 10,
  "peak_gpu_3_memory_MB": 4867,
  "training_duration": "00:02:31",
  "training_start_epoch": 0,
  "training_epochs": 19,
  "epoch": 19,
  "training_start_acc": 0.5363372093023255,
  "training_end_acc": 0.7340116279069767,
  "training_span_acc": 0.39244186046511625,
  "training_em": 0.41569767441860467,
  "training_f1": 0.7704165359302945,
  "training_loss": 2.053595642710841,
  "training_cpu_memory_MB": 2721.744,
  "training_gpu_0_memory_MB": 10,
  "training_gpu_1_memory_MB": 10,
  "training_gpu_2_memory_MB": 10,
  "training_gpu_3_memory_MB": 4867,
  "validation_start_acc": 0.07777777777777778,
  "validation_end_acc": 0.18888888888888888,
  "validation_span_acc": 0.06666666666666667,
  "validation_em": 0.1111111111111111,
  "validation_f1": 0.2822015416161159,
  "validation_loss": 10.573268413543701,
  "best_validation_start_acc": 0.1,
  "best_validation_end_acc": 0.2111111111111111,
  "best_validation_span_acc": 0.07777777777777778,
  "best_validation_em": 0.12222222222222222,
  "best_validation_f1": 0.3040812438272921,
  "best_validation_loss": 10.16892671585083
}