{
  "best_epoch": 14,
  "peak_cpu_memory_MB": 2692.864,
  "peak_gpu_0_memory_MB": 10,
  "peak_gpu_1_memory_MB": 10,
  "peak_gpu_2_memory_MB": 10,
  "peak_gpu_3_memory_MB": 4223,
  "training_duration": "00:06:05",
  "training_start_epoch": 0,
  "training_epochs": 19,
  "epoch": 19,
  "training_start_acc": 0.6478571428571429,
  "training_end_acc": 0.7578571428571429,
  "training_span_acc": 0.4828571428571429,
  "training_em": 0.49,
  "training_f1": 0.8070923691875279,
  "training_loss": 1.5007967352867126,
  "training_cpu_memory_MB": 2692.864,
  "training_gpu_0_memory_MB": 10,
  "training_gpu_1_memory_MB": 10,
  "training_gpu_2_memory_MB": 10,
  "training_gpu_3_memory_MB": 4223,
  "validation_start_acc": 0.16666666666666666,
  "validation_end_acc": 0.26666666666666666,
  "validation_span_acc": 0.12222222222222222,
  "validation_em": 0.15555555555555556,
  "validation_f1": 0.35677643572119444,
  "validation_loss": 10.207456350326538,
  "best_validation_start_acc": 0.18888888888888888,
  "best_validation_end_acc": 0.28888888888888886,
  "best_validation_span_acc": 0.1111111111111111,
  "best_validation_em": 0.15555555555555556,
  "best_validation_f1": 0.34777917999373825,
  "best_validation_loss": 8.957375367482504
}