{
  "best_epoch": 15,
  "peak_cpu_memory_MB": 3656.296,
  "peak_gpu_0_memory_MB": 10,
  "peak_gpu_1_memory_MB": 10,
  "peak_gpu_2_memory_MB": 10,
  "peak_gpu_3_memory_MB": 5705,
  "training_duration": "00:09:16",
  "training_start_epoch": 0,
  "training_epochs": 19,
  "epoch": 19,
  "training_start_acc": 1.0,
  "training_end_acc": 0.9974160206718347,
  "training_span_acc": 0.9974160206718347,
  "training_em": 0.958656330749354,
  "training_f1": 0.9812305450568252,
  "training_loss": 0.021547734960913657,
  "training_cpu_memory_MB": 3656.296,
  "training_gpu_0_memory_MB": 10,
  "training_gpu_1_memory_MB": 10,
  "training_gpu_2_memory_MB": 10,
  "training_gpu_3_memory_MB": 5705,
  "validation_start_acc": 0.12643678160919541,
  "validation_end_acc": 0.20689655172413793,
  "validation_span_acc": 0.08045977011494253,
  "validation_em": 0.08045977011494253,
  "validation_f1": 0.33146618540852085,
  "validation_loss": 13.204136371612549,
  "best_validation_start_acc": 0.13793103448275862,
  "best_validation_end_acc": 0.20689655172413793,
  "best_validation_span_acc": 0.09195402298850575,
  "best_validation_em": 0.09195402298850575,
  "best_validation_f1": 0.31541911478983375,
  "best_validation_loss": 12.958142439524332
}