{
  "best_epoch": 4,
  "peak_cpu_memory_MB": 2708.152,
  "peak_gpu_0_memory_MB": 8903,
  "peak_gpu_1_memory_MB": 10,
  "peak_gpu_2_memory_MB": 10,
  "peak_gpu_3_memory_MB": 6195,
  "training_duration": "00:00:33",
  "training_start_epoch": 0,
  "training_epochs": 13,
  "epoch": 13,
  "training_start_acc": 0.2828282828282828,
  "training_end_acc": 0.29797979797979796,
  "training_span_acc": 0.15151515151515152,
  "training_em": 0.15151515151515152,
  "training_f1": 0.27547344483522335,
  "training_loss": 3.697274611546443,
  "training_cpu_memory_MB": 2708.152,
  "training_gpu_0_memory_MB": 8903,
  "training_gpu_1_memory_MB": 10,
  "training_gpu_2_memory_MB": 10,
  "training_gpu_3_memory_MB": 6195,
  "validation_start_acc": 0.05555555555555555,
  "validation_end_acc": 0.05555555555555555,
  "validation_span_acc": 0.0,
  "validation_em": 0.03333333333333333,
  "validation_f1": 0.14910986303157864,
  "validation_loss": 11.455543359120687,
  "best_validation_start_acc": 0.044444444444444446,
  "best_validation_end_acc": 0.06666666666666667,
  "best_validation_span_acc": 0.022222222222222223,
  "best_validation_em": 0.044444444444444446,
  "best_validation_f1": 0.15268454623683744,
  "best_validation_loss": 9.118179321289062
}