{
  "best_epoch": 14,
  "peak_cpu_memory_MB": 3626.016,
  "peak_gpu_0_memory_MB": 10787,
  "peak_gpu_1_memory_MB": 6755,
  "peak_gpu_2_memory_MB": 7173,
  "peak_gpu_3_memory_MB": 6755,
  "training_duration": "00:07:34",
  "training_start_epoch": 0,
  "training_epochs": 19,
  "epoch": 19,
  "training_start_acc": 0.9949622166246851,
  "training_end_acc": 0.9949622166246851,
  "training_span_acc": 0.9924433249370277,
  "training_em": 0.9345088161209067,
  "training_f1": 0.974694699526512,
  "training_loss": 0.033624321147799494,
  "training_cpu_memory_MB": 3626.016,
  "training_gpu_0_memory_MB": 10787,
  "training_gpu_1_memory_MB": 6755,
  "training_gpu_2_memory_MB": 7173,
  "training_gpu_3_memory_MB": 6755,
  "validation_start_acc": 0.1,
  "validation_end_acc": 0.15555555555555556,
  "validation_span_acc": 0.05555555555555555,
  "validation_em": 0.08888888888888889,
  "validation_f1": 0.25116911816064286,
  "validation_loss": 12.145522435506185,
  "best_validation_start_acc": 0.12222222222222222,
  "best_validation_end_acc": 0.16666666666666666,
  "best_validation_span_acc": 0.08888888888888889,
  "best_validation_em": 0.13333333333333333,
  "best_validation_f1": 0.27016207390280367,
  "best_validation_loss": 11.115928967793783
}