{
  "best_epoch": 12,
  "peak_cpu_memory_MB": 3856.236,
  "peak_gpu_0_memory_MB": 10,
  "peak_gpu_1_memory_MB": 10,
  "peak_gpu_2_memory_MB": 10,
  "peak_gpu_3_memory_MB": 4237,
  "training_duration": "00:19:27",
  "training_start_epoch": 0,
  "training_epochs": 19,
  "epoch": 19,
  "training_start_acc": 0.6942675159235668,
  "training_end_acc": 0.7862703467799009,
  "training_span_acc": 0.5307855626326964,
  "training_em": 0.5336164189667374,
  "training_f1": 0.8292427258677704,
  "training_loss": 0.9050691228234367,
  "training_cpu_memory_MB": 3856.236,
  "training_gpu_0_memory_MB": 10,
  "training_gpu_1_memory_MB": 10,
  "training_gpu_2_memory_MB": 10,
  "training_gpu_3_memory_MB": 4237,
  "validation_start_acc": 0.15384615384615385,
  "validation_end_acc": 0.23076923076923078,
  "validation_span_acc": 0.0989010989010989,
  "validation_em": 0.16483516483516483,
  "validation_f1": 0.3716710706834711,
  "validation_loss": 10.50537888209025,
  "best_validation_start_acc": 0.21978021978021978,
  "best_validation_end_acc": 0.21978021978021978,
  "best_validation_span_acc": 0.15384615384615385,
  "best_validation_em": 0.2087912087912088,
  "best_validation_f1": 0.3763790134630528,
  "best_validation_loss": 9.145288308461508
}