{
  "best_epoch": 8,
  "peak_cpu_memory_MB": 3558.016,
  "peak_gpu_0_memory_MB": 10787,
  "peak_gpu_1_memory_MB": 10,
  "peak_gpu_2_memory_MB": 10,
  "peak_gpu_3_memory_MB": 4761,
  "training_duration": "00:12:42",
  "training_start_epoch": 0,
  "training_epochs": 17,
  "epoch": 17,
  "training_start_acc": 0.9975278121137207,
  "training_end_acc": 0.9950556242274413,
  "training_span_acc": 0.9938195302843016,
  "training_em": 0.9555006180469716,
  "training_f1": 0.9820083245866389,
  "training_loss": 0.03313523934533199,
  "training_cpu_memory_MB": 3558.016,
  "training_gpu_0_memory_MB": 10787,
  "training_gpu_1_memory_MB": 10,
  "training_gpu_2_memory_MB": 10,
  "training_gpu_3_memory_MB": 4761,
  "validation_start_acc": 0.17582417582417584,
  "validation_end_acc": 0.14285714285714285,
  "validation_span_acc": 0.0989010989010989,
  "validation_em": 0.10989010989010989,
  "validation_f1": 0.2679833843514618,
  "validation_loss": 12.595390796661377,
  "best_validation_start_acc": 0.17582417582417584,
  "best_validation_end_acc": 0.18681318681318682,
  "best_validation_span_acc": 0.12087912087912088,
  "best_validation_em": 0.15384615384615385,
  "best_validation_f1": 0.3118479367181779,
  "best_validation_loss": 9.656546751658121
}