{
  "best_epoch": 15,
  "peak_cpu_memory_MB": 2630.652,
  "peak_gpu_0_memory_MB": 10787,
  "peak_gpu_1_memory_MB": 10,
  "peak_gpu_2_memory_MB": 10,
  "peak_gpu_3_memory_MB": 8222,
  "training_duration": "00:04:30",
  "training_start_epoch": 0,
  "training_epochs": 19,
  "epoch": 19,
  "training_start_acc": 0.24103831891223734,
  "training_end_acc": 0.3473423980222497,
  "training_span_acc": 0.15698393077873918,
  "training_em": 0.1668726823238566,
  "training_f1": 0.356190918756773,
  "training_loss": 5.290390762628293,
  "training_cpu_memory_MB": 2630.652,
  "training_gpu_0_memory_MB": 10787,
  "training_gpu_1_memory_MB": 10,
  "training_gpu_2_memory_MB": 10,
  "training_gpu_3_memory_MB": 8222,
  "validation_start_acc": 0.06593406593406594,
  "validation_end_acc": 0.13186813186813187,
  "validation_span_acc": 0.01098901098901099,
  "validation_em": 0.04395604395604396,
  "validation_f1": 0.30043363020364805,
  "validation_loss": 7.514944235483806,
  "best_validation_start_acc": 0.08791208791208792,
  "best_validation_end_acc": 0.16483516483516483,
  "best_validation_span_acc": 0.03296703296703297,
  "best_validation_em": 0.06593406593406594,
  "best_validation_f1": 0.2811239572978444,
  "best_validation_loss": 7.38629945119222
}