{
  "best_epoch": 3,
  "peak_cpu_memory_MB": 3632.992,
  "peak_gpu_0_memory_MB": 10,
  "peak_gpu_1_memory_MB": 10,
  "peak_gpu_2_memory_MB": 10,
  "peak_gpu_3_memory_MB": 5731,
  "training_duration": "00:01:39",
  "training_start_epoch": 0,
  "training_epochs": 12,
  "epoch": 12,
  "training_start_acc": 0.46511627906976744,
  "training_end_acc": 0.45348837209302323,
  "training_span_acc": 0.36046511627906974,
  "training_em": 0.3488372093023256,
  "training_f1": 0.4447109477632617,
  "training_loss": 2.7521148324012756,
  "training_cpu_memory_MB": 3632.992,
  "training_gpu_0_memory_MB": 10,
  "training_gpu_1_memory_MB": 10,
  "training_gpu_2_memory_MB": 10,
  "training_gpu_3_memory_MB": 5731,
  "validation_start_acc": 0.03296703296703297,
  "validation_end_acc": 0.03296703296703297,
  "validation_span_acc": 0.01098901098901099,
  "validation_em": 0.01098901098901099,
  "validation_f1": 0.10226971524329116,
  "validation_loss": 12.749661604563395,
  "best_validation_start_acc": 0.04395604395604396,
  "best_validation_end_acc": 0.08791208791208792,
  "best_validation_span_acc": 0.02197802197802198,
  "best_validation_em": 0.02197802197802198,
  "best_validation_f1": 0.13389326948899696,
  "best_validation_loss": 9.379280010859171
}