{
  "best_epoch": 8,
  "peak_cpu_memory_MB": 3011.632,
  "peak_gpu_0_memory_MB": 8903,
  "peak_gpu_1_memory_MB": 10,
  "peak_gpu_2_memory_MB": 10,
  "peak_gpu_3_memory_MB": 4785,
  "training_duration": "00:15:08",
  "training_start_epoch": 0,
  "training_epochs": 17,
  "epoch": 17,
  "training_start_acc": 0.9950556242274413,
  "training_end_acc": 0.9901112484548825,
  "training_span_acc": 0.9888751545117429,
  "training_em": 0.9505562422744128,
  "training_f1": 0.977042244560256,
  "training_loss": 0.05896478135357885,
  "training_cpu_memory_MB": 3011.632,
  "training_gpu_0_memory_MB": 10,
  "training_gpu_1_memory_MB": 10,
  "training_gpu_2_memory_MB": 10,
  "training_gpu_3_memory_MB": 4785,
  "validation_start_acc": 0.15384615384615385,
  "validation_end_acc": 0.21978021978021978,
  "validation_span_acc": 0.07692307692307693,
  "validation_em": 0.07692307692307693,
  "validation_f1": 0.2797710749812932,
  "validation_loss": 13.672179222106934,
  "best_validation_start_acc": 0.14285714285714285,
  "best_validation_end_acc": 0.23076923076923078,
  "best_validation_span_acc": 0.08791208791208792,
  "best_validation_em": 0.08791208791208792,
  "best_validation_f1": 0.27297069679574487,
  "best_validation_loss": 9.465983708699545
}