{
  "best_epoch": 15,
  "peak_cpu_memory_MB": 3632.992,
  "peak_gpu_0_memory_MB": 10,
  "peak_gpu_1_memory_MB": 10,
  "peak_gpu_2_memory_MB": 10,
  "peak_gpu_3_memory_MB": 5731,
  "training_duration": "00:06:48",
  "training_start_epoch": 0,
  "training_epochs": 19,
  "epoch": 19,
  "training_start_acc": 0.9825436408977556,
  "training_end_acc": 0.9775561097256857,
  "training_span_acc": 0.972568578553616,
  "training_em": 0.9376558603491272,
  "training_f1": 0.967189334071715,
  "training_loss": 0.10600729250850585,
  "training_cpu_memory_MB": 3632.992,
  "training_gpu_0_memory_MB": 10,
  "training_gpu_1_memory_MB": 10,
  "training_gpu_2_memory_MB": 10,
  "training_gpu_3_memory_MB": 5731,
  "validation_start_acc": 0.07692307692307693,
  "validation_end_acc": 0.1978021978021978,
  "validation_span_acc": 0.03296703296703297,
  "validation_em": 0.04395604395604396,
  "validation_f1": 0.21817198842154673,
  "validation_loss": 14.413086573282877,
  "best_validation_start_acc": 0.10989010989010989,
  "best_validation_end_acc": 0.15384615384615385,
  "best_validation_span_acc": 0.04395604395604396,
  "best_validation_em": 0.06593406593406594,
  "best_validation_f1": 0.20999264695443015,
  "best_validation_loss": 13.501142978668213
}