{
  "best_epoch": 18,
  "peak_cpu_memory_MB": 2710.964,
  "peak_gpu_0_memory_MB": 10,
  "peak_gpu_1_memory_MB": 10,
  "peak_gpu_2_memory_MB": 10,
  "peak_gpu_3_memory_MB": 4223,
  "training_duration": "00:06:03",
  "training_start_epoch": 0,
  "training_epochs": 19,
  "epoch": 19,
  "training_start_acc": 0.5641577060931899,
  "training_end_acc": 0.7412186379928315,
  "training_span_acc": 0.4136200716845878,
  "training_em": 0.425089605734767,
  "training_f1": 0.7804037025078543,
  "training_loss": 1.9251147163185207,
  "training_cpu_memory_MB": 2710.964,
  "training_gpu_0_memory_MB": 10,
  "training_gpu_1_memory_MB": 10,
  "training_gpu_2_memory_MB": 10,
  "training_gpu_3_memory_MB": 4223,
  "validation_start_acc": 0.14444444444444443,
  "validation_end_acc": 0.2111111111111111,
  "validation_span_acc": 0.05555555555555555,
  "validation_em": 0.14444444444444443,
  "validation_f1": 0.38647882623928204,
  "validation_loss": 10.371545712153116,
  "best_validation_start_acc": 0.16666666666666666,
  "best_validation_end_acc": 0.2111111111111111,
  "best_validation_span_acc": 0.06666666666666667,
  "best_validation_em": 0.16666666666666666,
  "best_validation_f1": 0.38773922531746746,
  "best_validation_loss": 10.569026947021484
}