{
  "best_epoch": 2,
  "peak_cpu_memory_MB": 3626.016,
  "peak_gpu_0_memory_MB": 10787,
  "peak_gpu_1_memory_MB": 6755,
  "peak_gpu_2_memory_MB": 7173,
  "peak_gpu_3_memory_MB": 6755,
  "training_duration": "00:04:26",
  "training_start_epoch": 0,
  "training_epochs": 11,
  "epoch": 11,
  "training_start_acc": 0.9702233250620348,
  "training_end_acc": 0.9702233250620348,
  "training_span_acc": 0.967741935483871,
  "training_em": 0.9330024813895782,
  "training_f1": 0.9668146518854706,
  "training_loss": 0.20703966757999018,
  "training_cpu_memory_MB": 3626.016,
  "training_gpu_0_memory_MB": 10787,
  "training_gpu_1_memory_MB": 6755,
  "training_gpu_2_memory_MB": 7173,
  "training_gpu_3_memory_MB": 6755,
  "validation_start_acc": 0.12222222222222222,
  "validation_end_acc": 0.14444444444444443,
  "validation_span_acc": 0.03333333333333333,
  "validation_em": 0.05555555555555555,
  "validation_f1": 0.24084777531030852,
  "validation_loss": 10.965178648630777,
  "best_validation_start_acc": 0.06666666666666667,
  "best_validation_end_acc": 0.1111111111111111,
  "best_validation_span_acc": 0.06666666666666667,
  "best_validation_em": 0.1,
  "best_validation_f1": 0.19818918703187718,
  "best_validation_loss": 7.840755303700765
}