{
  "best_epoch": 11,
  "peak_cpu_memory_MB": 3626.016,
  "peak_gpu_0_memory_MB": 10787,
  "peak_gpu_1_memory_MB": 4159,
  "peak_gpu_2_memory_MB": 7173,
  "peak_gpu_3_memory_MB": 4159,
  "training_duration": "00:13:18",
  "training_start_epoch": 0,
  "training_epochs": 19,
  "epoch": 19,
  "training_start_acc": 0.9987654320987654,
  "training_end_acc": 0.9975308641975309,
  "training_span_acc": 0.9987654320987654,
  "training_em": 0.9580246913580247,
  "training_f1": 0.9828649566470595,
  "training_loss": 0.011272285845788085,
  "training_cpu_memory_MB": 3626.016,
  "training_gpu_0_memory_MB": 10787,
  "training_gpu_1_memory_MB": 4159,
  "training_gpu_2_memory_MB": 7173,
  "training_gpu_3_memory_MB": 4159,
  "validation_start_acc": 0.25555555555555554,
  "validation_end_acc": 0.28888888888888886,
  "validation_span_acc": 0.16666666666666666,
  "validation_em": 0.2,
  "validation_f1": 0.42470021428070875,
  "validation_loss": 12.497697035471598,
  "best_validation_start_acc": 0.24444444444444444,
  "best_validation_end_acc": 0.2777777777777778,
  "best_validation_span_acc": 0.1111111111111111,
  "best_validation_em": 0.2111111111111111,
  "best_validation_f1": 0.43777998926133066,
  "best_validation_loss": 9.405184586842855
}