{
  "best_epoch": 7,
  "peak_cpu_memory_MB": 3659.656,
  "peak_gpu_0_memory_MB": 10787,
  "peak_gpu_1_memory_MB": 10,
  "peak_gpu_2_memory_MB": 10,
  "peak_gpu_3_memory_MB": 5705,
  "training_duration": "00:09:26",
  "training_start_epoch": 0,
  "training_epochs": 16,
  "epoch": 16,
  "training_start_acc": 0.9867330016583747,
  "training_end_acc": 0.9867330016583747,
  "training_span_acc": 0.9800995024875622,
  "training_em": 0.9369817578772802,
  "training_f1": 0.9717069388107203,
  "training_loss": 0.10085294263339356,
  "training_cpu_memory_MB": 3659.656,
  "training_gpu_0_memory_MB": 10787,
  "training_gpu_1_memory_MB": 10,
  "training_gpu_2_memory_MB": 10,
  "training_gpu_3_memory_MB": 5705,
  "validation_start_acc": 0.16483516483516483,
  "validation_end_acc": 0.25274725274725274,
  "validation_span_acc": 0.07692307692307693,
  "validation_em": 0.13186813186813187,
  "validation_f1": 0.3478034316635484,
  "validation_loss": 11.081732749938965,
  "best_validation_start_acc": 0.15384615384615385,
  "best_validation_end_acc": 0.21978021978021978,
  "best_validation_span_acc": 0.12087912087912088,
  "best_validation_em": 0.16483516483516483,
  "best_validation_f1": 0.34213955726391826,
  "best_validation_loss": 9.621789773305258
}