{
  "best_epoch": 8,
  "peak_cpu_memory_MB": 3879.86,
  "peak_gpu_0_memory_MB": 10,
  "peak_gpu_1_memory_MB": 10,
  "peak_gpu_2_memory_MB": 10,
  "peak_gpu_3_memory_MB": 4237,
  "training_duration": "00:09:10",
  "training_start_epoch": 0,
  "training_epochs": 17,
  "epoch": 17,
  "training_start_acc": 0.6921985815602837,
  "training_end_acc": 0.774468085106383,
  "training_span_acc": 0.5276595744680851,
  "training_em": 0.5290780141843971,
  "training_f1": 0.8287732558492698,
  "training_loss": 0.9405241303973728,
  "training_cpu_memory_MB": 3879.86,
  "training_gpu_0_memory_MB": 10,
  "training_gpu_1_memory_MB": 10,
  "training_gpu_2_memory_MB": 10,
  "training_gpu_3_memory_MB": 4237,
  "validation_start_acc": 0.13186813186813187,
  "validation_end_acc": 0.2087912087912088,
  "validation_span_acc": 0.04395604395604396,
  "validation_em": 0.08791208791208792,
  "validation_f1": 0.30846844914088584,
  "validation_loss": 11.375670115152994,
  "best_validation_start_acc": 0.16483516483516483,
  "best_validation_end_acc": 0.2087912087912088,
  "best_validation_span_acc": 0.0989010989010989,
  "best_validation_em": 0.13186813186813187,
  "best_validation_f1": 0.32024371883422387,
  "best_validation_loss": 9.364319006601969
}