{
  "best_epoch": 5,
  "peak_cpu_memory_MB": 3249.152,
  "peak_gpu_0_memory_MB": 10,
  "peak_gpu_1_memory_MB": 10,
  "peak_gpu_2_memory_MB": 10,
  "peak_gpu_3_memory_MB": 6395,
  "training_duration": "00:17:43",
  "training_start_epoch": 0,
  "training_epochs": 14,
  "epoch": 14,
  "training_start_acc": 0.67310443490701,
  "training_end_acc": 0.7503576537911302,
  "training_span_acc": 0.49427753934191704,
  "training_em": 0.5021459227467812,
  "training_f1": 0.8094112128051438,
  "training_loss": 1.038937975059856,
  "training_cpu_memory_MB": 3249.1,
  "training_gpu_0_memory_MB": 10,
  "training_gpu_1_memory_MB": 10,
  "training_gpu_2_memory_MB": 10,
  "training_gpu_3_memory_MB": 6395,
  "validation_start_acc": 0.12087912087912088,
  "validation_end_acc": 0.2967032967032967,
  "validation_span_acc": 0.08791208791208792,
  "validation_em": 0.18681318681318682,
  "validation_f1": 0.41636778410122893,
  "validation_loss": 8.417327324549357,
  "best_validation_start_acc": 0.16483516483516483,
  "best_validation_end_acc": 0.26373626373626374,
  "best_validation_span_acc": 0.13186813186813187,
  "best_validation_em": 0.23076923076923078,
  "best_validation_f1": 0.38978948646447126,
  "best_validation_loss": 7.008852243423462
}