{
  "best_epoch": 3,
  "peak_cpu_memory_MB": 3656.94,
  "peak_gpu_0_memory_MB": 8903,
  "peak_gpu_1_memory_MB": 10,
  "peak_gpu_2_memory_MB": 10,
  "peak_gpu_3_memory_MB": 5731,
  "training_duration": "00:03:29",
  "training_start_epoch": 0,
  "training_epochs": 12,
  "epoch": 12,
  "training_start_acc": 0.7511961722488039,
  "training_end_acc": 0.6172248803827751,
  "training_span_acc": 0.6220095693779905,
  "training_em": 0.6172248803827751,
  "training_f1": 0.7051346847013882,
  "training_loss": 1.7448382462774004,
  "training_cpu_memory_MB": 3656.94,
  "training_gpu_0_memory_MB": 8903,
  "training_gpu_1_memory_MB": 10,
  "training_gpu_2_memory_MB": 10,
  "training_gpu_3_memory_MB": 5731,
  "validation_start_acc": 0.1111111111111111,
  "validation_end_acc": 0.1,
  "validation_span_acc": 0.011111111111111112,
  "validation_em": 0.03333333333333333,
  "validation_f1": 0.16950451406217878,
  "validation_loss": 11.246615886688232,
  "best_validation_start_acc": 0.08888888888888889,
  "best_validation_end_acc": 0.1,
  "best_validation_span_acc": 0.022222222222222223,
  "best_validation_em": 0.03333333333333333,
  "best_validation_f1": 0.19565764931742144,
  "best_validation_loss": 8.18192458152771
}