{
  "best_epoch": 16,
  "peak_cpu_memory_MB": 3656.296,
  "peak_gpu_0_memory_MB": 10,
  "peak_gpu_1_memory_MB": 10,
  "peak_gpu_2_memory_MB": 10,
  "peak_gpu_3_memory_MB": 5711,
  "training_duration": "00:02:39",
  "training_start_epoch": 0,
  "training_epochs": 19,
  "epoch": 19,
  "training_start_acc": 0.9456521739130435,
  "training_end_acc": 0.9347826086956522,
  "training_span_acc": 0.9130434782608695,
  "training_em": 0.8804347826086957,
  "training_f1": 0.9157551083844164,
  "training_loss": 0.79633928835392,
  "training_cpu_memory_MB": 3656.296,
  "training_gpu_0_memory_MB": 10,
  "training_gpu_1_memory_MB": 10,
  "training_gpu_2_memory_MB": 10,
  "training_gpu_3_memory_MB": 5711,
  "validation_start_acc": 0.07777777777777778,
  "validation_end_acc": 0.08888888888888889,
  "validation_span_acc": 0.044444444444444446,
  "validation_em": 0.044444444444444446,
  "validation_f1": 0.14910142746823335,
  "validation_loss": 10.742561340332031,
  "best_validation_start_acc": 0.08888888888888889,
  "best_validation_end_acc": 0.1,
  "best_validation_span_acc": 0.05555555555555555,
  "best_validation_em": 0.05555555555555555,
  "best_validation_f1": 0.16805418812792533,
  "best_validation_loss": 10.561761538187662
}