{
  "best_epoch": 1,
  "peak_cpu_memory_MB": 3656.94,
  "peak_gpu_0_memory_MB": 8903,
  "peak_gpu_1_memory_MB": 10,
  "peak_gpu_2_memory_MB": 10,
  "peak_gpu_3_memory_MB": 5729,
  "training_duration": "00:05:27",
  "training_start_epoch": 0,
  "training_epochs": 10,
  "epoch": 10,
  "training_start_acc": 0.4837905236907731,
  "training_end_acc": 0.40648379052369077,
  "training_span_acc": 0.34413965087281795,
  "training_em": 0.3516209476309227,
  "training_f1": 0.4647437433645853,
  "training_loss": 2.668794659467844,
  "training_cpu_memory_MB": 3656.94,
  "training_gpu_0_memory_MB": 8903,
  "training_gpu_1_memory_MB": 10,
  "training_gpu_2_memory_MB": 10,
  "training_gpu_3_memory_MB": 5729,
  "validation_start_acc": 0.0989010989010989,
  "validation_end_acc": 0.12087912087912088,
  "validation_span_acc": 0.02197802197802198,
  "validation_em": 0.03296703296703297,
  "validation_f1": 0.16867470061596965,
  "validation_loss": 11.030831813812256,
  "best_validation_start_acc": 0.04395604395604396,
  "best_validation_end_acc": 0.0989010989010989,
  "best_validation_span_acc": 0.03296703296703297,
  "best_validation_em": 0.03296703296703297,
  "best_validation_f1": 0.15975963649993924,
  "best_validation_loss": 7.661368131637573
}