{
  "best_epoch": 17,
  "peak_cpu_memory_MB": 3626.016,
  "peak_gpu_0_memory_MB": 10787,
  "peak_gpu_1_memory_MB": 6755,
  "peak_gpu_2_memory_MB": 7173,
  "peak_gpu_3_memory_MB": 6755,
  "training_duration": "00:04:27",
  "training_start_epoch": 0,
  "training_epochs": 19,
  "epoch": 19,
  "training_start_acc": 0.9846938775510204,
  "training_end_acc": 0.9744897959183674,
  "training_span_acc": 0.9693877551020408,
  "training_em": 0.9489795918367347,
  "training_f1": 0.975066744438163,
  "training_loss": 0.125205037685541,
  "training_cpu_memory_MB": 3626.016,
  "training_gpu_0_memory_MB": 10787,
  "training_gpu_1_memory_MB": 6755,
  "training_gpu_2_memory_MB": 7173,
  "training_gpu_3_memory_MB": 6755,
  "validation_start_acc": 0.12222222222222222,
  "validation_end_acc": 0.15555555555555556,
  "validation_span_acc": 0.05555555555555555,
  "validation_em": 0.044444444444444446,
  "validation_f1": 0.27890904153565566,
  "validation_loss": 11.52966562906901,
  "best_validation_start_acc": 0.12222222222222222,
  "best_validation_end_acc": 0.14444444444444443,
  "best_validation_span_acc": 0.044444444444444446,
  "best_validation_em": 0.07777777777777778,
  "best_validation_f1": 0.29263101069713443,
  "best_validation_loss": 11.013101895650228
}