{
  "best_epoch": 1,
  "peak_cpu_memory_MB": 3656.94,
  "peak_gpu_0_memory_MB": 8903,
  "peak_gpu_1_memory_MB": 10,
  "peak_gpu_2_memory_MB": 10,
  "peak_gpu_3_memory_MB": 5731,
  "training_duration": "00:02:34",
  "training_start_epoch": 0,
  "training_epochs": 10,
  "epoch": 10,
  "training_start_acc": 0.4052631578947368,
  "training_end_acc": 0.37894736842105264,
  "training_span_acc": 0.28421052631578947,
  "training_em": 0.2736842105263158,
  "training_f1": 0.40597718923522,
  "training_loss": 2.8597619434197745,
  "training_cpu_memory_MB": 3656.94,
  "training_gpu_0_memory_MB": 8903,
  "training_gpu_1_memory_MB": 10,
  "training_gpu_2_memory_MB": 10,
  "training_gpu_3_memory_MB": 5731,
  "validation_start_acc": 0.08888888888888889,
  "validation_end_acc": 0.1,
  "validation_span_acc": 0.0,
  "validation_em": 0.022222222222222223,
  "validation_f1": 0.16722617072430523,
  "validation_loss": 10.638170083363852,
  "best_validation_start_acc": 0.07777777777777778,
  "best_validation_end_acc": 0.06666666666666667,
  "best_validation_span_acc": 0.03333333333333333,
  "best_validation_em": 0.044444444444444446,
  "best_validation_f1": 0.17409018660604358,
  "best_validation_loss": 8.056374867757162
}