{
  "best_epoch": 13,
  "peak_cpu_memory_MB": 3626.016,
  "peak_gpu_0_memory_MB": 10787,
  "peak_gpu_1_memory_MB": 6755,
  "peak_gpu_2_memory_MB": 7173,
  "peak_gpu_3_memory_MB": 6755,
  "training_duration": "00:04:14",
  "training_start_epoch": 0,
  "training_epochs": 19,
  "epoch": 19,
  "training_start_acc": 1.0,
  "training_end_acc": 1.0,
  "training_span_acc": 1.0,
  "training_em": 0.9842931937172775,
  "training_f1": 0.9908726003490401,
  "training_loss": 0.049719154834747314,
  "training_cpu_memory_MB": 3626.016,
  "training_gpu_0_memory_MB": 10787,
  "training_gpu_1_memory_MB": 6755,
  "training_gpu_2_memory_MB": 7173,
  "training_gpu_3_memory_MB": 6755,
  "validation_start_acc": 0.14444444444444443,
  "validation_end_acc": 0.14444444444444443,
  "validation_span_acc": 0.06666666666666667,
  "validation_em": 0.08888888888888889,
  "validation_f1": 0.26928435487574415,
  "validation_loss": 12.001165707906088,
  "best_validation_start_acc": 0.18888888888888888,
  "best_validation_end_acc": 0.16666666666666666,
  "best_validation_span_acc": 0.1,
  "best_validation_em": 0.13333333333333333,
  "best_validation_f1": 0.3175533342778436,
  "best_validation_loss": 10.800127665201822
}