{
  "best_epoch": 5,
  "peak_cpu_memory_MB": 2721.744,
  "peak_gpu_0_memory_MB": 10,
  "peak_gpu_1_memory_MB": 10,
  "peak_gpu_2_memory_MB": 10,
  "peak_gpu_3_memory_MB": 4869,
  "training_duration": "00:00:32",
  "training_start_epoch": 0,
  "training_epochs": 14,
  "epoch": 14,
  "training_start_acc": 0.08461538461538462,
  "training_end_acc": 0.23846153846153847,
  "training_span_acc": 0.023076923076923078,
  "training_em": 0.03076923076923077,
  "training_f1": 0.24109242712123463,
  "training_loss": 6.697301387786865,
  "training_cpu_memory_MB": 2721.744,
  "training_gpu_0_memory_MB": 10,
  "training_gpu_1_memory_MB": 10,
  "training_gpu_2_memory_MB": 10,
  "training_gpu_3_memory_MB": 4869,
  "validation_start_acc": 0.01098901098901099,
  "validation_end_acc": 0.06593406593406594,
  "validation_span_acc": 0.0,
  "validation_em": 0.0,
  "validation_f1": 0.1602941273130745,
  "validation_loss": 9.215668598810831,
  "best_validation_start_acc": 0.02197802197802198,
  "best_validation_end_acc": 0.08791208791208792,
  "best_validation_span_acc": 0.01098901098901099,
  "best_validation_em": 0.02197802197802198,
  "best_validation_f1": 0.1860302152506206,
  "best_validation_loss": 8.806469996770224
}