{
  "best_epoch": 3,
  "peak_cpu_memory_MB": 3632.992,
  "peak_gpu_0_memory_MB": 10,
  "peak_gpu_1_memory_MB": 10,
  "peak_gpu_2_memory_MB": 10,
  "peak_gpu_3_memory_MB": 5731,
  "training_duration": "00:02:47",
  "training_start_epoch": 0,
  "training_epochs": 12,
  "epoch": 12,
  "training_start_acc": 0.660377358490566,
  "training_end_acc": 0.6179245283018868,
  "training_span_acc": 0.5990566037735849,
  "training_em": 0.5849056603773585,
  "training_f1": 0.665873550137858,
  "training_loss": 1.7441606862204415,
  "training_cpu_memory_MB": 3632.992,
  "training_gpu_0_memory_MB": 10,
  "training_gpu_1_memory_MB": 10,
  "training_gpu_2_memory_MB": 10,
  "training_gpu_3_memory_MB": 5731,
  "validation_start_acc": 0.08791208791208792,
  "validation_end_acc": 0.054945054945054944,
  "validation_span_acc": 0.01098901098901099,
  "validation_em": 0.01098901098901099,
  "validation_f1": 0.12621421733303229,
  "validation_loss": 11.8648788134257,
  "best_validation_start_acc": 0.054945054945054944,
  "best_validation_end_acc": 0.054945054945054944,
  "best_validation_span_acc": 0.03296703296703297,
  "best_validation_em": 0.03296703296703297,
  "best_validation_f1": 0.11332463400120424,
  "best_validation_loss": 8.694497426350912
}