{
  "best_epoch": 9,
  "peak_cpu_memory_MB": 2708.152,
  "peak_gpu_0_memory_MB": 8903,
  "peak_gpu_1_memory_MB": 10,
  "peak_gpu_2_memory_MB": 10,
  "peak_gpu_3_memory_MB": 4223,
  "training_duration": "00:02:34",
  "training_start_epoch": 0,
  "training_epochs": 18,
  "epoch": 18,
  "training_start_acc": 0.9372693726937269,
  "training_end_acc": 0.9446494464944649,
  "training_span_acc": 0.9138991389913899,
  "training_em": 0.897908979089791,
  "training_f1": 0.9534471245308298,
  "training_loss": 0.34002073496287943,
  "training_cpu_memory_MB": 2708.152,
  "training_gpu_0_memory_MB": 8903,
  "training_gpu_1_memory_MB": 10,
  "training_gpu_2_memory_MB": 10,
  "training_gpu_3_memory_MB": 4223,
  "validation_start_acc": 0.14942528735632185,
  "validation_end_acc": 0.16091954022988506,
  "validation_span_acc": 0.06896551724137931,
  "validation_em": 0.09195402298850575,
  "validation_f1": 0.3004695287094176,
  "validation_loss": 13.662179152170816,
  "best_validation_start_acc": 0.11494252873563218,
  "best_validation_end_acc": 0.16091954022988506,
  "best_validation_span_acc": 0.08045977011494253,
  "best_validation_em": 0.10344827586206896,
  "best_validation_f1": 0.32336479772431237,
  "best_validation_loss": 9.563277085622152
}