{
  "best_epoch": 12,
  "peak_cpu_memory_MB": 3632.992,
  "peak_gpu_0_memory_MB": 10,
  "peak_gpu_1_memory_MB": 10,
  "peak_gpu_2_memory_MB": 10,
  "peak_gpu_3_memory_MB": 5739,
  "training_duration": "00:02:34",
  "training_start_epoch": 0,
  "training_epochs": 19,
  "epoch": 19,
  "training_start_acc": 0.9530284301606922,
  "training_end_acc": 0.9604449938195303,
  "training_span_acc": 0.9208899876390606,
  "training_em": 0.8986402966625463,
  "training_f1": 0.9560927741030218,
  "training_loss": 0.30622586702891424,
  "training_cpu_memory_MB": 3632.992,
  "training_gpu_0_memory_MB": 10,
  "training_gpu_1_memory_MB": 10,
  "training_gpu_2_memory_MB": 10,
  "training_gpu_3_memory_MB": 5739,
  "validation_start_acc": 0.13186813186813187,
  "validation_end_acc": 0.2087912087912088,
  "validation_span_acc": 0.07692307692307693,
  "validation_em": 0.08791208791208792,
  "validation_f1": 0.26173275726091344,
  "validation_loss": 13.812642574310303,
  "best_validation_start_acc": 0.13186813186813187,
  "best_validation_end_acc": 0.2087912087912088,
  "best_validation_span_acc": 0.0989010989010989,
  "best_validation_em": 0.0989010989010989,
  "best_validation_f1": 0.2745651308490678,
  "best_validation_loss": 11.308711369832357
}