{
  "best_epoch": 0,
  "peak_cpu_memory_MB": 2652.268,
  "peak_gpu_0_memory_MB": 10787,
  "peak_gpu_1_memory_MB": 10,
  "peak_gpu_2_memory_MB": 10,
  "peak_gpu_3_memory_MB": 5917,
  "training_duration": "00:01:10",
  "training_start_epoch": 0,
  "training_epochs": 9,
  "epoch": 9,
  "training_start_acc": 0.014814814814814815,
  "training_end_acc": 0.0962962962962963,
  "training_span_acc": 0.0,
  "training_em": 0.0,
  "training_f1": 0.14266838261939302,
  "training_loss": 8.709752009465145,
  "training_cpu_memory_MB": 2652.268,
  "training_gpu_0_memory_MB": 10787,
  "training_gpu_1_memory_MB": 10,
  "training_gpu_2_memory_MB": 10,
  "training_gpu_3_memory_MB": 5917,
  "validation_start_acc": 0.0,
  "validation_end_acc": 0.12222222222222222,
  "validation_span_acc": 0.0,
  "validation_em": 0.0,
  "validation_f1": 0.1833773460787197,
  "validation_loss": 8.407886584599813,
  "best_validation_start_acc": 0.022222222222222223,
  "best_validation_end_acc": 0.0,
  "best_validation_span_acc": 0.0,
  "best_validation_em": 0.0,
  "best_validation_f1": 0.16928712567003498,
  "best_validation_loss": 9.780590057373047
}