{
  "best_epoch": 15,
  "peak_cpu_memory_MB": 3867.7,
  "peak_gpu_0_memory_MB": 10,
  "peak_gpu_1_memory_MB": 10,
  "peak_gpu_2_memory_MB": 10,
  "peak_gpu_3_memory_MB": 6395,
  "training_duration": "00:10:39",
  "training_start_epoch": 0,
  "training_epochs": 19,
  "epoch": 19,
  "training_start_acc": 0.7132667617689016,
  "training_end_acc": 0.7703281027104137,
  "training_span_acc": 0.5249643366619116,
  "training_em": 0.5278174037089871,
  "training_f1": 0.8258262902420106,
  "training_loss": 0.9361684058200229,
  "training_cpu_memory_MB": 3867.7,
  "training_gpu_0_memory_MB": 10,
  "training_gpu_1_memory_MB": 10,
  "training_gpu_2_memory_MB": 10,
  "training_gpu_3_memory_MB": 6395,
  "validation_start_acc": 0.13186813186813187,
  "validation_end_acc": 0.27472527472527475,
  "validation_span_acc": 0.13186813186813187,
  "validation_em": 0.16483516483516483,
  "validation_f1": 0.34961444026581406,
  "validation_loss": 9.601528644561768,
  "best_validation_start_acc": 0.17582417582417584,
  "best_validation_end_acc": 0.25274725274725274,
  "best_validation_span_acc": 0.16483516483516483,
  "best_validation_em": 0.1978021978021978,
  "best_validation_f1": 0.38322106446792786,
  "best_validation_loss": 8.521838982899984
}