{
  "best_epoch": 12,
  "peak_cpu_memory_MB": 3656.94,
  "peak_gpu_0_memory_MB": 8903,
  "peak_gpu_1_memory_MB": 10,
  "peak_gpu_2_memory_MB": 10,
  "peak_gpu_3_memory_MB": 5731,
  "training_duration": "00:09:16",
  "training_start_epoch": 0,
  "training_epochs": 19,
  "epoch": 19,
  "training_start_acc": 0.9924050632911392,
  "training_end_acc": 0.9949367088607595,
  "training_span_acc": 0.9924050632911392,
  "training_em": 0.9544303797468354,
  "training_f1": 0.9849076287982333,
  "training_loss": 0.0415810442622751,
  "training_cpu_memory_MB": 3656.94,
  "training_gpu_0_memory_MB": 8903,
  "training_gpu_1_memory_MB": 10,
  "training_gpu_2_memory_MB": 10,
  "training_gpu_3_memory_MB": 5731,
  "validation_start_acc": 0.14444444444444443,
  "validation_end_acc": 0.06666666666666667,
  "validation_span_acc": 0.044444444444444446,
  "validation_em": 0.044444444444444446,
  "validation_f1": 0.1832270673937861,
  "validation_loss": 12.909055391947428,
  "best_validation_start_acc": 0.13333333333333333,
  "best_validation_end_acc": 0.14444444444444443,
  "best_validation_span_acc": 0.08888888888888889,
  "best_validation_em": 0.08888888888888889,
  "best_validation_f1": 0.22378517172493118,
  "best_validation_loss": 11.167689482371012
}