{
  "best_epoch": 8,
  "peak_cpu_memory_MB": 4614.648,
  "peak_gpu_0_memory_MB": 10,
  "peak_gpu_1_memory_MB": 10,
  "peak_gpu_2_memory_MB": 4415,
  "peak_gpu_3_memory_MB": 1993,
  "training_duration": "00:01:48",
  "training_start_epoch": 0,
  "training_epochs": 17,
  "epoch": 17,
  "training_start_acc": 0.02197802197802198,
  "training_end_acc": 0.17307692307692307,
  "training_span_acc": 0.008241758241758242,
  "training_em": 0.01098901098901099,
  "training_f1": 0.20085397973209246,
  "training_loss": 8.16653757509978,
  "training_cpu_memory_MB": 4614.648,
  "training_gpu_0_memory_MB": 10,
  "training_gpu_1_memory_MB": 10,
  "training_gpu_2_memory_MB": 4415,
  "training_gpu_3_memory_MB": 1993,
  "validation_start_acc": 0.0,
  "validation_end_acc": 0.1,
  "validation_span_acc": 0.011111111111111112,
  "validation_em": 0.03333333333333333,
  "validation_f1": 0.16506258353281877,
  "validation_loss": 8.553478399912516,
  "best_validation_start_acc": 0.022222222222222223,
  "best_validation_end_acc": 0.08888888888888889,
  "best_validation_span_acc": 0.011111111111111112,
  "best_validation_em": 0.03333333333333333,
  "best_validation_f1": 0.1688959245964667,
  "best_validation_loss": 8.637422720591227
}