{
  "best_epoch": 9,
  "peak_cpu_memory_MB": 3656.94,
  "peak_gpu_0_memory_MB": 8903,
  "peak_gpu_1_memory_MB": 10,
  "peak_gpu_2_memory_MB": 10,
  "peak_gpu_3_memory_MB": 5731,
  "training_duration": "00:08:51",
  "training_start_epoch": 0,
  "training_epochs": 18,
  "epoch": 18,
  "training_start_acc": 0.9975247524752475,
  "training_end_acc": 0.9876237623762376,
  "training_span_acc": 0.9900990099009901,
  "training_em": 0.9356435643564357,
  "training_f1": 0.9807619396572187,
  "training_loss": 0.09153952406576046,
  "training_cpu_memory_MB": 3656.94,
  "training_gpu_0_memory_MB": 8903,
  "training_gpu_1_memory_MB": 10,
  "training_gpu_2_memory_MB": 10,
  "training_gpu_3_memory_MB": 5731,
  "validation_start_acc": 0.13186813186813187,
  "validation_end_acc": 0.12087912087912088,
  "validation_span_acc": 0.04395604395604396,
  "validation_em": 0.054945054945054944,
  "validation_f1": 0.2609512019024095,
  "validation_loss": 13.740581512451172,
  "best_validation_start_acc": 0.12087912087912088,
  "best_validation_end_acc": 0.14285714285714285,
  "best_validation_span_acc": 0.054945054945054944,
  "best_validation_em": 0.07692307692307693,
  "best_validation_f1": 0.24766585663722313,
  "best_validation_loss": 10.143955866495768
}