{
  "best_epoch": 8,
  "peak_cpu_memory_MB": 3860.996,
  "peak_gpu_0_memory_MB": 10,
  "peak_gpu_1_memory_MB": 10,
  "peak_gpu_2_memory_MB": 10,
  "peak_gpu_3_memory_MB": 6395,
  "training_duration": "00:17:21",
  "training_start_epoch": 0,
  "training_epochs": 17,
  "epoch": 17,
  "training_start_acc": 0.6737438075017693,
  "training_end_acc": 0.7813163481953291,
  "training_span_acc": 0.5145081387119603,
  "training_em": 0.521585279547063,
  "training_f1": 0.82375275634525,
  "training_loss": 0.9366192646910635,
  "training_cpu_memory_MB": 3860.996,
  "training_gpu_0_memory_MB": 10,
  "training_gpu_1_memory_MB": 10,
  "training_gpu_2_memory_MB": 10,
  "training_gpu_3_memory_MB": 6395,
  "validation_start_acc": 0.2087912087912088,
  "validation_end_acc": 0.2857142857142857,
  "validation_span_acc": 0.14285714285714285,
  "validation_em": 0.18681318681318682,
  "validation_f1": 0.394477051664392,
  "validation_loss": 8.4631560643514,
  "best_validation_start_acc": 0.24175824175824176,
  "best_validation_end_acc": 0.27472527472527475,
  "best_validation_span_acc": 0.16483516483516483,
  "best_validation_em": 0.26373626373626374,
  "best_validation_f1": 0.49110393000233826,
  "best_validation_loss": 6.626700401306152
}