{
  "best_epoch": 14,
  "peak_cpu_memory_MB": 3632.992,
  "peak_gpu_0_memory_MB": 10,
  "peak_gpu_1_memory_MB": 10,
  "peak_gpu_2_memory_MB": 10,
  "peak_gpu_3_memory_MB": 5739,
  "training_duration": "00:01:56",
  "training_start_epoch": 0,
  "training_epochs": 19,
  "epoch": 19,
  "training_start_acc": 0.9603960396039604,
  "training_end_acc": 0.9521452145214522,
  "training_span_acc": 0.929042904290429,
  "training_em": 0.9042904290429042,
  "training_f1": 0.9615399446783869,
  "training_loss": 0.26118289669485467,
  "training_cpu_memory_MB": 3632.992,
  "training_gpu_0_memory_MB": 10,
  "training_gpu_1_memory_MB": 10,
  "training_gpu_2_memory_MB": 10,
  "training_gpu_3_memory_MB": 5739,
  "validation_start_acc": 0.14444444444444443,
  "validation_end_acc": 0.25555555555555554,
  "validation_span_acc": 0.07777777777777778,
  "validation_em": 0.07777777777777778,
  "validation_f1": 0.2916848738022915,
  "validation_loss": 14.920097986857096,
  "best_validation_start_acc": 0.13333333333333333,
  "best_validation_end_acc": 0.2222222222222222,
  "best_validation_span_acc": 0.08888888888888889,
  "best_validation_em": 0.08888888888888889,
  "best_validation_f1": 0.25752761709058714,
  "best_validation_loss": 12.404407024383545
}