{
  "best_epoch": 12,
  "peak_cpu_memory_MB": 2666.48,
  "peak_gpu_0_memory_MB": 10787,
  "peak_gpu_1_memory_MB": 10,
  "peak_gpu_2_memory_MB": 10,
  "peak_gpu_3_memory_MB": 8858,
  "training_duration": "00:03:59",
  "training_start_epoch": 0,
  "training_epochs": 19,
  "epoch": 19,
  "training_start_acc": 0.7453646477132262,
  "training_end_acc": 0.8491965389369592,
  "training_span_acc": 0.6847960444993819,
  "training_em": 0.681087762669963,
  "training_f1": 0.848385352733034,
  "training_loss": 1.3927448660719628,
  "training_cpu_memory_MB": 2666.48,
  "training_gpu_0_memory_MB": 10787,
  "training_gpu_1_memory_MB": 10,
  "training_gpu_2_memory_MB": 10,
  "training_gpu_3_memory_MB": 8858,
  "validation_start_acc": 0.10989010989010989,
  "validation_end_acc": 0.18681318681318682,
  "validation_span_acc": 0.08791208791208792,
  "validation_em": 0.0989010989010989,
  "validation_f1": 0.2390698847033345,
  "validation_loss": 11.47664992014567,
  "best_validation_start_acc": 0.12087912087912088,
  "best_validation_end_acc": 0.16483516483516483,
  "best_validation_span_acc": 0.10989010989010989,
  "best_validation_em": 0.12087912087912088,
  "best_validation_f1": 0.2436726700403388,
  "best_validation_loss": 9.444199879964193
}