{
  "best_epoch": 11,
  "peak_cpu_memory_MB": 3879.86,
  "peak_gpu_0_memory_MB": 10,
  "peak_gpu_1_memory_MB": 10,
  "peak_gpu_2_memory_MB": 10,
  "peak_gpu_3_memory_MB": 4237,
  "training_duration": "00:10:01",
  "training_start_epoch": 0,
  "training_epochs": 19,
  "epoch": 19,
  "training_start_acc": 0.7422680412371134,
  "training_end_acc": 0.7555228276877761,
  "training_span_acc": 0.561119293078056,
  "training_em": 0.5640648011782032,
  "training_f1": 0.832384138124634,
  "training_loss": 0.9076070698887803,
  "training_cpu_memory_MB": 3879.86,
  "training_gpu_0_memory_MB": 10,
  "training_gpu_1_memory_MB": 10,
  "training_gpu_2_memory_MB": 10,
  "training_gpu_3_memory_MB": 4237,
  "validation_start_acc": 0.07692307692307693,
  "validation_end_acc": 0.21978021978021978,
  "validation_span_acc": 0.02197802197802198,
  "validation_em": 0.054945054945054944,
  "validation_f1": 0.269880409235672,
  "validation_loss": 11.747766494750977,
  "best_validation_start_acc": 0.12087912087912088,
  "best_validation_end_acc": 0.2087912087912088,
  "best_validation_span_acc": 0.06593406593406594,
  "best_validation_em": 0.13186813186813187,
  "best_validation_f1": 0.3235173632484186,
  "best_validation_loss": 10.269628365834555
}