{
  "best_epoch": 1,
  "peak_cpu_memory_MB": 2739.988,
  "peak_gpu_0_memory_MB": 6121,
  "peak_gpu_1_memory_MB": 0,
  "peak_gpu_2_memory_MB": 0,
  "peak_gpu_3_memory_MB": 607,
  "training_duration": "00:01:31",
  "training_start_epoch": 0,
  "training_epochs": 10,
  "epoch": 10,
  "training_start_acc": 0.24029126213592233,
  "training_end_acc": 0.25970873786407767,
  "training_span_acc": 0.1407766990291262,
  "training_em": 0.14805825242718446,
  "training_f1": 0.2600282597697261,
  "training_loss": 4.427993297576904,
  "training_cpu_memory_MB": 2739.988,
  "training_gpu_0_memory_MB": 6121,
  "training_gpu_1_memory_MB": 0,
  "training_gpu_2_memory_MB": 0,
  "training_gpu_3_memory_MB": 607,
  "validation_start_acc": 0.044444444444444446,
  "validation_end_acc": 0.06666666666666667,
  "validation_span_acc": 0.011111111111111112,
  "validation_em": 0.011111111111111112,
  "validation_f1": 0.10048565104417902,
  "validation_loss": 10.93807872136434,
  "best_validation_start_acc": 0.044444444444444446,
  "best_validation_end_acc": 0.05555555555555555,
  "best_validation_span_acc": 0.011111111111111112,
  "best_validation_em": 0.011111111111111112,
  "best_validation_f1": 0.12409987589874893,
  "best_validation_loss": 8.491271813710531
}