{
  "best_epoch": 12,
  "peak_cpu_memory_MB": 3629.404,
  "peak_gpu_0_memory_MB": 8903,
  "peak_gpu_1_memory_MB": 10,
  "peak_gpu_2_memory_MB": 10,
  "peak_gpu_3_memory_MB": 4785,
  "training_duration": "00:12:22",
  "training_start_epoch": 0,
  "training_epochs": 19,
  "epoch": 19,
  "training_start_acc": 0.9901234567901235,
  "training_end_acc": 0.9938271604938271,
  "training_span_acc": 0.9864197530864197,
  "training_em": 0.9493827160493827,
  "training_f1": 0.9762758880723079,
  "training_loss": 0.049776399462465565,
  "training_cpu_memory_MB": 3629.404,
  "training_gpu_0_memory_MB": 8903,
  "training_gpu_1_memory_MB": 10,
  "training_gpu_2_memory_MB": 10,
  "training_gpu_3_memory_MB": 4785,
  "validation_start_acc": 0.15555555555555556,
  "validation_end_acc": 0.2,
  "validation_span_acc": 0.07777777777777778,
  "validation_em": 0.1111111111111111,
  "validation_f1": 0.2688674984241531,
  "validation_loss": 14.208545207977295,
  "best_validation_start_acc": 0.15555555555555556,
  "best_validation_end_acc": 0.2222222222222222,
  "best_validation_span_acc": 0.1,
  "best_validation_em": 0.14444444444444443,
  "best_validation_f1": 0.2999623658188705,
  "best_validation_loss": 12.213488419850668
}