{
  "best_epoch": 2,
  "peak_cpu_memory_MB": 2721.744,
  "peak_gpu_0_memory_MB": 10,
  "peak_gpu_1_memory_MB": 10,
  "peak_gpu_2_memory_MB": 10,
  "peak_gpu_3_memory_MB": 4871,
  "training_duration": "00:00:26",
  "training_start_epoch": 0,
  "training_epochs": 11,
  "epoch": 11,
  "training_start_acc": 0.08053691275167785,
  "training_end_acc": 0.3288590604026846,
  "training_span_acc": 0.040268456375838924,
  "training_em": 0.053691275167785234,
  "training_f1": 0.29211824557643945,
  "training_loss": 6.59799108505249,
  "training_cpu_memory_MB": 2721.744,
  "training_gpu_0_memory_MB": 10,
  "training_gpu_1_memory_MB": 10,
  "training_gpu_2_memory_MB": 10,
  "training_gpu_3_memory_MB": 4871,
  "validation_start_acc": 0.011494252873563218,
  "validation_end_acc": 0.08045977011494253,
  "validation_span_acc": 0.0,
  "validation_em": 0.011494252873563218,
  "validation_f1": 0.19838247242502682,
  "validation_loss": 9.766089598337809,
  "best_validation_start_acc": 0.011494252873563218,
  "best_validation_end_acc": 0.11494252873563218,
  "best_validation_span_acc": 0.0,
  "best_validation_em": 0.022988505747126436,
  "best_validation_f1": 0.22118359387322314,
  "best_validation_loss": 9.29994797706604
}