{
  "best_epoch": 2,
  "peak_cpu_memory_MB": 3656.296,
  "peak_gpu_0_memory_MB": 10,
  "peak_gpu_1_memory_MB": 10,
  "peak_gpu_2_memory_MB": 10,
  "peak_gpu_3_memory_MB": 5711,
  "training_duration": "00:01:22",
  "training_start_epoch": 0,
  "training_epochs": 11,
  "epoch": 11,
  "training_start_acc": 0.4230769230769231,
  "training_end_acc": 0.34615384615384615,
  "training_span_acc": 0.20512820512820512,
  "training_em": 0.20512820512820512,
  "training_f1": 0.36803645074976554,
  "training_loss": 2.8647502422332765,
  "training_cpu_memory_MB": 3656.296,
  "training_gpu_0_memory_MB": 10,
  "training_gpu_1_memory_MB": 10,
  "training_gpu_2_memory_MB": 10,
  "training_gpu_3_memory_MB": 5711,
  "validation_start_acc": 0.054945054945054944,
  "validation_end_acc": 0.03296703296703297,
  "validation_span_acc": 0.02197802197802198,
  "validation_em": 0.02197802197802198,
  "validation_f1": 0.13918077326886047,
  "validation_loss": 10.166693528493246,
  "best_validation_start_acc": 0.04395604395604396,
  "best_validation_end_acc": 0.0989010989010989,
  "best_validation_span_acc": 0.03296703296703297,
  "best_validation_em": 0.03296703296703297,
  "best_validation_f1": 0.1491075081021086,
  "best_validation_loss": 8.224387327829996
}