{
  "best_epoch": 5,
  "peak_cpu_memory_MB": 3632.992,
  "peak_gpu_0_memory_MB": 10,
  "peak_gpu_1_memory_MB": 10,
  "peak_gpu_2_memory_MB": 10,
  "peak_gpu_3_memory_MB": 5739,
  "training_duration": "00:00:33",
  "training_start_epoch": 0,
  "training_epochs": 14,
  "epoch": 14,
  "training_start_acc": 0.2857142857142857,
  "training_end_acc": 0.2955665024630542,
  "training_span_acc": 0.13793103448275862,
  "training_em": 0.1330049261083744,
  "training_f1": 0.2644905071768428,
  "training_loss": 4.101288483693049,
  "training_cpu_memory_MB": 3632.992,
  "training_gpu_0_memory_MB": 10,
  "training_gpu_1_memory_MB": 10,
  "training_gpu_2_memory_MB": 10,
  "training_gpu_3_memory_MB": 5739,
  "validation_start_acc": 0.03296703296703297,
  "validation_end_acc": 0.07692307692307693,
  "validation_span_acc": 0.01098901098901099,
  "validation_em": 0.01098901098901099,
  "validation_f1": 0.13512010901946658,
  "validation_loss": 11.015497843424479,
  "best_validation_start_acc": 0.04395604395604396,
  "best_validation_end_acc": 0.10989010989010989,
  "best_validation_span_acc": 0.02197802197802198,
  "best_validation_em": 0.02197802197802198,
  "best_validation_f1": 0.12729925104400225,
  "best_validation_loss": 9.153674602508545
}