{
  "best_epoch": 13,
  "peak_cpu_memory_MB": 4614.648,
  "peak_gpu_0_memory_MB": 10,
  "peak_gpu_1_memory_MB": 10,
  "peak_gpu_2_memory_MB": 3769,
  "peak_gpu_3_memory_MB": 1993,
  "training_duration": "00:03:35",
  "training_start_epoch": 0,
  "training_epochs": 19,
  "epoch": 19,
  "training_start_acc": 0.03812316715542522,
  "training_end_acc": 0.13343108504398826,
  "training_span_acc": 0.01466275659824047,
  "training_em": 0.013196480938416423,
  "training_f1": 0.1789094331310182,
  "training_loss": 7.926329779070477,
  "training_cpu_memory_MB": 4614.648,
  "training_gpu_0_memory_MB": 10,
  "training_gpu_1_memory_MB": 10,
  "training_gpu_2_memory_MB": 3769,
  "training_gpu_3_memory_MB": 1993,
  "validation_start_acc": 0.044444444444444446,
  "validation_end_acc": 0.08888888888888889,
  "validation_span_acc": 0.011111111111111112,
  "validation_em": 0.022222222222222223,
  "validation_f1": 0.19727684689260944,
  "validation_loss": 8.596927007039389,
  "best_validation_start_acc": 0.05555555555555555,
  "best_validation_end_acc": 0.07777777777777778,
  "best_validation_span_acc": 0.011111111111111112,
  "best_validation_em": 0.022222222222222223,
  "best_validation_f1": 0.19010687016242167,
  "best_validation_loss": 8.550129890441895
}