{
  "best_epoch": 0,
  "peak_cpu_memory_MB": 2721.744,
  "peak_gpu_0_memory_MB": 10,
  "peak_gpu_1_memory_MB": 10,
  "peak_gpu_2_memory_MB": 10,
  "peak_gpu_3_memory_MB": 4871,
  "training_duration": "00:00:22",
  "training_start_epoch": 0,
  "training_epochs": 9,
  "epoch": 9,
  "training_start_acc": 0.10191082802547771,
  "training_end_acc": 0.25477707006369427,
  "training_span_acc": 0.03184713375796178,
  "training_em": 0.03184713375796178,
  "training_f1": 0.21872508640399052,
  "training_loss": 7.0405271530151365,
  "training_cpu_memory_MB": 2721.744,
  "training_gpu_0_memory_MB": 10,
  "training_gpu_1_memory_MB": 10,
  "training_gpu_2_memory_MB": 10,
  "training_gpu_3_memory_MB": 4871,
  "validation_start_acc": 0.0,
  "validation_end_acc": 0.07777777777777778,
  "validation_span_acc": 0.0,
  "validation_em": 0.0,
  "validation_f1": 0.19040045302981315,
  "validation_loss": 8.699395974477133,
  "best_validation_start_acc": 0.0,
  "best_validation_end_acc": 0.044444444444444446,
  "best_validation_span_acc": 0.0,
  "best_validation_em": 0.0,
  "best_validation_f1": 0.14746453462576242,
  "best_validation_loss": 9.655951023101807
}