{
  "best_epoch": 12,
  "peak_cpu_memory_MB": 3621.028,
  "peak_gpu_0_memory_MB": 10787,
  "peak_gpu_1_memory_MB": 6755,
  "peak_gpu_2_memory_MB": 7173,
  "peak_gpu_3_memory_MB": 6755,
  "training_duration": "00:07:17",
  "training_start_epoch": 0,
  "training_epochs": 19,
  "epoch": 19,
  "training_start_acc": 0.9924433249370277,
  "training_end_acc": 0.9974811083123426,
  "training_span_acc": 0.9924433249370277,
  "training_em": 0.9345088161209067,
  "training_f1": 0.9733509511531547,
  "training_loss": 0.046445180494338274,
  "training_cpu_memory_MB": 3621.028,
  "training_gpu_0_memory_MB": 10787,
  "training_gpu_1_memory_MB": 6755,
  "training_gpu_2_memory_MB": 7173,
  "training_gpu_3_memory_MB": 6755,
  "validation_start_acc": 0.16666666666666666,
  "validation_end_acc": 0.17777777777777778,
  "validation_span_acc": 0.07777777777777778,
  "validation_em": 0.08888888888888889,
  "validation_f1": 0.22780286806155822,
  "validation_loss": 11.628736813863119,
  "best_validation_start_acc": 0.15555555555555556,
  "best_validation_end_acc": 0.24444444444444444,
  "best_validation_span_acc": 0.07777777777777778,
  "best_validation_em": 0.1111111111111111,
  "best_validation_f1": 0.2587048898376127,
  "best_validation_loss": 9.500799179077148
}