{
  "best_epoch": 7,
  "peak_cpu_memory_MB": 2652.268,
  "peak_gpu_0_memory_MB": 10787,
  "peak_gpu_1_memory_MB": 10,
  "peak_gpu_2_memory_MB": 10,
  "peak_gpu_3_memory_MB": 5917,
  "training_duration": "00:01:08",
  "training_start_epoch": 0,
  "training_epochs": 16,
  "epoch": 16,
  "training_start_acc": 0.023923444976076555,
  "training_end_acc": 0.11483253588516747,
  "training_span_acc": 0.004784688995215311,
  "training_em": 0.004784688995215311,
  "training_f1": 0.14344359661147935,
  "training_loss": 9.016530888421196,
  "training_cpu_memory_MB": 2652.268,
  "training_gpu_0_memory_MB": 10787,
  "training_gpu_1_memory_MB": 10,
  "training_gpu_2_memory_MB": 10,
  "training_gpu_3_memory_MB": 5917,
  "validation_start_acc": 0.022222222222222223,
  "validation_end_acc": 0.07777777777777778,
  "validation_span_acc": 0.0,
  "validation_em": 0.011111111111111112,
  "validation_f1": 0.16824067924114977,
  "validation_loss": 8.734906435012817,
  "best_validation_start_acc": 0.011111111111111112,
  "best_validation_end_acc": 0.08888888888888889,
  "best_validation_span_acc": 0.0,
  "best_validation_em": 0.022222222222222223,
  "best_validation_f1": 0.20196259420412446,
  "best_validation_loss": 9.09114122390747
}