{
  "best_epoch": 13,
  "peak_cpu_memory_MB": 3867.7,
  "peak_gpu_0_memory_MB": 10,
  "peak_gpu_1_memory_MB": 10,
  "peak_gpu_2_memory_MB": 10,
  "peak_gpu_3_memory_MB": 6399,
  "training_duration": "00:03:25",
  "training_start_epoch": 0,
  "training_epochs": 19,
  "epoch": 19,
  "training_start_acc": 0.6496815286624203,
  "training_end_acc": 0.802547770700637,
  "training_span_acc": 0.4713375796178344,
  "training_em": 0.46496815286624205,
  "training_f1": 0.822648900977808,
  "training_loss": 1.062822312116623,
  "training_cpu_memory_MB": 3867.7,
  "training_gpu_0_memory_MB": 10,
  "training_gpu_1_memory_MB": 10,
  "training_gpu_2_memory_MB": 10,
  "training_gpu_3_memory_MB": 6399,
  "validation_start_acc": 0.06593406593406594,
  "validation_end_acc": 0.07692307692307693,
  "validation_span_acc": 0.03296703296703297,
  "validation_em": 0.03296703296703297,
  "validation_f1": 0.24148122669322358,
  "validation_loss": 10.876993815104166,
  "best_validation_start_acc": 0.06593406593406594,
  "best_validation_end_acc": 0.08791208791208792,
  "best_validation_span_acc": 0.03296703296703297,
  "best_validation_em": 0.054945054945054944,
  "best_validation_f1": 0.2526628397255805,
  "best_validation_loss": 10.86998208363851
}