{
  "best_epoch": 5,
  "peak_cpu_memory_MB": 3867.7,
  "peak_gpu_0_memory_MB": 10,
  "peak_gpu_1_memory_MB": 10,
  "peak_gpu_2_memory_MB": 10,
  "peak_gpu_3_memory_MB": 6395,
  "training_duration": "00:11:19",
  "training_start_epoch": 0,
  "training_epochs": 14,
  "epoch": 14,
  "training_start_acc": 0.6761904761904762,
  "training_end_acc": 0.7609523809523809,
  "training_span_acc": 0.518095238095238,
  "training_em": 0.5219047619047619,
  "training_f1": 0.8239876486270244,
  "training_loss": 1.0200039527632974,
  "training_cpu_memory_MB": 3867.7,
  "training_gpu_0_memory_MB": 10,
  "training_gpu_1_memory_MB": 10,
  "training_gpu_2_memory_MB": 10,
  "training_gpu_3_memory_MB": 6395,
  "validation_start_acc": 0.23333333333333334,
  "validation_end_acc": 0.28888888888888886,
  "validation_span_acc": 0.15555555555555556,
  "validation_em": 0.2,
  "validation_f1": 0.4111491609832525,
  "validation_loss": 9.07565712928772,
  "best_validation_start_acc": 0.23333333333333334,
  "best_validation_end_acc": 0.3,
  "best_validation_span_acc": 0.18888888888888888,
  "best_validation_em": 0.2222222222222222,
  "best_validation_f1": 0.38349831609753154,
  "best_validation_loss": 7.128342628479004
}