{
  "best_epoch": 12,
  "peak_cpu_memory_MB": 3856.236,
  "peak_gpu_0_memory_MB": 10,
  "peak_gpu_1_memory_MB": 10,
  "peak_gpu_2_memory_MB": 10,
  "peak_gpu_3_memory_MB": 4237,
  "training_duration": "00:05:21",
  "training_start_epoch": 0,
  "training_epochs": 19,
  "epoch": 19,
  "training_start_acc": 0.651685393258427,
  "training_end_acc": 0.8370786516853933,
  "training_span_acc": 0.5280898876404494,
  "training_em": 0.5224719101123596,
  "training_f1": 0.8517481526790323,
  "training_loss": 1.023527483145396,
  "training_cpu_memory_MB": 3856.236,
  "training_gpu_0_memory_MB": 10,
  "training_gpu_1_memory_MB": 10,
  "training_gpu_2_memory_MB": 10,
  "training_gpu_3_memory_MB": 4237,
  "validation_start_acc": 0.06666666666666667,
  "validation_end_acc": 0.14444444444444443,
  "validation_span_acc": 0.022222222222222223,
  "validation_em": 0.05555555555555555,
  "validation_f1": 0.268741430452902,
  "validation_loss": 10.270024617513021,
  "best_validation_start_acc": 0.044444444444444446,
  "best_validation_end_acc": 0.14444444444444443,
  "best_validation_span_acc": 0.022222222222222223,
  "best_validation_em": 0.06666666666666667,
  "best_validation_f1": 0.226962237126426,
  "best_validation_loss": 9.640071233113607
}