{
  "best_epoch": 2,
  "peak_cpu_memory_MB": 3656.94,
  "peak_gpu_0_memory_MB": 8903,
  "peak_gpu_1_memory_MB": 10,
  "peak_gpu_2_memory_MB": 10,
  "peak_gpu_3_memory_MB": 5733,
  "training_duration": "00:01:34",
  "training_start_epoch": 0,
  "training_epochs": 11,
  "epoch": 11,
  "training_start_acc": 0.3372093023255814,
  "training_end_acc": 0.37209302325581395,
  "training_span_acc": 0.2558139534883721,
  "training_em": 0.2558139534883721,
  "training_f1": 0.3658004781634958,
  "training_loss": 2.9484315713246665,
  "training_cpu_memory_MB": 3656.94,
  "training_gpu_0_memory_MB": 8903,
  "training_gpu_1_memory_MB": 10,
  "training_gpu_2_memory_MB": 10,
  "training_gpu_3_memory_MB": 5733,
  "validation_start_acc": 0.03333333333333333,
  "validation_end_acc": 0.08888888888888889,
  "validation_span_acc": 0.011111111111111112,
  "validation_em": 0.011111111111111112,
  "validation_f1": 0.18779276941604978,
  "validation_loss": 9.913239161173502,
  "best_validation_start_acc": 0.07777777777777778,
  "best_validation_end_acc": 0.15555555555555556,
  "best_validation_span_acc": 0.03333333333333333,
  "best_validation_em": 0.05555555555555555,
  "best_validation_f1": 0.2350458544779701,
  "best_validation_loss": 7.906702200571696
}