{
  "best_epoch": 11,
  "peak_cpu_memory_MB": 3656.94,
  "peak_gpu_0_memory_MB": 8903,
  "peak_gpu_1_memory_MB": 10,
  "peak_gpu_2_memory_MB": 10,
  "peak_gpu_3_memory_MB": 5731,
  "training_duration": "00:08:46",
  "training_start_epoch": 0,
  "training_epochs": 19,
  "epoch": 19,
  "training_start_acc": 0.9974160206718347,
  "training_end_acc": 0.9922480620155039,
  "training_span_acc": 0.9948320413436692,
  "training_em": 0.958656330749354,
  "training_f1": 0.9817354843211843,
  "training_loss": 0.04448583478108049,
  "training_cpu_memory_MB": 3656.94,
  "training_gpu_0_memory_MB": 8903,
  "training_gpu_1_memory_MB": 10,
  "training_gpu_2_memory_MB": 10,
  "training_gpu_3_memory_MB": 5731,
  "validation_start_acc": 0.10344827586206896,
  "validation_end_acc": 0.16091954022988506,
  "validation_span_acc": 0.05747126436781609,
  "validation_em": 0.06896551724137931,
  "validation_f1": 0.2967386817954032,
  "validation_loss": 12.982438405354818,
  "best_validation_start_acc": 0.14942528735632185,
  "best_validation_end_acc": 0.19540229885057472,
  "best_validation_span_acc": 0.11494252873563218,
  "best_validation_em": 0.12643678160919541,
  "best_validation_f1": 0.33910433917070554,
  "best_validation_loss": 11.284807523091635
}