{
  "best_epoch": 3,
  "peak_cpu_memory_MB": 3866.676,
  "peak_gpu_0_memory_MB": 10,
  "peak_gpu_1_memory_MB": 10,
  "peak_gpu_2_memory_MB": 10,
  "peak_gpu_3_memory_MB": 4237,
  "training_duration": "00:02:34",
  "training_start_epoch": 0,
  "training_epochs": 12,
  "epoch": 12,
  "training_start_acc": 0.651685393258427,
  "training_end_acc": 0.797752808988764,
  "training_span_acc": 0.5112359550561798,
  "training_em": 0.5280898876404494,
  "training_f1": 0.830479006027607,
  "training_loss": 1.202874203523,
  "training_cpu_memory_MB": 3866.676,
  "training_gpu_0_memory_MB": 10,
  "training_gpu_1_memory_MB": 10,
  "training_gpu_2_memory_MB": 10,
  "training_gpu_3_memory_MB": 4237,
  "validation_start_acc": 0.044444444444444446,
  "validation_end_acc": 0.14444444444444443,
  "validation_span_acc": 0.011111111111111112,
  "validation_em": 0.011111111111111112,
  "validation_f1": 0.1873008878012681,
  "validation_loss": 10.421756426493326,
  "best_validation_start_acc": 0.03333333333333333,
  "best_validation_end_acc": 0.1111111111111111,
  "best_validation_span_acc": 0.011111111111111112,
  "best_validation_em": 0.011111111111111112,
  "best_validation_f1": 0.17955109756062926,
  "best_validation_loss": 8.38508669535319
}