{
  "best_epoch": 6,
  "peak_cpu_memory_MB": 3879.86,
  "peak_gpu_0_memory_MB": 10,
  "peak_gpu_1_memory_MB": 10,
  "peak_gpu_2_memory_MB": 10,
  "peak_gpu_3_memory_MB": 4237,
  "training_duration": "00:11:39",
  "training_start_epoch": 0,
  "training_epochs": 15,
  "epoch": 15,
  "training_start_acc": 0.6893576222435283,
  "training_end_acc": 0.7564717162032598,
  "training_span_acc": 0.5081495685522531,
  "training_em": 0.5110258868648131,
  "training_f1": 0.8140558856571293,
  "training_loss": 1.009166032075882,
  "training_cpu_memory_MB": 3879.86,
  "training_gpu_0_memory_MB": 10,
  "training_gpu_1_memory_MB": 10,
  "training_gpu_2_memory_MB": 10,
  "training_gpu_3_memory_MB": 4237,
  "validation_start_acc": 0.2222222222222222,
  "validation_end_acc": 0.2777777777777778,
  "validation_span_acc": 0.1111111111111111,
  "validation_em": 0.16666666666666666,
  "validation_f1": 0.38737039331105716,
  "validation_loss": 9.52398411432902,
  "best_validation_start_acc": 0.2222222222222222,
  "best_validation_end_acc": 0.2222222222222222,
  "best_validation_span_acc": 0.14444444444444443,
  "best_validation_em": 0.18888888888888888,
  "best_validation_f1": 0.3452116137536487,
  "best_validation_loss": 7.385648965835571
}