{
  "best_epoch": 0,
  "peak_cpu_memory_MB": 2652.268,
  "peak_gpu_0_memory_MB": 10787,
  "peak_gpu_1_memory_MB": 10,
  "peak_gpu_2_memory_MB": 10,
  "peak_gpu_3_memory_MB": 5917,
  "training_duration": "00:00:23",
  "training_start_epoch": 0,
  "training_epochs": 9,
  "epoch": 9,
  "training_start_acc": 0.043478260869565216,
  "training_end_acc": 0.010869565217391304,
  "training_span_acc": 0.0,
  "training_em": 0.0,
  "training_f1": 0.13288855334665317,
  "training_loss": 9.986368656158447,
  "training_cpu_memory_MB": 2652.268,
  "training_gpu_0_memory_MB": 10787,
  "training_gpu_1_memory_MB": 10,
  "training_gpu_2_memory_MB": 10,
  "training_gpu_3_memory_MB": 5917,
  "validation_start_acc": 0.022222222222222223,
  "validation_end_acc": 0.05555555555555555,
  "validation_span_acc": 0.0,
  "validation_em": 0.0,
  "validation_f1": 0.16407969754720603,
  "validation_loss": 9.754846096038818,
  "best_validation_start_acc": 0.022222222222222223,
  "best_validation_end_acc": 0.011111111111111112,
  "best_validation_span_acc": 0.0,
  "best_validation_em": 0.0,
  "best_validation_f1": 0.061011725202901684,
  "best_validation_loss": 9.803801536560059
}