{
  "best_epoch": 17,
  "peak_cpu_memory_MB": 3621.028,
  "peak_gpu_0_memory_MB": 10787,
  "peak_gpu_1_memory_MB": 6755,
  "peak_gpu_2_memory_MB": 7173,
  "peak_gpu_3_memory_MB": 6755,
  "training_duration": "00:07:10",
  "training_start_epoch": 0,
  "training_epochs": 19,
  "epoch": 19,
  "training_start_acc": 0.9947916666666666,
  "training_end_acc": 0.9947916666666666,
  "training_span_acc": 0.9947916666666666,
  "training_em": 0.9505208333333334,
  "training_f1": 0.9786256081994629,
  "training_loss": 0.03028056165203452,
  "training_cpu_memory_MB": 3621.028,
  "training_gpu_0_memory_MB": 10787,
  "training_gpu_1_memory_MB": 6755,
  "training_gpu_2_memory_MB": 7173,
  "training_gpu_3_memory_MB": 6755,
  "validation_start_acc": 0.15555555555555556,
  "validation_end_acc": 0.2222222222222222,
  "validation_span_acc": 0.1,
  "validation_em": 0.1,
  "validation_f1": 0.25118493072737436,
  "validation_loss": 12.71838903427124,
  "best_validation_start_acc": 0.18888888888888888,
  "best_validation_end_acc": 0.2222222222222222,
  "best_validation_span_acc": 0.12222222222222222,
  "best_validation_em": 0.12222222222222222,
  "best_validation_f1": 0.2730102559981636,
  "best_validation_loss": 11.88345750172933
}