{
  "best_epoch": 8,
  "peak_cpu_memory_MB": 3867.7,
  "peak_gpu_0_memory_MB": 10,
  "peak_gpu_1_memory_MB": 10,
  "peak_gpu_2_memory_MB": 10,
  "peak_gpu_3_memory_MB": 6395,
  "training_duration": "00:09:29",
  "training_start_epoch": 0,
  "training_epochs": 17,
  "epoch": 17,
  "training_start_acc": 0.7063829787234043,
  "training_end_acc": 0.7631205673758865,
  "training_span_acc": 0.5177304964539007,
  "training_em": 0.5177304964539007,
  "training_f1": 0.8272859457689189,
  "training_loss": 0.9433322111765544,
  "training_cpu_memory_MB": 3867.7,
  "training_gpu_0_memory_MB": 10,
  "training_gpu_1_memory_MB": 10,
  "training_gpu_2_memory_MB": 10,
  "training_gpu_3_memory_MB": 6395,
  "validation_start_acc": 0.17582417582417584,
  "validation_end_acc": 0.17582417582417584,
  "validation_span_acc": 0.06593406593406594,
  "validation_em": 0.12087912087912088,
  "validation_f1": 0.31394651538523455,
  "validation_loss": 10.109994570414225,
  "best_validation_start_acc": 0.18681318681318682,
  "best_validation_end_acc": 0.23076923076923078,
  "best_validation_span_acc": 0.0989010989010989,
  "best_validation_em": 0.15384615384615385,
  "best_validation_f1": 0.34780849129908475,
  "best_validation_loss": 8.448905070622763
}