{
  "best_epoch": 6,
  "peak_cpu_memory_MB": 3593.744,
  "peak_gpu_0_memory_MB": 8903,
  "peak_gpu_1_memory_MB": 10,
  "peak_gpu_2_memory_MB": 10,
  "peak_gpu_3_memory_MB": 4001,
  "training_duration": "00:09:58",
  "training_start_epoch": 0,
  "training_epochs": 15,
  "epoch": 15,
  "training_start_acc": 0.9903030303030304,
  "training_end_acc": 0.9854545454545455,
  "training_span_acc": 0.9806060606060606,
  "training_em": 0.9490909090909091,
  "training_f1": 0.9796715843838862,
  "training_loss": 0.08178480290091382,
  "training_cpu_memory_MB": 3593.744,
  "training_gpu_0_memory_MB": 8903,
  "training_gpu_1_memory_MB": 10,
  "training_gpu_2_memory_MB": 10,
  "training_gpu_3_memory_MB": 4001,
  "validation_start_acc": 0.1111111111111111,
  "validation_end_acc": 0.2222222222222222,
  "validation_span_acc": 0.047619047619047616,
  "validation_em": 0.12698412698412698,
  "validation_f1": 0.4416422734172686,
  "validation_loss": 14.402465343475342,
  "best_validation_start_acc": 0.1746031746031746,
  "best_validation_end_acc": 0.19047619047619047,
  "best_validation_span_acc": 0.06349206349206349,
  "best_validation_em": 0.2222222222222222,
  "best_validation_f1": 0.5082978575643291,
  "best_validation_loss": 10.092010974884033
}