{
  "best_epoch": 14,
  "peak_cpu_memory_MB": 3632.992,
  "peak_gpu_0_memory_MB": 10,
  "peak_gpu_1_memory_MB": 10,
  "peak_gpu_2_memory_MB": 10,
  "peak_gpu_3_memory_MB": 5739,
  "training_duration": "00:02:34",
  "training_start_epoch": 0,
  "training_epochs": 19,
  "epoch": 19,
  "training_start_acc": 0.8899876390605687,
  "training_end_acc": 0.9295426452410384,
  "training_span_acc": 0.8665018541409147,
  "training_em": 0.8529048207663782,
  "training_f1": 0.9322692979412726,
  "training_loss": 0.633111097649032,
  "training_cpu_memory_MB": 3632.992,
  "training_gpu_0_memory_MB": 10,
  "training_gpu_1_memory_MB": 10,
  "training_gpu_2_memory_MB": 10,
  "training_gpu_3_memory_MB": 5739,
  "validation_start_acc": 0.12087912087912088,
  "validation_end_acc": 0.24175824175824176,
  "validation_span_acc": 0.06593406593406594,
  "validation_em": 0.06593406593406594,
  "validation_f1": 0.27188004032347596,
  "validation_loss": 13.86384646097819,
  "best_validation_start_acc": 0.14285714285714285,
  "best_validation_end_acc": 0.2087912087912088,
  "best_validation_span_acc": 0.06593406593406594,
  "best_validation_em": 0.06593406593406594,
  "best_validation_f1": 0.2545915353017597,
  "best_validation_loss": 12.225117047627768
}