{
  "best_epoch": 2,
  "peak_cpu_memory_MB": 2708.152,
  "peak_gpu_0_memory_MB": 8903,
  "peak_gpu_1_memory_MB": 10,
  "peak_gpu_2_memory_MB": 10,
  "peak_gpu_3_memory_MB": 5519,
  "training_duration": "00:00:29",
  "training_start_epoch": 0,
  "training_epochs": 11,
  "epoch": 11,
  "training_start_acc": 0.30049261083743845,
  "training_end_acc": 0.29064039408866993,
  "training_span_acc": 0.1921182266009852,
  "training_em": 0.2019704433497537,
  "training_f1": 0.3356929329916931,
  "training_loss": 4.101905382596529,
  "training_cpu_memory_MB": 2708.152,
  "training_gpu_0_memory_MB": 8903,
  "training_gpu_1_memory_MB": 10,
  "training_gpu_2_memory_MB": 10,
  "training_gpu_3_memory_MB": 5519,
  "validation_start_acc": 0.03296703296703297,
  "validation_end_acc": 0.08791208791208792,
  "validation_span_acc": 0.01098901098901099,
  "validation_em": 0.01098901098901099,
  "validation_f1": 0.15543122699207337,
  "validation_loss": 10.970552762349447,
  "best_validation_start_acc": 0.04395604395604396,
  "best_validation_end_acc": 0.10989010989010989,
  "best_validation_span_acc": 0.02197802197802198,
  "best_validation_em": 0.02197802197802198,
  "best_validation_f1": 0.15445132959416066,
  "best_validation_loss": 8.288421789805094
}