{
  "best_epoch": 2,
  "peak_cpu_memory_MB": 4614.648,
  "peak_gpu_0_memory_MB": 10,
  "peak_gpu_1_memory_MB": 10,
  "peak_gpu_2_memory_MB": 4413,
  "peak_gpu_3_memory_MB": 1993,
  "training_duration": "00:02:14",
  "training_start_epoch": 0,
  "training_epochs": 11,
  "epoch": 11,
  "training_start_acc": 0.01969057665260197,
  "training_end_acc": 0.11954992967651196,
  "training_span_acc": 0.005625879043600563,
  "training_em": 0.007032348804500703,
  "training_f1": 0.1595451680320465,
  "training_loss": 8.048932838439942,
  "training_cpu_memory_MB": 4614.648,
  "training_gpu_0_memory_MB": 10,
  "training_gpu_1_memory_MB": 10,
  "training_gpu_2_memory_MB": 4413,
  "training_gpu_3_memory_MB": 1993,
  "validation_start_acc": 0.03333333333333333,
  "validation_end_acc": 0.07777777777777778,
  "validation_span_acc": 0.0,
  "validation_em": 0.0,
  "validation_f1": 0.1657904156105895,
  "validation_loss": 8.33633295694987,
  "best_validation_start_acc": 0.0,
  "best_validation_end_acc": 0.08888888888888889,
  "best_validation_span_acc": 0.0,
  "best_validation_em": 0.011111111111111112,
  "best_validation_f1": 0.16881107729638425,
  "best_validation_loss": 8.687716007232666
}