{
  "best_epoch": 13,
  "peak_cpu_memory_MB": 3227.652,
  "peak_gpu_0_memory_MB": 10,
  "peak_gpu_1_memory_MB": 10,
  "peak_gpu_2_memory_MB": 10,
  "peak_gpu_3_memory_MB": 6395,
  "training_duration": "00:19:08",
  "training_start_epoch": 0,
  "training_epochs": 19,
  "epoch": 19,
  "training_start_acc": 0.6924177396280401,
  "training_end_acc": 0.7639484978540773,
  "training_span_acc": 0.5200286123032904,
  "training_em": 0.5236051502145923,
  "training_f1": 0.8216613079244702,
  "training_loss": 0.9290024116635323,
  "training_cpu_memory_MB": 3227.652,
  "training_gpu_0_memory_MB": 10,
  "training_gpu_1_memory_MB": 10,
  "training_gpu_2_memory_MB": 10,
  "training_gpu_3_memory_MB": 6395,
  "validation_start_acc": 0.15384615384615385,
  "validation_end_acc": 0.2967032967032967,
  "validation_span_acc": 0.0989010989010989,
  "validation_em": 0.18681318681318682,
  "validation_f1": 0.34975139170519776,
  "validation_loss": 10.26171096165975,
  "best_validation_start_acc": 0.1978021978021978,
  "best_validation_end_acc": 0.26373626373626374,
  "best_validation_span_acc": 0.14285714285714285,
  "best_validation_em": 0.25274725274725274,
  "best_validation_f1": 0.36409850879127686,
  "best_validation_loss": 9.062804063161215
}