{
  "best_epoch": 0,
  "peak_cpu_memory_MB": 2708.152,
  "peak_gpu_0_memory_MB": 8903,
  "peak_gpu_1_memory_MB": 10,
  "peak_gpu_2_memory_MB": 10,
  "peak_gpu_3_memory_MB": 6195,
  "training_duration": "00:00:14",
  "training_start_epoch": 0,
  "training_epochs": 9,
  "epoch": 9,
  "training_start_acc": 0.18478260869565216,
  "training_end_acc": 0.21739130434782608,
  "training_span_acc": 0.05434782608695652,
  "training_em": 0.06521739130434782,
  "training_f1": 0.23777967283400406,
  "training_loss": 5.650989532470703,
  "training_cpu_memory_MB": 2708.152,
  "training_gpu_0_memory_MB": 8903,
  "training_gpu_1_memory_MB": 10,
  "training_gpu_2_memory_MB": 10,
  "training_gpu_3_memory_MB": 6195,
  "validation_start_acc": 0.044444444444444446,
  "validation_end_acc": 0.05555555555555555,
  "validation_span_acc": 0.011111111111111112,
  "validation_em": 0.011111111111111112,
  "validation_f1": 0.18459558174727655,
  "validation_loss": 9.379741668701172,
  "best_validation_start_acc": 0.03333333333333333,
  "best_validation_end_acc": 0.05555555555555555,
  "best_validation_span_acc": 0.0,
  "best_validation_em": 0.011111111111111112,
  "best_validation_f1": 0.15584051274738245,
  "best_validation_loss": 9.616039911905924
}