{
  "best_epoch": 17,
  "peak_cpu_memory_MB": 2666.48,
  "peak_gpu_0_memory_MB": 10787,
  "peak_gpu_1_memory_MB": 10,
  "peak_gpu_2_memory_MB": 10,
  "peak_gpu_3_memory_MB": 8858,
  "training_duration": "00:04:43",
  "training_start_epoch": 0,
  "training_epochs": 19,
  "epoch": 19,
  "training_start_acc": 0.8049382716049382,
  "training_end_acc": 0.8617283950617284,
  "training_span_acc": 0.7419753086419754,
  "training_em": 0.7382716049382716,
  "training_f1": 0.859103118568156,
  "training_loss": 1.1666291823574142,
  "training_cpu_memory_MB": 2666.48,
  "training_gpu_0_memory_MB": 10787,
  "training_gpu_1_memory_MB": 10,
  "training_gpu_2_memory_MB": 10,
  "training_gpu_3_memory_MB": 8858,
  "validation_start_acc": 0.18888888888888888,
  "validation_end_acc": 0.2777777777777778,
  "validation_span_acc": 0.12222222222222222,
  "validation_em": 0.15555555555555556,
  "validation_f1": 0.3801231867197871,
  "validation_loss": 10.383968194325766,
  "best_validation_start_acc": 0.18888888888888888,
  "best_validation_end_acc": 0.24444444444444444,
  "best_validation_span_acc": 0.12222222222222222,
  "best_validation_em": 0.16666666666666666,
  "best_validation_f1": 0.3676980860844487,
  "best_validation_loss": 10.103683789571127
}