{
  "best_epoch": 8,
  "peak_cpu_memory_MB": 2686.588,
  "peak_gpu_0_memory_MB": 2709,
  "peak_gpu_1_memory_MB": 0,
  "peak_gpu_2_memory_MB": 0,
  "peak_gpu_3_memory_MB": 607,
  "training_duration": "00:06:32",
  "training_start_epoch": 0,
  "training_epochs": 29,
  "epoch": 29,
  "training_start_acc": 0.7013142174432497,
  "training_end_acc": 0.7550776583034647,
  "training_span_acc": 0.6606929510155317,
  "training_em": 0.6594982078853047,
  "training_f1": 0.7360489319722432,
  "training_loss": 1.5394033418511444,
  "training_cpu_memory_MB": 2686.588,
  "training_gpu_0_memory_MB": 2709,
  "training_gpu_1_memory_MB": 0,
  "training_gpu_2_memory_MB": 0,
  "training_gpu_3_memory_MB": 0,
  "validation_start_acc": 0.031746031746031744,
  "validation_end_acc": 0.1111111111111111,
  "validation_span_acc": 0.031746031746031744,
  "validation_em": 0.047619047619047616,
  "validation_f1": 0.1861347562206465,
  "validation_loss": 13.680598020553589,
  "best_validation_start_acc": 0.047619047619047616,
  "best_validation_end_acc": 0.12698412698412698,
  "best_validation_span_acc": 0.047619047619047616,
  "best_validation_em": 0.06349206349206349,
  "best_validation_f1": 0.22505134095477325,
  "best_validation_loss": 9.938037395477295
}