{
  "best_epoch": 8,
  "peak_cpu_memory_MB": 2695.52,
  "peak_gpu_0_memory_MB": 2709,
  "peak_gpu_1_memory_MB": 0,
  "peak_gpu_2_memory_MB": 0,
  "peak_gpu_3_memory_MB": 607,
  "training_duration": "00:04:10",
  "training_start_epoch": 0,
  "training_epochs": 17,
  "epoch": 17,
  "training_start_acc": 0.6260454002389486,
  "training_end_acc": 0.6702508960573477,
  "training_span_acc": 0.5555555555555556,
  "training_em": 0.5567502986857825,
  "training_f1": 0.6543867789941326,
  "training_loss": 1.9413464294289642,
  "training_cpu_memory_MB": 2695.468,
  "training_gpu_0_memory_MB": 2709,
  "training_gpu_1_memory_MB": 0,
  "training_gpu_2_memory_MB": 0,
  "training_gpu_3_memory_MB": 607,
  "validation_start_acc": 0.047619047619047616,
  "validation_end_acc": 0.14285714285714285,
  "validation_span_acc": 0.047619047619047616,
  "validation_em": 0.06349206349206349,
  "validation_f1": 0.3032626708780724,
  "validation_loss": 13.41487741470337,
  "best_validation_start_acc": 0.031746031746031744,
  "best_validation_end_acc": 0.14285714285714285,
  "best_validation_span_acc": 0.047619047619047616,
  "best_validation_em": 0.07936507936507936,
  "best_validation_f1": 0.31761535367182964,
  "best_validation_loss": 10.216697692871094
}