{
  "best_epoch": 1,
  "peak_cpu_memory_MB": 2689.024,
  "peak_gpu_0_memory_MB": 2073,
  "peak_gpu_1_memory_MB": 0,
  "peak_gpu_2_memory_MB": 0,
  "peak_gpu_3_memory_MB": 607,
  "training_duration": "00:02:34",
  "training_start_epoch": 0,
  "training_epochs": 10,
  "epoch": 10,
  "training_start_acc": 0.38829151732377537,
  "training_end_acc": 0.42054958183990443,
  "training_span_acc": 0.31660692951015534,
  "training_em": 0.3213859020310633,
  "training_f1": 0.42407266108649655,
  "training_loss": 3.4686493828611553,
  "training_cpu_memory_MB": 2689.008,
  "training_gpu_0_memory_MB": 2073,
  "training_gpu_1_memory_MB": 0,
  "training_gpu_2_memory_MB": 0,
  "training_gpu_3_memory_MB": 607,
  "validation_start_acc": 0.06349206349206349,
  "validation_end_acc": 0.06349206349206349,
  "validation_span_acc": 0.047619047619047616,
  "validation_em": 0.047619047619047616,
  "validation_f1": 0.20581638476104497,
  "validation_loss": 10.784598588943481,
  "best_validation_start_acc": 0.09523809523809523,
  "best_validation_end_acc": 0.047619047619047616,
  "best_validation_span_acc": 0.031746031746031744,
  "best_validation_em": 0.047619047619047616,
  "best_validation_f1": 0.14965979200685275,
  "best_validation_loss": 8.410186052322388
}