{
  "best_epoch": 16,
  "peak_cpu_memory_MB": 2666.48,
  "peak_gpu_0_memory_MB": 10787,
  "peak_gpu_1_memory_MB": 10,
  "peak_gpu_2_memory_MB": 10,
  "peak_gpu_3_memory_MB": 9802,
  "training_duration": "00:03:55",
  "training_start_epoch": 0,
  "training_epochs": 19,
  "epoch": 19,
  "training_start_acc": 0.917283950617284,
  "training_end_acc": 0.9395061728395062,
  "training_span_acc": 0.8901234567901235,
  "training_em": 0.8629629629629629,
  "training_f1": 0.9269801286010273,
  "training_loss": 0.45304353407346737,
  "training_cpu_memory_MB": 2666.48,
  "training_gpu_0_memory_MB": 10787,
  "training_gpu_1_memory_MB": 10,
  "training_gpu_2_memory_MB": 10,
  "training_gpu_3_memory_MB": 9802,
  "validation_start_acc": 0.13333333333333333,
  "validation_end_acc": 0.24444444444444444,
  "validation_span_acc": 0.08888888888888889,
  "validation_em": 0.14444444444444443,
  "validation_f1": 0.3109266832429026,
  "validation_loss": 13.773752530415853,
  "best_validation_start_acc": 0.17777777777777778,
  "best_validation_end_acc": 0.2111111111111111,
  "best_validation_span_acc": 0.1111111111111111,
  "best_validation_em": 0.16666666666666666,
  "best_validation_f1": 0.323166781235126,
  "best_validation_loss": 12.63627036412557
}