{
  "best_epoch": 5,
  "peak_cpu_memory_MB": 2721.744,
  "peak_gpu_0_memory_MB": 10,
  "peak_gpu_1_memory_MB": 10,
  "peak_gpu_2_memory_MB": 10,
  "peak_gpu_3_memory_MB": 4867,
  "training_duration": "00:01:02",
  "training_start_epoch": 0,
  "training_epochs": 14,
  "epoch": 14,
  "training_start_acc": 0.32571428571428573,
  "training_end_acc": 0.58,
  "training_span_acc": 0.21714285714285714,
  "training_em": 0.23714285714285716,
  "training_f1": 0.6070981068019117,
  "training_loss": 3.519046837633306,
  "training_cpu_memory_MB": 2721.744,
  "training_gpu_0_memory_MB": 10,
  "training_gpu_1_memory_MB": 10,
  "training_gpu_2_memory_MB": 10,
  "training_gpu_3_memory_MB": 4867,
  "validation_start_acc": 0.06666666666666667,
  "validation_end_acc": 0.13333333333333333,
  "validation_span_acc": 0.011111111111111112,
  "validation_em": 0.03333333333333333,
  "validation_f1": 0.21514054875961597,
  "validation_loss": 9.750401496887207,
  "best_validation_start_acc": 0.022222222222222223,
  "best_validation_end_acc": 0.13333333333333333,
  "best_validation_span_acc": 0.03333333333333333,
  "best_validation_em": 0.044444444444444446,
  "best_validation_f1": 0.1836336163279469,
  "best_validation_loss": 8.616077343622843
}