{
  "best_epoch": 13,
  "peak_cpu_memory_MB": 3659.656,
  "peak_gpu_0_memory_MB": 10787,
  "peak_gpu_1_memory_MB": 10,
  "peak_gpu_2_memory_MB": 10,
  "peak_gpu_3_memory_MB": 5705,
  "training_duration": "00:11:14",
  "training_start_epoch": 0,
  "training_epochs": 19,
  "epoch": 19,
  "training_start_acc": 0.9950083194675541,
  "training_end_acc": 0.9966722129783694,
  "training_span_acc": 0.9933444259567388,
  "training_em": 0.9484193011647255,
  "training_f1": 0.9789449493616905,
  "training_loss": 0.04121996195202595,
  "training_cpu_memory_MB": 3659.656,
  "training_gpu_0_memory_MB": 10787,
  "training_gpu_1_memory_MB": 10,
  "training_gpu_2_memory_MB": 10,
  "training_gpu_3_memory_MB": 5705,
  "validation_start_acc": 0.17582417582417584,
  "validation_end_acc": 0.15384615384615385,
  "validation_span_acc": 0.06593406593406594,
  "validation_em": 0.0989010989010989,
  "validation_f1": 0.2811062678647625,
  "validation_loss": 13.495071252187094,
  "best_validation_start_acc": 0.1978021978021978,
  "best_validation_end_acc": 0.16483516483516483,
  "best_validation_span_acc": 0.12087912087912088,
  "best_validation_em": 0.16483516483516483,
  "best_validation_f1": 0.3042560248378859,
  "best_validation_loss": 11.493106842041016
}