{
  "best_epoch": 15,
  "peak_cpu_memory_MB": 3853.092,
  "peak_gpu_0_memory_MB": 10787,
  "peak_gpu_1_memory_MB": 10,
  "peak_gpu_2_memory_MB": 7173,
  "peak_gpu_3_memory_MB": 10,
  "training_duration": "00:11:36",
  "training_start_epoch": 0,
  "training_epochs": 19,
  "epoch": 19,
  "training_start_acc": 0.6830985915492958,
  "training_end_acc": 0.7746478873239436,
  "training_span_acc": 0.532394366197183,
  "training_em": 0.5295774647887324,
  "training_f1": 0.8193068882728383,
  "training_loss": 0.9837323738469018,
  "training_cpu_memory_MB": 3853.092,
  "training_gpu_0_memory_MB": 10787,
  "training_gpu_1_memory_MB": 10,
  "training_gpu_2_memory_MB": 7173,
  "training_gpu_3_memory_MB": 10,
  "validation_start_acc": 0.1,
  "validation_end_acc": 0.2111111111111111,
  "validation_span_acc": 0.044444444444444446,
  "validation_em": 0.044444444444444446,
  "validation_f1": 0.21912954334138077,
  "validation_loss": 10.553520997365316,
  "best_validation_start_acc": 0.15555555555555556,
  "best_validation_end_acc": 0.25555555555555554,
  "best_validation_span_acc": 0.07777777777777778,
  "best_validation_em": 0.07777777777777778,
  "best_validation_f1": 0.2756460185999322,
  "best_validation_loss": 9.850613911946615
}