{
  "best_epoch": 8,
  "peak_cpu_memory_MB": 3867.7,
  "peak_gpu_0_memory_MB": 10,
  "peak_gpu_1_memory_MB": 10,
  "peak_gpu_2_memory_MB": 10,
  "peak_gpu_3_memory_MB": 6395,
  "training_duration": "00:12:43",
  "training_start_epoch": 0,
  "training_epochs": 17,
  "epoch": 17,
  "training_start_acc": 0.7177974434611603,
  "training_end_acc": 0.7738446411012783,
  "training_span_acc": 0.5427728613569321,
  "training_em": 0.5506391347099312,
  "training_f1": 0.8310595696040012,
  "training_loss": 0.9465813389979303,
  "training_cpu_memory_MB": 3867.7,
  "training_gpu_0_memory_MB": 10,
  "training_gpu_1_memory_MB": 10,
  "training_gpu_2_memory_MB": 10,
  "training_gpu_3_memory_MB": 6395,
  "validation_start_acc": 0.14942528735632185,
  "validation_end_acc": 0.22988505747126436,
  "validation_span_acc": 0.05747126436781609,
  "validation_em": 0.13793103448275862,
  "validation_f1": 0.3910054861724739,
  "validation_loss": 9.531423727671305,
  "best_validation_start_acc": 0.16091954022988506,
  "best_validation_end_acc": 0.26436781609195403,
  "best_validation_span_acc": 0.10344827586206896,
  "best_validation_em": 0.20689655172413793,
  "best_validation_f1": 0.43546621960110604,
  "best_validation_loss": 8.630223830540976
}