{
  "best_epoch": 6,
  "peak_cpu_memory_MB": 3656.296,
  "peak_gpu_0_memory_MB": 10,
  "peak_gpu_1_memory_MB": 10,
  "peak_gpu_2_memory_MB": 10,
  "peak_gpu_3_memory_MB": 5707,
  "training_duration": "00:03:19",
  "training_start_epoch": 0,
  "training_epochs": 15,
  "epoch": 15,
  "training_start_acc": 0.8743718592964824,
  "training_end_acc": 0.8291457286432161,
  "training_span_acc": 0.8190954773869347,
  "training_em": 0.8090452261306532,
  "training_f1": 0.8505545110789743,
  "training_loss": 1.1335708498954773,
  "training_cpu_memory_MB": 3656.296,
  "training_gpu_0_memory_MB": 10,
  "training_gpu_1_memory_MB": 10,
  "training_gpu_2_memory_MB": 10,
  "training_gpu_3_memory_MB": 5707,
  "validation_start_acc": 0.05747126436781609,
  "validation_end_acc": 0.06896551724137931,
  "validation_span_acc": 0.022988505747126436,
  "validation_em": 0.022988505747126436,
  "validation_f1": 0.1703845508466989,
  "validation_loss": 10.95173438390096,
  "best_validation_start_acc": 0.04597701149425287,
  "best_validation_end_acc": 0.034482758620689655,
  "best_validation_span_acc": 0.022988505747126436,
  "best_validation_em": 0.034482758620689655,
  "best_validation_f1": 0.15434615144004485,
  "best_validation_loss": 10.393435637156168
}