{
  "best_epoch": 9,
  "peak_cpu_memory_MB": 2739.852,
  "peak_gpu_0_memory_MB": 5473,
  "peak_gpu_1_memory_MB": 0,
  "peak_gpu_2_memory_MB": 0,
  "peak_gpu_3_memory_MB": 1204,
  "training_duration": "00:04:46",
  "training_start_epoch": 0,
  "training_epochs": 18,
  "epoch": 18,
  "training_start_acc": 0.5975308641975309,
  "training_end_acc": 0.6370370370370371,
  "training_span_acc": 0.528395061728395,
  "training_em": 0.5358024691358024,
  "training_f1": 0.6338170538724311,
  "training_loss": 2.003881706910975,
  "training_cpu_memory_MB": 2739.852,
  "training_gpu_0_memory_MB": 5473,
  "training_gpu_1_memory_MB": 0,
  "training_gpu_2_memory_MB": 0,
  "training_gpu_3_memory_MB": 607,
  "validation_start_acc": 0.14444444444444443,
  "validation_end_acc": 0.13333333333333333,
  "validation_span_acc": 0.05555555555555555,
  "validation_em": 0.05555555555555555,
  "validation_f1": 0.20485981252150948,
  "validation_loss": 12.653892993927002,
  "best_validation_start_acc": 0.1111111111111111,
  "best_validation_end_acc": 0.13333333333333333,
  "best_validation_span_acc": 0.05555555555555555,
  "best_validation_em": 0.05555555555555555,
  "best_validation_f1": 0.17514207606294474,
  "best_validation_loss": 10.075228532155355
}