{
  "best_epoch": 18,
  "peak_cpu_memory_MB": 3545.268,
  "peak_gpu_0_memory_MB": 8903,
  "peak_gpu_1_memory_MB": 10,
  "peak_gpu_2_memory_MB": 10,
  "peak_gpu_3_memory_MB": 4785,
  "training_duration": "00:12:26",
  "training_start_epoch": 0,
  "training_epochs": 19,
  "epoch": 19,
  "training_start_acc": 0.9925925925925926,
  "training_end_acc": 0.9962962962962963,
  "training_span_acc": 0.9938271604938271,
  "training_em": 0.9530864197530864,
  "training_f1": 0.9783793508166087,
  "training_loss": 0.049822741521376314,
  "training_cpu_memory_MB": 3545.268,
  "training_gpu_0_memory_MB": 8903,
  "training_gpu_1_memory_MB": 10,
  "training_gpu_2_memory_MB": 10,
  "training_gpu_3_memory_MB": 4785,
  "validation_start_acc": 0.16666666666666666,
  "validation_end_acc": 0.2222222222222222,
  "validation_span_acc": 0.07777777777777778,
  "validation_em": 0.1111111111111111,
  "validation_f1": 0.3224012005801483,
  "validation_loss": 14.239922364552816,
  "best_validation_start_acc": 0.17777777777777778,
  "best_validation_end_acc": 0.25555555555555554,
  "best_validation_span_acc": 0.12222222222222222,
  "best_validation_em": 0.15555555555555556,
  "best_validation_f1": 0.3549567655637347,
  "best_validation_loss": 13.094456195831299
}