{
  "best_epoch": 10,
  "peak_cpu_memory_MB": 3632.984,
  "peak_gpu_0_memory_MB": 8903,
  "peak_gpu_1_memory_MB": 10,
  "peak_gpu_2_memory_MB": 10,
  "peak_gpu_3_memory_MB": 4001,
  "training_duration": "00:02:26",
  "training_start_epoch": 0,
  "training_epochs": 19,
  "epoch": 19,
  "training_start_acc": 0.9780521262002744,
  "training_end_acc": 0.9794238683127572,
  "training_span_acc": 0.9670781893004116,
  "training_em": 0.9478737997256516,
  "training_f1": 0.9777777370506667,
  "training_loss": 0.14088531012606362,
  "training_cpu_memory_MB": 3632.984,
  "training_gpu_0_memory_MB": 8903,
  "training_gpu_1_memory_MB": 10,
  "training_gpu_2_memory_MB": 10,
  "training_gpu_3_memory_MB": 4001,
  "validation_start_acc": 0.1111111111111111,
  "validation_end_acc": 0.25396825396825395,
  "validation_span_acc": 0.047619047619047616,
  "validation_em": 0.15873015873015872,
  "validation_f1": 0.3966154625361319,
  "validation_loss": 15.591462850570679,
  "best_validation_start_acc": 0.1111111111111111,
  "best_validation_end_acc": 0.2857142857142857,
  "best_validation_span_acc": 0.06349206349206349,
  "best_validation_em": 0.23809523809523808,
  "best_validation_f1": 0.4750540973401135,
  "best_validation_loss": 10.623767375946045
}