{
  "best_epoch": 9,
  "peak_cpu_memory_MB": 2710.964,
  "peak_gpu_0_memory_MB": 10,
  "peak_gpu_1_memory_MB": 10,
  "peak_gpu_2_memory_MB": 10,
  "peak_gpu_3_memory_MB": 4223,
  "training_duration": "00:05:49",
  "training_start_epoch": 0,
  "training_epochs": 18,
  "epoch": 18,
  "training_start_acc": 0.5811293781272338,
  "training_end_acc": 0.7476769120800572,
  "training_span_acc": 0.4260185847033595,
  "training_em": 0.44460328806290206,
  "training_f1": 0.7978923191148926,
  "training_loss": 1.7954186715862968,
  "training_cpu_memory_MB": 2710.964,
  "training_gpu_0_memory_MB": 10,
  "training_gpu_1_memory_MB": 10,
  "training_gpu_2_memory_MB": 10,
  "training_gpu_3_memory_MB": 4223,
  "validation_start_acc": 0.18888888888888888,
  "validation_end_acc": 0.2777777777777778,
  "validation_span_acc": 0.1111111111111111,
  "validation_em": 0.15555555555555556,
  "validation_f1": 0.4099228725768728,
  "validation_loss": 8.52320663134257,
  "best_validation_start_acc": 0.17777777777777778,
  "best_validation_end_acc": 0.28888888888888886,
  "best_validation_span_acc": 0.12222222222222222,
  "best_validation_em": 0.16666666666666666,
  "best_validation_f1": 0.39068123914460084,
  "best_validation_loss": 7.265044212341309
}