{
  "best_epoch": 17,
  "peak_cpu_memory_MB": 3853.092,
  "peak_gpu_0_memory_MB": 10787,
  "peak_gpu_1_memory_MB": 6759,
  "peak_gpu_2_memory_MB": 7173,
  "peak_gpu_3_memory_MB": 6755,
  "training_duration": "00:12:07",
  "training_start_epoch": 0,
  "training_epochs": 19,
  "epoch": 19,
  "training_start_acc": 0.6569444444444444,
  "training_end_acc": 0.7458333333333333,
  "training_span_acc": 0.4791666666666667,
  "training_em": 0.4861111111111111,
  "training_f1": 0.8062961288445406,
  "training_loss": 1.0434439533286624,
  "training_cpu_memory_MB": 3853.092,
  "training_gpu_0_memory_MB": 10787,
  "training_gpu_1_memory_MB": 6759,
  "training_gpu_2_memory_MB": 7173,
  "training_gpu_3_memory_MB": 6755,
  "validation_start_acc": 0.18888888888888888,
  "validation_end_acc": 0.25555555555555554,
  "validation_span_acc": 0.13333333333333333,
  "validation_em": 0.14444444444444443,
  "validation_f1": 0.29071070581625835,
  "validation_loss": 11.816195170084635,
  "best_validation_start_acc": 0.16666666666666666,
  "best_validation_end_acc": 0.24444444444444444,
  "best_validation_span_acc": 0.12222222222222222,
  "best_validation_em": 0.14444444444444443,
  "best_validation_f1": 0.30849957707402254,
  "best_validation_loss": 11.028473695119223
}