{
  "best_epoch": 3,
  "peak_cpu_memory_MB": 2618.208,
  "peak_gpu_0_memory_MB": 10787,
  "peak_gpu_1_memory_MB": 10,
  "peak_gpu_2_memory_MB": 10,
  "peak_gpu_3_memory_MB": 5265,
  "training_duration": "00:02:38",
  "training_start_epoch": 0,
  "training_epochs": 12,
  "epoch": 12,
  "training_start_acc": 0.04938271604938271,
  "training_end_acc": 0.1,
  "training_span_acc": 0.011111111111111112,
  "training_em": 0.012345679012345678,
  "training_f1": 0.13755469100079962,
  "training_loss": 7.866265568078733,
  "training_cpu_memory_MB": 2618.208,
  "training_gpu_0_memory_MB": 10787,
  "training_gpu_1_memory_MB": 10,
  "training_gpu_2_memory_MB": 10,
  "training_gpu_3_memory_MB": 5265,
  "validation_start_acc": 0.011111111111111112,
  "validation_end_acc": 0.06666666666666667,
  "validation_span_acc": 0.011111111111111112,
  "validation_em": 0.011111111111111112,
  "validation_f1": 0.12545736565284335,
  "validation_loss": 8.379151423772177,
  "best_validation_start_acc": 0.044444444444444446,
  "best_validation_end_acc": 0.05555555555555555,
  "best_validation_span_acc": 0.0,
  "best_validation_em": 0.03333333333333333,
  "best_validation_f1": 0.16012875174240812,
  "best_validation_loss": 8.752631266911825
}