{
  "best_epoch": 8,
  "peak_cpu_memory_MB": 3879.86,
  "peak_gpu_0_memory_MB": 10,
  "peak_gpu_1_memory_MB": 10,
  "peak_gpu_2_memory_MB": 10,
  "peak_gpu_3_memory_MB": 4237,
  "training_duration": "00:03:11",
  "training_start_epoch": 0,
  "training_epochs": 17,
  "epoch": 17,
  "training_start_acc": 0.676829268292683,
  "training_end_acc": 0.7621951219512195,
  "training_span_acc": 0.49390243902439024,
  "training_em": 0.5060975609756098,
  "training_f1": 0.8264885111515125,
  "training_loss": 1.2009376720948652,
  "training_cpu_memory_MB": 3879.86,
  "training_gpu_0_memory_MB": 10,
  "training_gpu_1_memory_MB": 10,
  "training_gpu_2_memory_MB": 10,
  "training_gpu_3_memory_MB": 4237,
  "validation_start_acc": 0.06666666666666667,
  "validation_end_acc": 0.1,
  "validation_span_acc": 0.011111111111111112,
  "validation_em": 0.022222222222222223,
  "validation_f1": 0.19444839149685123,
  "validation_loss": 10.501611868540445,
  "best_validation_start_acc": 0.05555555555555555,
  "best_validation_end_acc": 0.1,
  "best_validation_span_acc": 0.03333333333333333,
  "best_validation_em": 0.05555555555555555,
  "best_validation_f1": 0.2202196593460248,
  "best_validation_loss": 9.770406405131022
}