{
  "best_epoch": 0,
  "peak_cpu_memory_MB": 4614.648,
  "peak_gpu_0_memory_MB": 10,
  "peak_gpu_1_memory_MB": 10,
  "peak_gpu_2_memory_MB": 4415,
  "peak_gpu_3_memory_MB": 1993,
  "training_duration": "00:00:31",
  "training_start_epoch": 0,
  "training_epochs": 9,
  "epoch": 9,
  "training_start_acc": 0.006369426751592357,
  "training_end_acc": 0.07643312101910828,
  "training_span_acc": 0.0,
  "training_em": 0.0,
  "training_f1": 0.1323449312559359,
  "training_loss": 9.345299243927002,
  "training_cpu_memory_MB": 4614.648,
  "training_gpu_0_memory_MB": 10,
  "training_gpu_1_memory_MB": 10,
  "training_gpu_2_memory_MB": 4415,
  "training_gpu_3_memory_MB": 1993,
  "validation_start_acc": 0.01098901098901099,
  "validation_end_acc": 0.06593406593406594,
  "validation_span_acc": 0.0,
  "validation_em": 0.0,
  "validation_f1": 0.13343030509080134,
  "validation_loss": 9.307433287302652,
  "best_validation_start_acc": 0.02197802197802198,
  "best_validation_end_acc": 0.01098901098901099,
  "best_validation_span_acc": 0.0,
  "best_validation_em": 0.0,
  "best_validation_f1": 0.1391633456582666,
  "best_validation_loss": 9.813692728678385
}