{
  "best_epoch": 12,
  "peak_cpu_memory_MB": 2689.152,
  "peak_gpu_0_memory_MB": 8903,
  "peak_gpu_1_memory_MB": 10,
  "peak_gpu_2_memory_MB": 10,
  "peak_gpu_3_memory_MB": 3587,
  "training_duration": "00:02:45",
  "training_start_epoch": 0,
  "training_epochs": 19,
  "epoch": 19,
  "training_start_acc": 0.9740740740740741,
  "training_end_acc": 0.9728395061728395,
  "training_span_acc": 0.9629629629629629,
  "training_em": 0.9320987654320988,
  "training_f1": 0.9700135799147189,
  "training_loss": 0.1620373099165804,
  "training_cpu_memory_MB": 2689.152,
  "training_gpu_0_memory_MB": 8903,
  "training_gpu_1_memory_MB": 10,
  "training_gpu_2_memory_MB": 10,
  "training_gpu_3_memory_MB": 3587,
  "validation_start_acc": 0.14444444444444443,
  "validation_end_acc": 0.23333333333333334,
  "validation_span_acc": 0.07777777777777778,
  "validation_em": 0.1,
  "validation_f1": 0.3026465894152687,
  "validation_loss": 15.051135063171387,
  "best_validation_start_acc": 0.14444444444444443,
  "best_validation_end_acc": 0.2222222222222222,
  "best_validation_span_acc": 0.07777777777777778,
  "best_validation_em": 0.1111111111111111,
  "best_validation_f1": 0.28629638531473217,
  "best_validation_loss": 11.438466548919678
}