{
  "best_epoch": 4,
  "peak_cpu_memory_MB": 3632.984,
  "peak_gpu_0_memory_MB": 8903,
  "peak_gpu_1_memory_MB": 10,
  "peak_gpu_2_memory_MB": 10,
  "peak_gpu_3_memory_MB": 4001,
  "training_duration": "00:02:53",
  "training_start_epoch": 0,
  "training_epochs": 13,
  "epoch": 13,
  "training_start_acc": 0.8858447488584474,
  "training_end_acc": 0.8538812785388128,
  "training_span_acc": 0.821917808219178,
  "training_em": 0.8082191780821918,
  "training_f1": 0.8501322831817111,
  "training_loss": 0.7001877703836986,
  "training_cpu_memory_MB": 3632.984,
  "training_gpu_0_memory_MB": 8903,
  "training_gpu_1_memory_MB": 10,
  "training_gpu_2_memory_MB": 10,
  "training_gpu_3_memory_MB": 4001,
  "validation_start_acc": 0.015873015873015872,
  "validation_end_acc": 0.14285714285714285,
  "validation_span_acc": 0.015873015873015872,
  "validation_em": 0.031746031746031744,
  "validation_f1": 0.2633314347292047,
  "validation_loss": 12.88260531425476,
  "best_validation_start_acc": 0.015873015873015872,
  "best_validation_end_acc": 0.15873015873015872,
  "best_validation_span_acc": 0.031746031746031744,
  "best_validation_em": 0.06349206349206349,
  "best_validation_f1": 0.3031248100081656,
  "best_validation_loss": 10.770837545394897
}