{
  "best_epoch": 15,
  "peak_cpu_memory_MB": 3856.236,
  "peak_gpu_0_memory_MB": 10,
  "peak_gpu_1_memory_MB": 10,
  "peak_gpu_2_memory_MB": 10,
  "peak_gpu_3_memory_MB": 4237,
  "training_duration": "00:30:08",
  "training_start_epoch": 0,
  "training_epochs": 19,
  "epoch": 19,
  "training_start_acc": 0.6839488636363636,
  "training_end_acc": 0.7556818181818182,
  "training_span_acc": 0.5078125,
  "training_em": 0.5177556818181818,
  "training_f1": 0.8147984240200771,
  "training_loss": 0.9658143577927892,
  "training_cpu_memory_MB": 3856.236,
  "training_gpu_0_memory_MB": 10,
  "training_gpu_1_memory_MB": 10,
  "training_gpu_2_memory_MB": 10,
  "training_gpu_3_memory_MB": 4237,
  "validation_start_acc": 0.2111111111111111,
  "validation_end_acc": 0.25555555555555554,
  "validation_span_acc": 0.1111111111111111,
  "validation_em": 0.18888888888888888,
  "validation_f1": 0.3437077628158519,
  "validation_loss": 9.449687639872232,
  "best_validation_start_acc": 0.25555555555555554,
  "best_validation_end_acc": 0.26666666666666666,
  "best_validation_span_acc": 0.14444444444444443,
  "best_validation_em": 0.2222222222222222,
  "best_validation_f1": 0.37779023143952745,
  "best_validation_loss": 8.697248140970865
}