{
  "best_epoch": 7,
  "peak_cpu_memory_MB": 3632.992,
  "peak_gpu_0_memory_MB": 10,
  "peak_gpu_1_memory_MB": 10,
  "peak_gpu_2_memory_MB": 10,
  "peak_gpu_3_memory_MB": 5739,
  "training_duration": "00:00:39",
  "training_start_epoch": 0,
  "training_epochs": 16,
  "epoch": 16,
  "training_start_acc": 0.3113207547169811,
  "training_end_acc": 0.30660377358490565,
  "training_span_acc": 0.20754716981132076,
  "training_em": 0.20754716981132076,
  "training_f1": 0.3514344167108773,
  "training_loss": 4.03949110848563,
  "training_cpu_memory_MB": 3632.992,
  "training_gpu_0_memory_MB": 10,
  "training_gpu_1_memory_MB": 10,
  "training_gpu_2_memory_MB": 10,
  "training_gpu_3_memory_MB": 5739,
  "validation_start_acc": 0.054945054945054944,
  "validation_end_acc": 0.054945054945054944,
  "validation_span_acc": 0.02197802197802198,
  "validation_em": 0.02197802197802198,
  "validation_f1": 0.13215908466371667,
  "validation_loss": 11.430371125539144,
  "best_validation_start_acc": 0.054945054945054944,
  "best_validation_end_acc": 0.054945054945054944,
  "best_validation_span_acc": 0.02197802197802198,
  "best_validation_em": 0.02197802197802198,
  "best_validation_f1": 0.1341478562363044,
  "best_validation_loss": 9.710723876953125
}