{
  "best_epoch": 11,
  "peak_cpu_memory_MB": 3550.228,
  "peak_gpu_0_memory_MB": 8903,
  "peak_gpu_1_memory_MB": 10,
  "peak_gpu_2_memory_MB": 10,
  "peak_gpu_3_memory_MB": 4785,
  "training_duration": "00:18:08",
  "training_start_epoch": 0,
  "training_epochs": 19,
  "epoch": 19,
  "training_start_acc": 0.991358024691358,
  "training_end_acc": 0.9901234567901235,
  "training_span_acc": 0.9827160493827161,
  "training_em": 0.9469135802469136,
  "training_f1": 0.9800701081720363,
  "training_loss": 0.052033144679358774,
  "training_cpu_memory_MB": 3550.228,
  "training_gpu_0_memory_MB": 8903,
  "training_gpu_1_memory_MB": 10,
  "training_gpu_2_memory_MB": 10,
  "training_gpu_3_memory_MB": 4785,
  "validation_start_acc": 0.18888888888888888,
  "validation_end_acc": 0.14444444444444443,
  "validation_span_acc": 0.07777777777777778,
  "validation_em": 0.1,
  "validation_f1": 0.276819960482673,
  "validation_loss": 14.005017121632894,
  "best_validation_start_acc": 0.17777777777777778,
  "best_validation_end_acc": 0.16666666666666666,
  "best_validation_span_acc": 0.07777777777777778,
  "best_validation_em": 0.13333333333333333,
  "best_validation_f1": 0.31547760251050455,
  "best_validation_loss": 11.415743668874105
}