{
  "best_epoch": 9,
  "peak_cpu_memory_MB": 2708.152,
  "peak_gpu_0_memory_MB": 8903,
  "peak_gpu_1_memory_MB": 10,
  "peak_gpu_2_memory_MB": 10,
  "peak_gpu_3_memory_MB": 6195,
  "training_duration": "00:00:23",
  "training_start_epoch": 0,
  "training_epochs": 18,
  "epoch": 18,
  "training_start_acc": 0.2,
  "training_end_acc": 0.275,
  "training_span_acc": 0.1375,
  "training_em": 0.125,
  "training_f1": 0.29867178639752207,
  "training_loss": 4.9793647766113285,
  "training_cpu_memory_MB": 2708.152,
  "training_gpu_0_memory_MB": 8903,
  "training_gpu_1_memory_MB": 10,
  "training_gpu_2_memory_MB": 10,
  "training_gpu_3_memory_MB": 6195,
  "validation_start_acc": 0.011111111111111112,
  "validation_end_acc": 0.06666666666666667,
  "validation_span_acc": 0.0,
  "validation_em": 0.022222222222222223,
  "validation_f1": 0.19107979197016417,
  "validation_loss": 9.74605131149292,
  "best_validation_start_acc": 0.022222222222222223,
  "best_validation_end_acc": 0.05555555555555555,
  "best_validation_span_acc": 0.0,
  "best_validation_em": 0.022222222222222223,
  "best_validation_f1": 0.1798306855945317,
  "best_validation_loss": 9.01449728012085
}