{
  "best_epoch": 5,
  "peak_cpu_memory_MB": 3879.86,
  "peak_gpu_0_memory_MB": 10,
  "peak_gpu_1_memory_MB": 10,
  "peak_gpu_2_memory_MB": 10,
  "peak_gpu_3_memory_MB": 4237,
  "training_duration": "00:02:59",
  "training_start_epoch": 0,
  "training_epochs": 14,
  "epoch": 14,
  "training_start_acc": 0.6629213483146067,
  "training_end_acc": 0.8426966292134831,
  "training_span_acc": 0.5730337078651685,
  "training_em": 0.5786516853932584,
  "training_f1": 0.8513919621105092,
  "training_loss": 1.0451049506664276,
  "training_cpu_memory_MB": 3879.86,
  "training_gpu_0_memory_MB": 10,
  "training_gpu_1_memory_MB": 10,
  "training_gpu_2_memory_MB": 10,
  "training_gpu_3_memory_MB": 4237,
  "validation_start_acc": 0.03333333333333333,
  "validation_end_acc": 0.08888888888888889,
  "validation_span_acc": 0.0,
  "validation_em": 0.011111111111111112,
  "validation_f1": 0.19277146707887358,
  "validation_loss": 10.353333155314127,
  "best_validation_start_acc": 0.03333333333333333,
  "best_validation_end_acc": 0.07777777777777778,
  "best_validation_span_acc": 0.011111111111111112,
  "best_validation_em": 0.03333333333333333,
  "best_validation_f1": 0.23003515135881109,
  "best_validation_loss": 8.591649373372396
}