{
  "best_epoch": 14,
  "peak_cpu_memory_MB": 2739.988,
  "peak_gpu_0_memory_MB": 6121,
  "peak_gpu_1_memory_MB": 0,
  "peak_gpu_2_memory_MB": 0,
  "peak_gpu_3_memory_MB": 607,
  "training_duration": "00:03:43",
  "training_start_epoch": 0,
  "training_epochs": 19,
  "epoch": 19,
  "training_start_acc": 0.7019543973941368,
  "training_end_acc": 0.758957654723127,
  "training_span_acc": 0.6433224755700325,
  "training_em": 0.6530944625407166,
  "training_f1": 0.7544146234756283,
  "training_loss": 1.6108150314062069,
  "training_cpu_memory_MB": 2739.988,
  "training_gpu_0_memory_MB": 6121,
  "training_gpu_1_memory_MB": 0,
  "training_gpu_2_memory_MB": 0,
  "training_gpu_3_memory_MB": 607,
  "validation_start_acc": 0.07777777777777778,
  "validation_end_acc": 0.08888888888888889,
  "validation_span_acc": 0.03333333333333333,
  "validation_em": 0.05555555555555555,
  "validation_f1": 0.1654373851036704,
  "validation_loss": 13.55905294418335,
  "best_validation_start_acc": 0.1111111111111111,
  "best_validation_end_acc": 0.08888888888888889,
  "best_validation_span_acc": 0.044444444444444446,
  "best_validation_em": 0.05555555555555555,
  "best_validation_f1": 0.1715610475308878,
  "best_validation_loss": 12.601440906524658
}