{
  "best_epoch": 12,
  "peak_cpu_memory_MB": 3656.296,
  "peak_gpu_0_memory_MB": 10,
  "peak_gpu_1_memory_MB": 10,
  "peak_gpu_2_memory_MB": 10,
  "peak_gpu_3_memory_MB": 5707,
  "training_duration": "00:04:11",
  "training_start_epoch": 0,
  "training_epochs": 19,
  "epoch": 19,
  "training_start_acc": 0.98989898989899,
  "training_end_acc": 0.9797979797979798,
  "training_span_acc": 0.9848484848484849,
  "training_em": 0.9494949494949495,
  "training_f1": 0.9728261489582819,
  "training_loss": 0.09159716369154361,
  "training_cpu_memory_MB": 3656.296,
  "training_gpu_0_memory_MB": 10,
  "training_gpu_1_memory_MB": 10,
  "training_gpu_2_memory_MB": 10,
  "training_gpu_3_memory_MB": 5707,
  "validation_start_acc": 0.12222222222222222,
  "validation_end_acc": 0.14444444444444443,
  "validation_span_acc": 0.06666666666666667,
  "validation_em": 0.06666666666666667,
  "validation_f1": 0.19875735893877894,
  "validation_loss": 12.967940330505371,
  "best_validation_start_acc": 0.13333333333333333,
  "best_validation_end_acc": 0.16666666666666666,
  "best_validation_span_acc": 0.08888888888888889,
  "best_validation_em": 0.08888888888888889,
  "best_validation_f1": 0.20576316446317347,
  "best_validation_loss": 10.65651003519694
}