{
  "best_epoch": 13,
  "peak_cpu_memory_MB": 3656.296,
  "peak_gpu_0_memory_MB": 10787,
  "peak_gpu_1_memory_MB": 10,
  "peak_gpu_2_memory_MB": 10,
  "peak_gpu_3_memory_MB": 5705,
  "training_duration": "00:09:56",
  "training_start_epoch": 0,
  "training_epochs": 19,
  "epoch": 19,
  "training_start_acc": 0.9950124688279302,
  "training_end_acc": 0.9875311720698254,
  "training_span_acc": 0.9850374064837906,
  "training_em": 0.9501246882793017,
  "training_f1": 0.9778455411353624,
  "training_loss": 0.05652527693802348,
  "training_cpu_memory_MB": 3656.296,
  "training_gpu_0_memory_MB": 10,
  "training_gpu_1_memory_MB": 10,
  "training_gpu_2_memory_MB": 10,
  "training_gpu_3_memory_MB": 5705,
  "validation_start_acc": 0.17777777777777778,
  "validation_end_acc": 0.13333333333333333,
  "validation_span_acc": 0.1111111111111111,
  "validation_em": 0.1111111111111111,
  "validation_f1": 0.2682400266145291,
  "validation_loss": 13.194661299387613,
  "best_validation_start_acc": 0.18888888888888888,
  "best_validation_end_acc": 0.15555555555555556,
  "best_validation_span_acc": 0.13333333333333333,
  "best_validation_em": 0.13333333333333333,
  "best_validation_f1": 0.26673274694460336,
  "best_validation_loss": 12.22955814997355
}