{
  "best_epoch": 2,
  "peak_cpu_memory_MB": 3621.028,
  "peak_gpu_0_memory_MB": 10787,
  "peak_gpu_1_memory_MB": 6755,
  "peak_gpu_2_memory_MB": 7173,
  "peak_gpu_3_memory_MB": 6755,
  "training_duration": "00:04:25",
  "training_start_epoch": 0,
  "training_epochs": 11,
  "epoch": 11,
  "training_start_acc": 0.9652605459057072,
  "training_end_acc": 0.9454094292803971,
  "training_span_acc": 0.9528535980148883,
  "training_em": 0.9230769230769231,
  "training_f1": 0.9512172449546529,
  "training_loss": 0.3097671763255046,
  "training_cpu_memory_MB": 3621.028,
  "training_gpu_0_memory_MB": 10787,
  "training_gpu_1_memory_MB": 6755,
  "training_gpu_2_memory_MB": 7173,
  "training_gpu_3_memory_MB": 6755,
  "validation_start_acc": 0.13333333333333333,
  "validation_end_acc": 0.12222222222222222,
  "validation_span_acc": 0.022222222222222223,
  "validation_em": 0.022222222222222223,
  "validation_f1": 0.22873830019733354,
  "validation_loss": 11.455552101135254,
  "best_validation_start_acc": 0.08888888888888889,
  "best_validation_end_acc": 0.12222222222222222,
  "best_validation_span_acc": 0.05555555555555555,
  "best_validation_em": 0.05555555555555555,
  "best_validation_f1": 0.1860260899800418,
  "best_validation_loss": 7.755425612131755
}