{
  "best_epoch": 5,
  "peak_cpu_memory_MB": 2592.316,
  "peak_gpu_0_memory_MB": 10787,
  "peak_gpu_1_memory_MB": 10,
  "peak_gpu_2_memory_MB": 10,
  "peak_gpu_3_memory_MB": 4641,
  "training_duration": "00:03:02",
  "training_start_epoch": 0,
  "training_epochs": 14,
  "epoch": 14,
  "training_start_acc": 0.0407911001236094,
  "training_end_acc": 0.10259579728059333,
  "training_span_acc": 0.009888751545117428,
  "training_em": 0.011124845488257108,
  "training_f1": 0.15601056077651654,
  "training_loss": 7.996785556568819,
  "training_cpu_memory_MB": 2592.252,
  "training_gpu_0_memory_MB": 10787,
  "training_gpu_1_memory_MB": 10,
  "training_gpu_2_memory_MB": 10,
  "training_gpu_3_memory_MB": 4641,
  "validation_start_acc": 0.02197802197802198,
  "validation_end_acc": 0.10989010989010989,
  "validation_span_acc": 0.0,
  "validation_em": 0.0,
  "validation_f1": 0.19189786614124207,
  "validation_loss": 8.364224751790365,
  "best_validation_start_acc": 0.01098901098901099,
  "best_validation_end_acc": 0.07692307692307693,
  "best_validation_span_acc": 0.01098901098901099,
  "best_validation_em": 0.01098901098901099,
  "best_validation_f1": 0.16462318764165085,
  "best_validation_loss": 8.544060230255127
}