{
  "best_epoch": 10,
  "peak_cpu_memory_MB": 3856.236,
  "peak_gpu_0_memory_MB": 10,
  "peak_gpu_1_memory_MB": 10,
  "peak_gpu_2_memory_MB": 10,
  "peak_gpu_3_memory_MB": 4237,
  "training_duration": "00:05:14",
  "training_start_epoch": 0,
  "training_epochs": 19,
  "epoch": 19,
  "training_start_acc": 0.6923076923076923,
  "training_end_acc": 0.8384615384615385,
  "training_span_acc": 0.5846153846153846,
  "training_em": 0.6,
  "training_f1": 0.8718693991739035,
  "training_loss": 0.8514695564905802,
  "training_cpu_memory_MB": 3856.236,
  "training_gpu_0_memory_MB": 10,
  "training_gpu_1_memory_MB": 10,
  "training_gpu_2_memory_MB": 10,
  "training_gpu_3_memory_MB": 4237,
  "validation_start_acc": 0.04395604395604396,
  "validation_end_acc": 0.054945054945054944,
  "validation_span_acc": 0.01098901098901099,
  "validation_em": 0.01098901098901099,
  "validation_f1": 0.20085324381069855,
  "validation_loss": 11.134473323822021,
  "best_validation_start_acc": 0.054945054945054944,
  "best_validation_end_acc": 0.06593406593406594,
  "best_validation_span_acc": 0.04395604395604396,
  "best_validation_em": 0.054945054945054944,
  "best_validation_f1": 0.19223275803653078,
  "best_validation_loss": 10.773455301920572
}