{
  "best_epoch": 1,
  "peak_cpu_memory_MB": 3632.992,
  "peak_gpu_0_memory_MB": 10,
  "peak_gpu_1_memory_MB": 10,
  "peak_gpu_2_memory_MB": 10,
  "peak_gpu_3_memory_MB": 5731,
  "training_duration": "00:02:12",
  "training_start_epoch": 0,
  "training_epochs": 10,
  "epoch": 10,
  "training_start_acc": 0.4630541871921182,
  "training_end_acc": 0.3399014778325123,
  "training_span_acc": 0.24630541871921183,
  "training_em": 0.2413793103448276,
  "training_f1": 0.35807436745775384,
  "training_loss": 2.9174501712505636,
  "training_cpu_memory_MB": 3632.992,
  "training_gpu_0_memory_MB": 10,
  "training_gpu_1_memory_MB": 10,
  "training_gpu_2_memory_MB": 10,
  "training_gpu_3_memory_MB": 5731,
  "validation_start_acc": 0.054945054945054944,
  "validation_end_acc": 0.07692307692307693,
  "validation_span_acc": 0.01098901098901099,
  "validation_em": 0.01098901098901099,
  "validation_f1": 0.1687484539007473,
  "validation_loss": 10.778368949890137,
  "best_validation_start_acc": 0.04395604395604396,
  "best_validation_end_acc": 0.08791208791208792,
  "best_validation_span_acc": 0.01098901098901099,
  "best_validation_em": 0.01098901098901099,
  "best_validation_f1": 0.13948972141719312,
  "best_validation_loss": 7.748775402704875
}