{
  "best_epoch": 15,
  "peak_cpu_memory_MB": 2655.256,
  "peak_gpu_0_memory_MB": 10,
  "peak_gpu_1_memory_MB": 10,
  "peak_gpu_2_memory_MB": 10,
  "peak_gpu_3_memory_MB": 1993,
  "training_duration": "00:06:49",
  "training_start_epoch": 0,
  "training_epochs": 19,
  "epoch": 19,
  "training_start_acc": 0.0815450643776824,
  "training_end_acc": 0.15379113018597998,
  "training_span_acc": 0.027181688125894134,
  "training_em": 0.02861230329041488,
  "training_f1": 0.2008417274929588,
  "training_loss": 7.279721980745142,
  "training_cpu_memory_MB": 2655.256,
  "training_gpu_0_memory_MB": 10,
  "training_gpu_1_memory_MB": 10,
  "training_gpu_2_memory_MB": 10,
  "training_gpu_3_memory_MB": 1993,
  "validation_start_acc": 0.04395604395604396,
  "validation_end_acc": 0.12087912087912088,
  "validation_span_acc": 0.02197802197802198,
  "validation_em": 0.04395604395604396,
  "validation_f1": 0.19491386884142267,
  "validation_loss": 8.223340034484863,
  "best_validation_start_acc": 0.054945054945054944,
  "best_validation_end_acc": 0.12087912087912088,
  "best_validation_span_acc": 0.04395604395604396,
  "best_validation_em": 0.06593406593406594,
  "best_validation_f1": 0.20558069085930988,
  "best_validation_loss": 8.211563030878702
}