{
  "best_epoch": 8,
  "peak_cpu_memory_MB": 3556.92,
  "peak_gpu_0_memory_MB": 10,
  "peak_gpu_1_memory_MB": 10,
  "peak_gpu_2_memory_MB": 10,
  "peak_gpu_3_memory_MB": 4761,
  "training_duration": "00:10:37",
  "training_start_epoch": 0,
  "training_epochs": 17,
  "epoch": 17,
  "training_start_acc": 0.9938195302843016,
  "training_end_acc": 0.9913473423980222,
  "training_span_acc": 0.9901112484548825,
  "training_em": 0.9493201483312732,
  "training_f1": 0.9763548927280157,
  "training_loss": 0.050039957505742125,
  "training_cpu_memory_MB": 3556.92,
  "training_gpu_0_memory_MB": 10,
  "training_gpu_1_memory_MB": 10,
  "training_gpu_2_memory_MB": 10,
  "training_gpu_3_memory_MB": 4761,
  "validation_start_acc": 0.14285714285714285,
  "validation_end_acc": 0.21978021978021978,
  "validation_span_acc": 0.12087912087912088,
  "validation_em": 0.12087912087912088,
  "validation_f1": 0.2799421207311376,
  "validation_loss": 13.03097645441691,
  "best_validation_start_acc": 0.16483516483516483,
  "best_validation_end_acc": 0.2857142857142857,
  "best_validation_span_acc": 0.12087912087912088,
  "best_validation_em": 0.14285714285714285,
  "best_validation_f1": 0.3219827736231953,
  "best_validation_loss": 9.49448792139689
}