{
  "best_epoch": 18,
  "peak_cpu_memory_MB": 2708.152,
  "peak_gpu_0_memory_MB": 8903,
  "peak_gpu_1_memory_MB": 10,
  "peak_gpu_2_memory_MB": 10,
  "peak_gpu_3_memory_MB": 4867,
  "training_duration": "00:02:08",
  "training_start_epoch": 0,
  "training_epochs": 19,
  "epoch": 19,
  "training_start_acc": 0.9117647058823529,
  "training_end_acc": 0.9281045751633987,
  "training_span_acc": 0.8872549019607843,
  "training_em": 0.880718954248366,
  "training_f1": 0.9367504297851613,
  "training_loss": 0.4936730105143327,
  "training_cpu_memory_MB": 2708.152,
  "training_gpu_0_memory_MB": 8903,
  "training_gpu_1_memory_MB": 10,
  "training_gpu_2_memory_MB": 10,
  "training_gpu_3_memory_MB": 4867,
  "validation_start_acc": 0.12222222222222222,
  "validation_end_acc": 0.16666666666666666,
  "validation_span_acc": 0.06666666666666667,
  "validation_em": 0.13333333333333333,
  "validation_f1": 0.2717204373806297,
  "validation_loss": 14.434324264526367,
  "best_validation_start_acc": 0.12222222222222222,
  "best_validation_end_acc": 0.18888888888888888,
  "best_validation_span_acc": 0.07777777777777778,
  "best_validation_em": 0.14444444444444443,
  "best_validation_f1": 0.30149386861886784,
  "best_validation_loss": 13.989386558532715
}