{
  "best_epoch": 7,
  "peak_cpu_memory_MB": 3626.016,
  "peak_gpu_0_memory_MB": 10787,
  "peak_gpu_1_memory_MB": 6755,
  "peak_gpu_2_memory_MB": 7173,
  "peak_gpu_3_memory_MB": 6755,
  "training_duration": "00:03:44",
  "training_start_epoch": 0,
  "training_epochs": 16,
  "epoch": 16,
  "training_start_acc": 0.9903381642512077,
  "training_end_acc": 0.9951690821256038,
  "training_span_acc": 0.9903381642512077,
  "training_em": 0.9516908212560387,
  "training_f1": 0.9693454574973399,
  "training_loss": 0.08171115013269278,
  "training_cpu_memory_MB": 3626.016,
  "training_gpu_0_memory_MB": 10787,
  "training_gpu_1_memory_MB": 6755,
  "training_gpu_2_memory_MB": 7173,
  "training_gpu_3_memory_MB": 6755,
  "validation_start_acc": 0.06666666666666667,
  "validation_end_acc": 0.17777777777777778,
  "validation_span_acc": 0.022222222222222223,
  "validation_em": 0.03333333333333333,
  "validation_f1": 0.22234603853266094,
  "validation_loss": 11.949549039204916,
  "best_validation_start_acc": 0.07777777777777778,
  "best_validation_end_acc": 0.12222222222222222,
  "best_validation_span_acc": 0.044444444444444446,
  "best_validation_em": 0.05555555555555555,
  "best_validation_f1": 0.2157367464010047,
  "best_validation_loss": 9.434546947479248
}