{
  "best_epoch": 4,
  "peak_cpu_memory_MB": 2619.184,
  "peak_gpu_0_memory_MB": 10787,
  "peak_gpu_1_memory_MB": 10,
  "peak_gpu_2_memory_MB": 10,
  "peak_gpu_3_memory_MB": 5265,
  "training_duration": "00:02:51",
  "training_start_epoch": 0,
  "training_epochs": 13,
  "epoch": 13,
  "training_start_acc": 0.04059040590405904,
  "training_end_acc": 0.1057810578105781,
  "training_span_acc": 0.008610086100861008,
  "training_em": 0.013530135301353014,
  "training_f1": 0.14530692821792496,
  "training_loss": 7.760028474471149,
  "training_cpu_memory_MB": 2619.184,
  "training_gpu_0_memory_MB": 10787,
  "training_gpu_1_memory_MB": 10,
  "training_gpu_2_memory_MB": 10,
  "training_gpu_3_memory_MB": 5265,
  "validation_start_acc": 0.022988505747126436,
  "validation_end_acc": 0.09195402298850575,
  "validation_span_acc": 0.0,
  "validation_em": 0.0,
  "validation_f1": 0.19758624521670343,
  "validation_loss": 8.251469453175863,
  "best_validation_start_acc": 0.04597701149425287,
  "best_validation_end_acc": 0.08045977011494253,
  "best_validation_span_acc": 0.011494252873563218,
  "best_validation_em": 0.022988505747126436,
  "best_validation_f1": 0.19577770854897997,
  "best_validation_loss": 8.603082418441772
}