{
  "best_epoch": 7,
  "peak_cpu_memory_MB": 4614.648,
  "peak_gpu_0_memory_MB": 10,
  "peak_gpu_1_memory_MB": 10,
  "peak_gpu_2_memory_MB": 3769,
  "peak_gpu_3_memory_MB": 1993,
  "training_duration": "00:04:34",
  "training_start_epoch": 0,
  "training_epochs": 16,
  "epoch": 16,
  "training_start_acc": 0.05832549388523048,
  "training_end_acc": 0.1571025399811853,
  "training_span_acc": 0.022577610536218252,
  "training_em": 0.023518344308560677,
  "training_f1": 0.19521406712607292,
  "training_loss": 7.444659112104729,
  "training_cpu_memory_MB": 4614.648,
  "training_gpu_0_memory_MB": 10,
  "training_gpu_1_memory_MB": 10,
  "training_gpu_2_memory_MB": 3769,
  "training_gpu_3_memory_MB": 1993,
  "validation_start_acc": 0.044444444444444446,
  "validation_end_acc": 0.13333333333333333,
  "validation_span_acc": 0.03333333333333333,
  "validation_em": 0.022222222222222223,
  "validation_f1": 0.16709285459700635,
  "validation_loss": 8.2760116259257,
  "best_validation_start_acc": 0.03333333333333333,
  "best_validation_end_acc": 0.1,
  "best_validation_span_acc": 0.022222222222222223,
  "best_validation_em": 0.022222222222222223,
  "best_validation_f1": 0.18623069557782224,
  "best_validation_loss": 8.266462326049805
}