{
  "best_epoch": 6,
  "peak_cpu_memory_MB": 3879.86,
  "peak_gpu_0_memory_MB": 10,
  "peak_gpu_1_memory_MB": 10,
  "peak_gpu_2_memory_MB": 10,
  "peak_gpu_3_memory_MB": 4237,
  "training_duration": "00:04:20",
  "training_start_epoch": 0,
  "training_epochs": 15,
  "epoch": 15,
  "training_start_acc": 0.6990595611285266,
  "training_end_acc": 0.768025078369906,
  "training_span_acc": 0.5360501567398119,
  "training_em": 0.542319749216301,
  "training_f1": 0.8144132294850633,
  "training_loss": 1.0817458778619766,
  "training_cpu_memory_MB": 3879.86,
  "training_gpu_0_memory_MB": 10,
  "training_gpu_1_memory_MB": 10,
  "training_gpu_2_memory_MB": 10,
  "training_gpu_3_memory_MB": 4237,
  "validation_start_acc": 0.06666666666666667,
  "validation_end_acc": 0.15555555555555556,
  "validation_span_acc": 0.03333333333333333,
  "validation_em": 0.06666666666666667,
  "validation_f1": 0.2423477198329666,
  "validation_loss": 10.089388052622477,
  "best_validation_start_acc": 0.1111111111111111,
  "best_validation_end_acc": 0.12222222222222222,
  "best_validation_span_acc": 0.03333333333333333,
  "best_validation_em": 0.06666666666666667,
  "best_validation_f1": 0.2835468598270216,
  "best_validation_loss": 9.002122243245443
}