{
  "best_epoch": 12,
  "peak_cpu_memory_MB": 3632.992,
  "peak_gpu_0_memory_MB": 10,
  "peak_gpu_1_memory_MB": 10,
  "peak_gpu_2_memory_MB": 10,
  "peak_gpu_3_memory_MB": 5731,
  "training_duration": "00:06:57",
  "training_start_epoch": 0,
  "training_epochs": 19,
  "epoch": 19,
  "training_start_acc": 0.9876847290640394,
  "training_end_acc": 0.9876847290640394,
  "training_span_acc": 0.9852216748768473,
  "training_em": 0.9556650246305419,
  "training_f1": 0.9821532555710439,
  "training_loss": 0.07643193576055077,
  "training_cpu_memory_MB": 3632.992,
  "training_gpu_0_memory_MB": 10,
  "training_gpu_1_memory_MB": 10,
  "training_gpu_2_memory_MB": 10,
  "training_gpu_3_memory_MB": 5731,
  "validation_start_acc": 0.12222222222222222,
  "validation_end_acc": 0.16666666666666666,
  "validation_span_acc": 0.044444444444444446,
  "validation_em": 0.044444444444444446,
  "validation_f1": 0.20509720828100167,
  "validation_loss": 12.116336186726889,
  "best_validation_start_acc": 0.12222222222222222,
  "best_validation_end_acc": 0.18888888888888888,
  "best_validation_span_acc": 0.07777777777777778,
  "best_validation_em": 0.07777777777777778,
  "best_validation_f1": 0.18950718390433685,
  "best_validation_loss": 10.336934248606363
}