{
  "best_epoch": 14,
  "peak_cpu_memory_MB": 3566.016,
  "peak_gpu_0_memory_MB": 8903,
  "peak_gpu_1_memory_MB": 10,
  "peak_gpu_2_memory_MB": 10,
  "peak_gpu_3_memory_MB": 4785,
  "training_duration": "00:18:07",
  "training_start_epoch": 0,
  "training_epochs": 19,
  "epoch": 19,
  "training_start_acc": 0.9938195302843016,
  "training_end_acc": 0.9938195302843016,
  "training_span_acc": 0.9950556242274413,
  "training_em": 0.9567367119901112,
  "training_f1": 0.9860348083715255,
  "training_loss": 0.04290309552030236,
  "training_cpu_memory_MB": 3566.016,
  "training_gpu_0_memory_MB": 8903,
  "training_gpu_1_memory_MB": 10,
  "training_gpu_2_memory_MB": 10,
  "training_gpu_3_memory_MB": 4785,
  "validation_start_acc": 0.15384615384615385,
  "validation_end_acc": 0.25274725274725274,
  "validation_span_acc": 0.06593406593406594,
  "validation_em": 0.14285714285714285,
  "validation_f1": 0.37123103489575376,
  "validation_loss": 14.869039217631022,
  "best_validation_start_acc": 0.16483516483516483,
  "best_validation_end_acc": 0.26373626373626374,
  "best_validation_span_acc": 0.0989010989010989,
  "best_validation_em": 0.1978021978021978,
  "best_validation_f1": 0.3943219412411974,
  "best_validation_loss": 12.269826094309488
}