{
  "best_epoch": 5,
  "peak_cpu_memory_MB": 3656.296,
  "peak_gpu_0_memory_MB": 10,
  "peak_gpu_1_memory_MB": 10,
  "peak_gpu_2_memory_MB": 10,
  "peak_gpu_3_memory_MB": 5707,
  "training_duration": "00:02:13",
  "training_start_epoch": 0,
  "training_epochs": 14,
  "epoch": 14,
  "training_start_acc": 0.9024390243902439,
  "training_end_acc": 0.8292682926829268,
  "training_span_acc": 0.8780487804878049,
  "training_em": 0.8536585365853658,
  "training_f1": 0.8745224144984238,
  "training_loss": 1.1397666831811268,
  "training_cpu_memory_MB": 3656.296,
  "training_gpu_0_memory_MB": 10,
  "training_gpu_1_memory_MB": 10,
  "training_gpu_2_memory_MB": 10,
  "training_gpu_3_memory_MB": 5707,
  "validation_start_acc": 0.07692307692307693,
  "validation_end_acc": 0.0989010989010989,
  "validation_span_acc": 0.03296703296703297,
  "validation_em": 0.03296703296703297,
  "validation_f1": 0.15055518122236972,
  "validation_loss": 10.859606742858887,
  "best_validation_start_acc": 0.06593406593406594,
  "best_validation_end_acc": 0.06593406593406594,
  "best_validation_span_acc": 0.04395604395604396,
  "best_validation_em": 0.04395604395604396,
  "best_validation_f1": 0.14251479590904778,
  "best_validation_loss": 9.607254981994629
}