{
  "best_epoch": 9,
  "peak_cpu_memory_MB": 3866.676,
  "peak_gpu_0_memory_MB": 10,
  "peak_gpu_1_memory_MB": 10,
  "peak_gpu_2_memory_MB": 10,
  "peak_gpu_3_memory_MB": 4237,
  "training_duration": "00:05:51",
  "training_start_epoch": 0,
  "training_epochs": 18,
  "epoch": 18,
  "training_start_acc": 0.6859504132231405,
  "training_end_acc": 0.8044077134986226,
  "training_span_acc": 0.5261707988980716,
  "training_em": 0.5289256198347108,
  "training_f1": 0.8349839310943764,
  "training_loss": 0.9441662534423496,
  "training_cpu_memory_MB": 3866.676,
  "training_gpu_0_memory_MB": 10,
  "training_gpu_1_memory_MB": 10,
  "training_gpu_2_memory_MB": 10,
  "training_gpu_3_memory_MB": 4237,
  "validation_start_acc": 0.1,
  "validation_end_acc": 0.12222222222222222,
  "validation_span_acc": 0.044444444444444446,
  "validation_em": 0.044444444444444446,
  "validation_f1": 0.19906750376437563,
  "validation_loss": 10.252326488494873,
  "best_validation_start_acc": 0.1111111111111111,
  "best_validation_end_acc": 0.15555555555555556,
  "best_validation_span_acc": 0.044444444444444446,
  "best_validation_em": 0.044444444444444446,
  "best_validation_f1": 0.23707026726383565,
  "best_validation_loss": 8.861723184585571
}