{
  "best_epoch": 2,
  "peak_cpu_memory_MB": 4614.648,
  "peak_gpu_0_memory_MB": 10,
  "peak_gpu_1_memory_MB": 10,
  "peak_gpu_2_memory_MB": 4415,
  "peak_gpu_3_memory_MB": 1993,
  "training_duration": "00:00:33",
  "training_start_epoch": 0,
  "training_epochs": 11,
  "epoch": 11,
  "training_start_acc": 0.022727272727272728,
  "training_end_acc": 0.12878787878787878,
  "training_span_acc": 0.0,
  "training_em": 0.0,
  "training_f1": 0.1662708003378896,
  "training_loss": 8.565173890855577,
  "training_cpu_memory_MB": 4614.648,
  "training_gpu_0_memory_MB": 10,
  "training_gpu_1_memory_MB": 10,
  "training_gpu_2_memory_MB": 4415,
  "training_gpu_3_memory_MB": 1993,
  "validation_start_acc": 0.011111111111111112,
  "validation_end_acc": 0.06666666666666667,
  "validation_span_acc": 0.011111111111111112,
  "validation_em": 0.011111111111111112,
  "validation_f1": 0.13693210933283434,
  "validation_loss": 9.73124885559082,
  "best_validation_start_acc": 0.011111111111111112,
  "best_validation_end_acc": 0.011111111111111112,
  "best_validation_span_acc": 0.0,
  "best_validation_em": 0.011111111111111112,
  "best_validation_f1": 0.1503435668638857,
  "best_validation_loss": 10.163902600606283
}