{
  "best_epoch": 9,
  "peak_cpu_memory_MB": 3621.028,
  "peak_gpu_0_memory_MB": 10787,
  "peak_gpu_1_memory_MB": 6755,
  "peak_gpu_2_memory_MB": 7173,
  "peak_gpu_3_memory_MB": 6755,
  "training_duration": "00:10:29",
  "training_start_epoch": 0,
  "training_epochs": 18,
  "epoch": 18,
  "training_start_acc": 0.9934533551554828,
  "training_end_acc": 0.9934533551554828,
  "training_span_acc": 0.9901800327332242,
  "training_em": 0.9509001636661211,
  "training_f1": 0.9787497544486154,
  "training_loss": 0.04203611420682417,
  "training_cpu_memory_MB": 3621.028,
  "training_gpu_0_memory_MB": 10787,
  "training_gpu_1_memory_MB": 6755,
  "training_gpu_2_memory_MB": 7173,
  "training_gpu_3_memory_MB": 6755,
  "validation_start_acc": 0.16666666666666666,
  "validation_end_acc": 0.26666666666666666,
  "validation_span_acc": 0.08888888888888889,
  "validation_em": 0.1,
  "validation_f1": 0.29549760245459405,
  "validation_loss": 12.418270746866861,
  "best_validation_start_acc": 0.2222222222222222,
  "best_validation_end_acc": 0.24444444444444444,
  "best_validation_span_acc": 0.16666666666666666,
  "best_validation_em": 0.17777777777777778,
  "best_validation_f1": 0.3352247998809395,
  "best_validation_loss": 9.66064723332723
}