{
  "best_epoch": 8,
  "peak_cpu_memory_MB": 3845.308,
  "peak_gpu_0_memory_MB": 10,
  "peak_gpu_1_memory_MB": 10,
  "peak_gpu_2_memory_MB": 10,
  "peak_gpu_3_memory_MB": 4237,
  "training_duration": "00:17:20",
  "training_start_epoch": 0,
  "training_epochs": 17,
  "epoch": 17,
  "training_start_acc": 0.6992857142857143,
  "training_end_acc": 0.7728571428571429,
  "training_span_acc": 0.5335714285714286,
  "training_em": 0.54,
  "training_f1": 0.8242315902199358,
  "training_loss": 0.9290234344926748,
  "training_cpu_memory_MB": 3845.308,
  "training_gpu_0_memory_MB": 10,
  "training_gpu_1_memory_MB": 10,
  "training_gpu_2_memory_MB": 10,
  "training_gpu_3_memory_MB": 4237,
  "validation_start_acc": 0.17777777777777778,
  "validation_end_acc": 0.2,
  "validation_span_acc": 0.06666666666666667,
  "validation_em": 0.08888888888888889,
  "validation_f1": 0.31378537697066844,
  "validation_loss": 11.29726505279541,
  "best_validation_start_acc": 0.18888888888888888,
  "best_validation_end_acc": 0.17777777777777778,
  "best_validation_span_acc": 0.1111111111111111,
  "best_validation_em": 0.16666666666666666,
  "best_validation_f1": 0.31633022824069434,
  "best_validation_loss": 9.121499617894491
}