{
  "best_epoch": 14,
  "peak_cpu_memory_MB": 3556.724,
  "peak_gpu_0_memory_MB": 10787,
  "peak_gpu_1_memory_MB": 10,
  "peak_gpu_2_memory_MB": 10,
  "peak_gpu_3_memory_MB": 4761,
  "training_duration": "00:14:00",
  "training_start_epoch": 0,
  "training_epochs": 19,
  "epoch": 19,
  "training_start_acc": 0.9925925925925926,
  "training_end_acc": 0.9950617283950617,
  "training_span_acc": 0.991358024691358,
  "training_em": 0.9493827160493827,
  "training_f1": 0.977865651512226,
  "training_loss": 0.02398249150856453,
  "training_cpu_memory_MB": 3556.724,
  "training_gpu_0_memory_MB": 10787,
  "training_gpu_1_memory_MB": 10,
  "training_gpu_2_memory_MB": 10,
  "training_gpu_3_memory_MB": 4761,
  "validation_start_acc": 0.18888888888888888,
  "validation_end_acc": 0.2,
  "validation_span_acc": 0.1,
  "validation_em": 0.1111111111111111,
  "validation_f1": 0.30754948282695027,
  "validation_loss": 14.494252681732178,
  "best_validation_start_acc": 0.2111111111111111,
  "best_validation_end_acc": 0.17777777777777778,
  "best_validation_span_acc": 0.12222222222222222,
  "best_validation_em": 0.13333333333333333,
  "best_validation_f1": 0.30294866337650045,
  "best_validation_loss": 12.661237398783365
}