{
  "best_epoch": 6,
  "peak_cpu_memory_MB": 3866.676,
  "peak_gpu_0_memory_MB": 10,
  "peak_gpu_1_memory_MB": 10,
  "peak_gpu_2_memory_MB": 10,
  "peak_gpu_3_memory_MB": 4237,
  "training_duration": "00:11:47",
  "training_start_epoch": 0,
  "training_epochs": 15,
  "epoch": 15,
  "training_start_acc": 0.674618320610687,
  "training_end_acc": 0.7528625954198473,
  "training_span_acc": 0.5009541984732825,
  "training_em": 0.5038167938931297,
  "training_f1": 0.8116075600267596,
  "training_loss": 1.0545174091151266,
  "training_cpu_memory_MB": 3866.676,
  "training_gpu_0_memory_MB": 10,
  "training_gpu_1_memory_MB": 10,
  "training_gpu_2_memory_MB": 10,
  "training_gpu_3_memory_MB": 4237,
  "validation_start_acc": 0.2087912087912088,
  "validation_end_acc": 0.25274725274725274,
  "validation_span_acc": 0.08791208791208792,
  "validation_em": 0.08791208791208792,
  "validation_f1": 0.31869321170851866,
  "validation_loss": 9.122655391693115,
  "best_validation_start_acc": 0.17582417582417584,
  "best_validation_end_acc": 0.24175824175824176,
  "best_validation_span_acc": 0.0989010989010989,
  "best_validation_em": 0.12087912087912088,
  "best_validation_f1": 0.3096022909090449,
  "best_validation_loss": 7.988866408665975
}