{
  "best_epoch": 10,
  "peak_cpu_memory_MB": 4614.648,
  "peak_gpu_0_memory_MB": 10,
  "peak_gpu_1_memory_MB": 10,
  "peak_gpu_2_memory_MB": 4415,
  "peak_gpu_3_memory_MB": 1993,
  "training_duration": "00:01:49",
  "training_start_epoch": 0,
  "training_epochs": 19,
  "epoch": 19,
  "training_start_acc": 0.03363914373088685,
  "training_end_acc": 0.2018348623853211,
  "training_span_acc": 0.012232415902140673,
  "training_em": 0.01529051987767584,
  "training_f1": 0.1802151263667551,
  "training_loss": 8.307715620313372,
  "training_cpu_memory_MB": 4614.648,
  "training_gpu_0_memory_MB": 10,
  "training_gpu_1_memory_MB": 10,
  "training_gpu_2_memory_MB": 4415,
  "training_gpu_3_memory_MB": 1993,
  "validation_start_acc": 0.02197802197802198,
  "validation_end_acc": 0.08791208791208792,
  "validation_span_acc": 0.01098901098901099,
  "validation_em": 0.01098901098901099,
  "validation_f1": 0.16109273128406476,
  "validation_loss": 8.973681608835856,
  "best_validation_start_acc": 0.02197802197802198,
  "best_validation_end_acc": 0.06593406593406594,
  "best_validation_span_acc": 0.01098901098901099,
  "best_validation_em": 0.01098901098901099,
  "best_validation_f1": 0.16652979565244358,
  "best_validation_loss": 8.98371990521749
}