{
  "best_epoch": 10,
  "peak_cpu_memory_MB": 3621.028,
  "peak_gpu_0_memory_MB": 10787,
  "peak_gpu_1_memory_MB": 4979,
  "peak_gpu_2_memory_MB": 7173,
  "peak_gpu_3_memory_MB": 4979,
  "training_duration": "00:10:09",
  "training_start_epoch": 0,
  "training_epochs": 19,
  "epoch": 19,
  "training_start_acc": 1.0,
  "training_end_acc": 1.0,
  "training_span_acc": 1.0,
  "training_em": 0.9724612736660929,
  "training_f1": 0.9903434753843818,
  "training_loss": 0.006235914537683129,
  "training_cpu_memory_MB": 3621.028,
  "training_gpu_0_memory_MB": 10787,
  "training_gpu_1_memory_MB": 4979,
  "training_gpu_2_memory_MB": 7173,
  "training_gpu_3_memory_MB": 4979,
  "validation_start_acc": 0.1,
  "validation_end_acc": 0.26666666666666666,
  "validation_span_acc": 0.06666666666666667,
  "validation_em": 0.08888888888888889,
  "validation_f1": 0.27645478078094254,
  "validation_loss": 13.865521748860678,
  "best_validation_start_acc": 0.12222222222222222,
  "best_validation_end_acc": 0.24444444444444444,
  "best_validation_span_acc": 0.07777777777777778,
  "best_validation_em": 0.1111111111111111,
  "best_validation_f1": 0.29743693676410937,
  "best_validation_loss": 10.995482444763184
}