{
  "best_epoch": 9,
  "peak_cpu_memory_MB": 2739.988,
  "peak_gpu_0_memory_MB": 6121,
  "peak_gpu_1_memory_MB": 0,
  "peak_gpu_2_memory_MB": 0,
  "peak_gpu_3_memory_MB": 607,
  "training_duration": "00:01:02",
  "training_start_epoch": 0,
  "training_epochs": 18,
  "epoch": 18,
  "training_start_acc": 0.1875,
  "training_end_acc": 0.3375,
  "training_span_acc": 0.1125,
  "training_em": 0.1125,
  "training_f1": 0.28394838099676745,
  "training_loss": 4.2054314613342285,
  "training_cpu_memory_MB": 2739.988,
  "training_gpu_0_memory_MB": 6121,
  "training_gpu_1_memory_MB": 0,
  "training_gpu_2_memory_MB": 0,
  "training_gpu_3_memory_MB": 607,
  "validation_start_acc": 0.022222222222222223,
  "validation_end_acc": 0.1,
  "validation_span_acc": 0.022222222222222223,
  "validation_em": 0.022222222222222223,
  "validation_f1": 0.12474264335682855,
  "validation_loss": 13.504985173543295,
  "best_validation_start_acc": 0.044444444444444446,
  "best_validation_end_acc": 0.1,
  "best_validation_span_acc": 0.022222222222222223,
  "best_validation_em": 0.022222222222222223,
  "best_validation_f1": 0.1489437943122429,
  "best_validation_loss": 10.660268465677897
}