{
  "best_epoch": 15,
  "peak_cpu_memory_MB": 3632.992,
  "peak_gpu_0_memory_MB": 10,
  "peak_gpu_1_memory_MB": 10,
  "peak_gpu_2_memory_MB": 10,
  "peak_gpu_3_memory_MB": 5739,
  "training_duration": "00:01:22",
  "training_start_epoch": 0,
  "training_epochs": 19,
  "epoch": 19,
  "training_start_acc": 0.8430379746835444,
  "training_end_acc": 0.8455696202531645,
  "training_span_acc": 0.7873417721518987,
  "training_em": 0.7772151898734178,
  "training_f1": 0.8645364529418378,
  "training_loss": 1.0165683102607728,
  "training_cpu_memory_MB": 3632.992,
  "training_gpu_0_memory_MB": 10,
  "training_gpu_1_memory_MB": 10,
  "training_gpu_2_memory_MB": 10,
  "training_gpu_3_memory_MB": 5739,
  "validation_start_acc": 0.1,
  "validation_end_acc": 0.08888888888888889,
  "validation_span_acc": 0.022222222222222223,
  "validation_em": 0.022222222222222223,
  "validation_f1": 0.14545983718923672,
  "validation_loss": 14.023606141408285,
  "best_validation_start_acc": 0.1111111111111111,
  "best_validation_end_acc": 0.1,
  "best_validation_span_acc": 0.03333333333333333,
  "best_validation_em": 0.03333333333333333,
  "best_validation_f1": 0.16064822766208095,
  "best_validation_loss": 12.325579643249512
}