{
  "best_epoch": 0,
  "peak_cpu_memory_MB": 2652.268,
  "peak_gpu_0_memory_MB": 10787,
  "peak_gpu_1_memory_MB": 10,
  "peak_gpu_2_memory_MB": 10,
  "peak_gpu_3_memory_MB": 5917,
  "training_duration": "00:00:35",
  "training_start_epoch": 0,
  "training_epochs": 9,
  "epoch": 9,
  "training_start_acc": 0.015789473684210527,
  "training_end_acc": 0.08947368421052632,
  "training_span_acc": 0.0,
  "training_em": 0.005263157894736842,
  "training_f1": 0.14092572263597794,
  "training_loss": 9.119517803192139,
  "training_cpu_memory_MB": 2652.268,
  "training_gpu_0_memory_MB": 10787,
  "training_gpu_1_memory_MB": 10,
  "training_gpu_2_memory_MB": 10,
  "training_gpu_3_memory_MB": 5917,
  "validation_start_acc": 0.011111111111111112,
  "validation_end_acc": 0.022222222222222223,
  "validation_span_acc": 0.0,
  "validation_em": 0.0,
  "validation_f1": 0.16556373815734468,
  "validation_loss": 9.221256256103516,
  "best_validation_start_acc": 0.03333333333333333,
  "best_validation_end_acc": 0.0,
  "best_validation_span_acc": 0.0,
  "best_validation_em": 0.0,
  "best_validation_f1": 0.15977401320582058,
  "best_validation_loss": 9.810966491699219
}