{
  "best_epoch": 10,
  "peak_cpu_memory_MB": 4614.648,
  "peak_gpu_0_memory_MB": 10,
  "peak_gpu_1_memory_MB": 10,
  "peak_gpu_2_memory_MB": 3769,
  "peak_gpu_3_memory_MB": 1993,
  "training_duration": "00:05:06",
  "training_start_epoch": 0,
  "training_epochs": 19,
  "epoch": 19,
  "training_start_acc": 0.08259587020648967,
  "training_end_acc": 0.16617502458210423,
  "training_span_acc": 0.025565388397246803,
  "training_em": 0.025565388397246803,
  "training_f1": 0.19968209567071826,
  "training_loss": 7.491026386618614,
  "training_cpu_memory_MB": 4614.648,
  "training_gpu_0_memory_MB": 10,
  "training_gpu_1_memory_MB": 10,
  "training_gpu_2_memory_MB": 3769,
  "training_gpu_3_memory_MB": 1993,
  "validation_start_acc": 0.04597701149425287,
  "validation_end_acc": 0.09195402298850575,
  "validation_span_acc": 0.022988505747126436,
  "validation_em": 0.034482758620689655,
  "validation_f1": 0.19168231633082913,
  "validation_loss": 8.43134355545044,
  "best_validation_start_acc": 0.08045977011494253,
  "best_validation_end_acc": 0.09195402298850575,
  "best_validation_span_acc": 0.022988505747126436,
  "best_validation_em": 0.034482758620689655,
  "best_validation_f1": 0.20593571218488801,
  "best_validation_loss": 8.392154057820639
}