{
  "best_epoch": 10,
  "peak_cpu_memory_MB": 3856.236,
  "peak_gpu_0_memory_MB": 10,
  "peak_gpu_1_memory_MB": 10,
  "peak_gpu_2_memory_MB": 10,
  "peak_gpu_3_memory_MB": 4237,
  "training_duration": "00:07:52",
  "training_start_epoch": 0,
  "training_epochs": 19,
  "epoch": 19,
  "training_start_acc": 0.6975308641975309,
  "training_end_acc": 0.8179012345679012,
  "training_span_acc": 0.5524691358024691,
  "training_em": 0.5524691358024691,
  "training_f1": 0.8208145546662716,
  "training_loss": 1.0559740719341097,
  "training_cpu_memory_MB": 3856.236,
  "training_gpu_0_memory_MB": 10,
  "training_gpu_1_memory_MB": 10,
  "training_gpu_2_memory_MB": 10,
  "training_gpu_3_memory_MB": 4237,
  "validation_start_acc": 0.1,
  "validation_end_acc": 0.08888888888888889,
  "validation_span_acc": 0.03333333333333333,
  "validation_em": 0.044444444444444446,
  "validation_f1": 0.2271479129389263,
  "validation_loss": 10.313400268554688,
  "best_validation_start_acc": 0.12222222222222222,
  "best_validation_end_acc": 0.13333333333333333,
  "best_validation_span_acc": 0.05555555555555555,
  "best_validation_em": 0.08888888888888889,
  "best_validation_f1": 0.26784483746412036,
  "best_validation_loss": 9.356287638346354
}