{
  "best_epoch": 0,
  "peak_cpu_memory_MB": 2652.268,
  "peak_gpu_0_memory_MB": 10787,
  "peak_gpu_1_memory_MB": 10,
  "peak_gpu_2_memory_MB": 10,
  "peak_gpu_3_memory_MB": 5265,
  "training_duration": "00:01:34",
  "training_start_epoch": 0,
  "training_epochs": 9,
  "epoch": 9,
  "training_start_acc": 0.018272425249169437,
  "training_end_acc": 0.10963455149501661,
  "training_span_acc": 0.0016611295681063123,
  "training_em": 0.0016611295681063123,
  "training_f1": 0.14622803508169083,
  "training_loss": 8.318225032404849,
  "training_cpu_memory_MB": 2652.268,
  "training_gpu_0_memory_MB": 10787,
  "training_gpu_1_memory_MB": 10,
  "training_gpu_2_memory_MB": 10,
  "training_gpu_3_memory_MB": 5265,
  "validation_start_acc": 0.0,
  "validation_end_acc": 0.04395604395604396,
  "validation_span_acc": 0.0,
  "validation_em": 0.0,
  "validation_f1": 0.16357473506346687,
  "validation_loss": 8.616966009140015,
  "best_validation_start_acc": 0.02197802197802198,
  "best_validation_end_acc": 0.08791208791208792,
  "best_validation_span_acc": 0.0,
  "best_validation_em": 0.0,
  "best_validation_f1": 0.1283086096773527,
  "best_validation_loss": 9.943081537882486
}