{
  "best_epoch": 10,
  "peak_cpu_memory_MB": 3043.72,
  "peak_gpu_0_memory_MB": 8903,
  "peak_gpu_1_memory_MB": 10,
  "peak_gpu_2_memory_MB": 10,
  "peak_gpu_3_memory_MB": 4785,
  "training_duration": "00:18:06",
  "training_start_epoch": 0,
  "training_epochs": 19,
  "epoch": 19,
  "training_start_acc": 0.9938195302843016,
  "training_end_acc": 0.9950556242274413,
  "training_span_acc": 0.9901112484548825,
  "training_em": 0.9505562422744128,
  "training_f1": 0.984113279952144,
  "training_loss": 0.039597333459110526,
  "training_cpu_memory_MB": 3043.72,
  "training_gpu_0_memory_MB": 8903,
  "training_gpu_1_memory_MB": 10,
  "training_gpu_2_memory_MB": 10,
  "training_gpu_3_memory_MB": 4785,
  "validation_start_acc": 0.15384615384615385,
  "validation_end_acc": 0.23076923076923078,
  "validation_span_acc": 0.08791208791208792,
  "validation_em": 0.15384615384615385,
  "validation_f1": 0.3270686996545128,
  "validation_loss": 13.737685839335123,
  "best_validation_start_acc": 0.16483516483516483,
  "best_validation_end_acc": 0.27472527472527475,
  "best_validation_span_acc": 0.10989010989010989,
  "best_validation_em": 0.18681318681318682,
  "best_validation_f1": 0.3542846003112837,
  "best_validation_loss": 10.5223921140035
}