{
  "best_epoch": 0,
  "peak_cpu_memory_MB": 4590.792,
  "peak_gpu_0_memory_MB": 10,
  "peak_gpu_1_memory_MB": 10,
  "peak_gpu_2_memory_MB": 3769,
  "peak_gpu_3_memory_MB": 1993,
  "training_duration": "00:03:26",
  "training_start_epoch": 0,
  "training_epochs": 9,
  "epoch": 9,
  "training_start_acc": 0.03480783176214648,
  "training_end_acc": 0.11530094271211022,
  "training_span_acc": 0.009427121102248005,
  "training_em": 0.009427121102248005,
  "training_f1": 0.16813452442970758,
  "training_loss": 7.847151383586313,
  "training_cpu_memory_MB": 4590.792,
  "training_gpu_0_memory_MB": 10,
  "training_gpu_1_memory_MB": 10,
  "training_gpu_2_memory_MB": 3769,
  "training_gpu_3_memory_MB": 1993,
  "validation_start_acc": 0.03333333333333333,
  "validation_end_acc": 0.07777777777777778,
  "validation_span_acc": 0.011111111111111112,
  "validation_em": 0.011111111111111112,
  "validation_f1": 0.17285516957920077,
  "validation_loss": 8.548441886901855,
  "best_validation_start_acc": 0.03333333333333333,
  "best_validation_end_acc": 0.08888888888888889,
  "best_validation_span_acc": 0.022222222222222223,
  "best_validation_em": 0.022222222222222223,
  "best_validation_f1": 0.16600206664877873,
  "best_validation_loss": 9.328277746836344
}