{
  "best_epoch": 7,
  "peak_cpu_memory_MB": 3621.028,
  "peak_gpu_0_memory_MB": 10787,
  "peak_gpu_1_memory_MB": 4159,
  "peak_gpu_2_memory_MB": 7173,
  "peak_gpu_3_memory_MB": 4159,
  "training_duration": "00:10:55",
  "training_start_epoch": 0,
  "training_epochs": 16,
  "epoch": 16,
  "training_start_acc": 0.9987654320987654,
  "training_end_acc": 0.9987654320987654,
  "training_span_acc": 0.9987654320987654,
  "training_em": 0.9592592592592593,
  "training_f1": 0.9834035031605987,
  "training_loss": 0.01989357151529368,
  "training_cpu_memory_MB": 3621.028,
  "training_gpu_0_memory_MB": 10787,
  "training_gpu_1_memory_MB": 4159,
  "training_gpu_2_memory_MB": 7173,
  "training_gpu_3_memory_MB": 4159,
  "validation_start_acc": 0.16666666666666666,
  "validation_end_acc": 0.2111111111111111,
  "validation_span_acc": 0.06666666666666667,
  "validation_em": 0.07777777777777778,
  "validation_f1": 0.28122919213536984,
  "validation_loss": 12.584969679514566,
  "best_validation_start_acc": 0.2222222222222222,
  "best_validation_end_acc": 0.28888888888888886,
  "best_validation_span_acc": 0.1,
  "best_validation_em": 0.1,
  "best_validation_f1": 0.30936493530436415,
  "best_validation_loss": 8.853800296783447
}