{
  "best_epoch": 14,
  "peak_cpu_memory_MB": 3879.86,
  "peak_gpu_0_memory_MB": 10,
  "peak_gpu_1_memory_MB": 10,
  "peak_gpu_2_memory_MB": 10,
  "peak_gpu_3_memory_MB": 4237,
  "training_duration": "00:03:17",
  "training_start_epoch": 0,
  "training_epochs": 19,
  "epoch": 19,
  "training_start_acc": 0.7196969696969697,
  "training_end_acc": 0.8484848484848485,
  "training_span_acc": 0.6136363636363636,
  "training_em": 0.6060606060606061,
  "training_f1": 0.8760135979249204,
  "training_loss": 0.858620802561442,
  "training_cpu_memory_MB": 3879.86,
  "training_gpu_0_memory_MB": 10,
  "training_gpu_1_memory_MB": 10,
  "training_gpu_2_memory_MB": 10,
  "training_gpu_3_memory_MB": 4237,
  "validation_start_acc": 0.1111111111111111,
  "validation_end_acc": 0.1111111111111111,
  "validation_span_acc": 0.022222222222222223,
  "validation_em": 0.03333333333333333,
  "validation_f1": 0.19739209920445586,
  "validation_loss": 10.913253943125406,
  "best_validation_start_acc": 0.07777777777777778,
  "best_validation_end_acc": 0.1111111111111111,
  "best_validation_span_acc": 0.044444444444444446,
  "best_validation_em": 0.06666666666666667,
  "best_validation_f1": 0.20095036734528537,
  "best_validation_loss": 10.849637985229492
}