{
  "best_epoch": 12,
  "peak_cpu_memory_MB": 3546.62,
  "peak_gpu_0_memory_MB": 10,
  "peak_gpu_1_memory_MB": 10,
  "peak_gpu_2_memory_MB": 10,
  "peak_gpu_3_memory_MB": 4761,
  "training_duration": "00:11:44",
  "training_start_epoch": 0,
  "training_epochs": 19,
  "epoch": 19,
  "training_start_acc": 0.9962962962962963,
  "training_end_acc": 0.9962962962962963,
  "training_span_acc": 0.9925925925925926,
  "training_em": 0.9543209876543209,
  "training_f1": 0.981597491985189,
  "training_loss": 0.024026897160665077,
  "training_cpu_memory_MB": 3546.62,
  "training_gpu_0_memory_MB": 10,
  "training_gpu_1_memory_MB": 10,
  "training_gpu_2_memory_MB": 10,
  "training_gpu_3_memory_MB": 4761,
  "validation_start_acc": 0.17777777777777778,
  "validation_end_acc": 0.12222222222222222,
  "validation_span_acc": 0.05555555555555555,
  "validation_em": 0.06666666666666667,
  "validation_f1": 0.23702300543341098,
  "validation_loss": 14.887284278869629,
  "best_validation_start_acc": 0.17777777777777778,
  "best_validation_end_acc": 0.18888888888888888,
  "best_validation_span_acc": 0.1,
  "best_validation_em": 0.1,
  "best_validation_f1": 0.30109178550641347,
  "best_validation_loss": 12.199040253957113
}