{
  "best_epoch": 13,
  "peak_cpu_memory_MB": 3853.092,
  "peak_gpu_0_memory_MB": 10787,
  "peak_gpu_1_memory_MB": 10,
  "peak_gpu_2_memory_MB": 7173,
  "peak_gpu_3_memory_MB": 10,
  "training_duration": "00:10:09",
  "training_start_epoch": 0,
  "training_epochs": 19,
  "epoch": 19,
  "training_start_acc": 0.6824427480916031,
  "training_end_acc": 0.7740458015267175,
  "training_span_acc": 0.5083969465648855,
  "training_em": 0.5038167938931297,
  "training_f1": 0.800250243124822,
  "training_loss": 0.9274664753820838,
  "training_cpu_memory_MB": 3853.092,
  "training_gpu_0_memory_MB": 10787,
  "training_gpu_1_memory_MB": 10,
  "training_gpu_2_memory_MB": 7173,
  "training_gpu_3_memory_MB": 10,
  "validation_start_acc": 0.17777777777777778,
  "validation_end_acc": 0.2111111111111111,
  "validation_span_acc": 0.08888888888888889,
  "validation_em": 0.1,
  "validation_f1": 0.27719348003397665,
  "validation_loss": 9.528845151265463,
  "best_validation_start_acc": 0.2,
  "best_validation_end_acc": 0.2111111111111111,
  "best_validation_span_acc": 0.1111111111111111,
  "best_validation_em": 0.12222222222222222,
  "best_validation_f1": 0.31141935999948356,
  "best_validation_loss": 8.964101632436117
}