{
  "best_epoch": 14,
  "peak_cpu_memory_MB": 3613.224,
  "peak_gpu_0_memory_MB": 10787,
  "peak_gpu_1_memory_MB": 4159,
  "peak_gpu_2_memory_MB": 7173,
  "peak_gpu_3_memory_MB": 4159,
  "training_duration": "00:12:55",
  "training_start_epoch": 0,
  "training_epochs": 19,
  "epoch": 19,
  "training_start_acc": 0.9962962962962963,
  "training_end_acc": 0.9962962962962963,
  "training_span_acc": 0.9962962962962963,
  "training_em": 0.9530864197530864,
  "training_f1": 0.9802272873602141,
  "training_loss": 0.021413100367485016,
  "training_cpu_memory_MB": 3613.224,
  "training_gpu_0_memory_MB": 10787,
  "training_gpu_1_memory_MB": 4159,
  "training_gpu_2_memory_MB": 7173,
  "training_gpu_3_memory_MB": 4159,
  "validation_start_acc": 0.2222222222222222,
  "validation_end_acc": 0.23333333333333334,
  "validation_span_acc": 0.1,
  "validation_em": 0.1,
  "validation_f1": 0.3282764783420564,
  "validation_loss": 13.135636329650879,
  "best_validation_start_acc": 0.18888888888888888,
  "best_validation_end_acc": 0.28888888888888886,
  "best_validation_span_acc": 0.15555555555555556,
  "best_validation_em": 0.16666666666666666,
  "best_validation_f1": 0.34466004763218827,
  "best_validation_loss": 12.057064374287924
}