{
  "best_epoch": 12,
  "peak_cpu_memory_MB": 3632.992,
  "peak_gpu_0_memory_MB": 10,
  "peak_gpu_1_memory_MB": 10,
  "peak_gpu_2_memory_MB": 10,
  "peak_gpu_3_memory_MB": 5729,
  "training_duration": "00:11:36",
  "training_start_epoch": 0,
  "training_epochs": 19,
  "epoch": 19,
  "training_start_acc": 0.9885245901639345,
  "training_end_acc": 0.9901639344262295,
  "training_span_acc": 0.9836065573770492,
  "training_em": 0.9475409836065574,
  "training_f1": 0.975328550647335,
  "training_loss": 0.05343176696736079,
  "training_cpu_memory_MB": 3632.992,
  "training_gpu_0_memory_MB": 10,
  "training_gpu_1_memory_MB": 10,
  "training_gpu_2_memory_MB": 10,
  "training_gpu_3_memory_MB": 5729,
  "validation_start_acc": 0.12222222222222222,
  "validation_end_acc": 0.2,
  "validation_span_acc": 0.05555555555555555,
  "validation_em": 0.05555555555555555,
  "validation_f1": 0.23729591657522758,
  "validation_loss": 13.353954950968424,
  "best_validation_start_acc": 0.1111111111111111,
  "best_validation_end_acc": 0.2222222222222222,
  "best_validation_span_acc": 0.08888888888888889,
  "best_validation_em": 0.08888888888888889,
  "best_validation_f1": 0.26050680552830763,
  "best_validation_loss": 11.148092269897461
}