{
  "best_epoch": 3,
  "peak_cpu_memory_MB": 4614.648,
  "peak_gpu_0_memory_MB": 10,
  "peak_gpu_1_memory_MB": 10,
  "peak_gpu_2_memory_MB": 4415,
  "peak_gpu_3_memory_MB": 1993,
  "training_duration": "00:01:15",
  "training_start_epoch": 0,
  "training_epochs": 12,
  "epoch": 12,
  "training_start_acc": 0.014285714285714285,
  "training_end_acc": 0.12285714285714286,
  "training_span_acc": 0.0,
  "training_em": 0.0,
  "training_f1": 0.1616588106634245,
  "training_loss": 8.368185303427957,
  "training_cpu_memory_MB": 4614.648,
  "training_gpu_0_memory_MB": 10,
  "training_gpu_1_memory_MB": 10,
  "training_gpu_2_memory_MB": 4415,
  "training_gpu_3_memory_MB": 1993,
  "validation_start_acc": 0.0,
  "validation_end_acc": 0.1,
  "validation_span_acc": 0.0,
  "validation_em": 0.0,
  "validation_f1": 0.16628705730362517,
  "validation_loss": 8.617293357849121,
  "best_validation_start_acc": 0.011111111111111112,
  "best_validation_end_acc": 0.08888888888888889,
  "best_validation_span_acc": 0.011111111111111112,
  "best_validation_em": 0.03333333333333333,
  "best_validation_f1": 0.21762079907030432,
  "best_validation_loss": 8.989987055460611
}