{
  "best_epoch": 5,
  "peak_cpu_memory_MB": 3620.292,
  "peak_gpu_0_memory_MB": 10,
  "peak_gpu_1_memory_MB": 10,
  "peak_gpu_2_memory_MB": 10,
  "peak_gpu_3_memory_MB": 4785,
  "training_duration": "00:12:34",
  "training_start_epoch": 0,
  "training_epochs": 14,
  "epoch": 14,
  "training_start_acc": 0.9814814814814815,
  "training_end_acc": 0.9666666666666667,
  "training_span_acc": 0.9592592592592593,
  "training_em": 0.928395061728395,
  "training_f1": 0.960240225980604,
  "training_loss": 0.168116582959306,
  "training_cpu_memory_MB": 3620.292,
  "training_gpu_0_memory_MB": 10,
  "training_gpu_1_memory_MB": 10,
  "training_gpu_2_memory_MB": 10,
  "training_gpu_3_memory_MB": 4785,
  "validation_start_acc": 0.1,
  "validation_end_acc": 0.18888888888888888,
  "validation_span_acc": 0.03333333333333333,
  "validation_em": 0.044444444444444446,
  "validation_f1": 0.2276532597430241,
  "validation_loss": 11.813698768615723,
  "best_validation_start_acc": 0.1111111111111111,
  "best_validation_end_acc": 0.14444444444444443,
  "best_validation_span_acc": 0.06666666666666667,
  "best_validation_em": 0.07777777777777778,
  "best_validation_f1": 0.1941932511360915,
  "best_validation_loss": 8.61006244023641
}