{
  "best_epoch": 9,
  "peak_cpu_memory_MB": 3856.236,
  "peak_gpu_0_memory_MB": 10,
  "peak_gpu_1_memory_MB": 10,
  "peak_gpu_2_memory_MB": 10,
  "peak_gpu_3_memory_MB": 4237,
  "training_duration": "00:15:08",
  "training_start_epoch": 0,
  "training_epochs": 18,
  "epoch": 18,
  "training_start_acc": 0.7061340941512125,
  "training_end_acc": 0.7845934379457917,
  "training_span_acc": 0.5449358059914408,
  "training_em": 0.5406562054208274,
  "training_f1": 0.8396148132438884,
  "training_loss": 0.9320521476593885,
  "training_cpu_memory_MB": 3856.236,
  "training_gpu_0_memory_MB": 10,
  "training_gpu_1_memory_MB": 10,
  "training_gpu_2_memory_MB": 10,
  "training_gpu_3_memory_MB": 4237,
  "validation_start_acc": 0.13186813186813187,
  "validation_end_acc": 0.16483516483516483,
  "validation_span_acc": 0.0989010989010989,
  "validation_em": 0.12087912087912088,
  "validation_f1": 0.3047854427532609,
  "validation_loss": 10.308914502461752,
  "best_validation_start_acc": 0.15384615384615385,
  "best_validation_end_acc": 0.21978021978021978,
  "best_validation_span_acc": 0.0989010989010989,
  "best_validation_em": 0.12087912087912088,
  "best_validation_f1": 0.31578483291040105,
  "best_validation_loss": 8.703076601028442
}