{
  "best_epoch": 10,
  "peak_cpu_memory_MB": 3659.656,
  "peak_gpu_0_memory_MB": 10787,
  "peak_gpu_1_memory_MB": 10,
  "peak_gpu_2_memory_MB": 10,
  "peak_gpu_3_memory_MB": 5705,
  "training_duration": "00:08:26",
  "training_start_epoch": 0,
  "training_epochs": 19,
  "epoch": 19,
  "training_start_acc": 0.9975490196078431,
  "training_end_acc": 0.9852941176470589,
  "training_span_acc": 0.9852941176470589,
  "training_em": 0.9485294117647058,
  "training_f1": 0.9785608093699683,
  "training_loss": 0.03952299509770595,
  "training_cpu_memory_MB": 3659.656,
  "training_gpu_0_memory_MB": 10787,
  "training_gpu_1_memory_MB": 10,
  "training_gpu_2_memory_MB": 10,
  "training_gpu_3_memory_MB": 5705,
  "validation_start_acc": 0.10989010989010989,
  "validation_end_acc": 0.17582417582417584,
  "validation_span_acc": 0.08791208791208792,
  "validation_em": 0.13186813186813187,
  "validation_f1": 0.3051252015355515,
  "validation_loss": 13.142261028289795,
  "best_validation_start_acc": 0.18681318681318682,
  "best_validation_end_acc": 0.15384615384615385,
  "best_validation_span_acc": 0.13186813186813187,
  "best_validation_em": 0.16483516483516483,
  "best_validation_f1": 0.3275083016694593,
  "best_validation_loss": 9.761466344197592
}