{
  "best_epoch": 5,
  "peak_cpu_memory_MB": 3621.028,
  "peak_gpu_0_memory_MB": 10787,
  "peak_gpu_1_memory_MB": 6755,
  "peak_gpu_2_memory_MB": 7173,
  "peak_gpu_3_memory_MB": 6755,
  "training_duration": "00:05:43",
  "training_start_epoch": 0,
  "training_epochs": 14,
  "epoch": 14,
  "training_start_acc": 0.9827160493827161,
  "training_end_acc": 0.9728395061728395,
  "training_span_acc": 0.9679012345679012,
  "training_em": 0.928395061728395,
  "training_f1": 0.9638930094639697,
  "training_loss": 0.140827516774432,
  "training_cpu_memory_MB": 3621.028,
  "training_gpu_0_memory_MB": 10787,
  "training_gpu_1_memory_MB": 6755,
  "training_gpu_2_memory_MB": 7173,
  "training_gpu_3_memory_MB": 6755,
  "validation_start_acc": 0.12222222222222222,
  "validation_end_acc": 0.1111111111111111,
  "validation_span_acc": 0.011111111111111112,
  "validation_em": 0.022222222222222223,
  "validation_f1": 0.1852629066444014,
  "validation_loss": 13.349776268005371,
  "best_validation_start_acc": 0.07777777777777778,
  "best_validation_end_acc": 0.12222222222222222,
  "best_validation_span_acc": 0.044444444444444446,
  "best_validation_em": 0.05555555555555555,
  "best_validation_f1": 0.15990326162325663,
  "best_validation_loss": 8.355893214543661
}