{
  "best_epoch": 18,
  "peak_cpu_memory_MB": 3626.016,
  "peak_gpu_0_memory_MB": 10787,
  "peak_gpu_1_memory_MB": 6755,
  "peak_gpu_2_memory_MB": 7173,
  "peak_gpu_3_memory_MB": 6755,
  "training_duration": "00:07:51",
  "training_start_epoch": 0,
  "training_epochs": 19,
  "epoch": 19,
  "training_start_acc": 0.9949622166246851,
  "training_end_acc": 0.9949622166246851,
  "training_span_acc": 0.9949622166246851,
  "training_em": 0.9596977329974811,
  "training_f1": 0.9834186981527062,
  "training_loss": 0.03671852637082338,
  "training_cpu_memory_MB": 3626.016,
  "training_gpu_0_memory_MB": 10787,
  "training_gpu_1_memory_MB": 6755,
  "training_gpu_2_memory_MB": 7173,
  "training_gpu_3_memory_MB": 6755,
  "validation_start_acc": 0.13333333333333333,
  "validation_end_acc": 0.17777777777777778,
  "validation_span_acc": 0.044444444444444446,
  "validation_em": 0.14444444444444443,
  "validation_f1": 0.3479075274412694,
  "validation_loss": 12.669754187266031,
  "best_validation_start_acc": 0.13333333333333333,
  "best_validation_end_acc": 0.2111111111111111,
  "best_validation_span_acc": 0.06666666666666667,
  "best_validation_em": 0.15555555555555556,
  "best_validation_f1": 0.3835140457235759,
  "best_validation_loss": 12.586190223693848
}