{
  "best_epoch": 7,
  "peak_cpu_memory_MB": 3856.236,
  "peak_gpu_0_memory_MB": 10,
  "peak_gpu_1_memory_MB": 10,
  "peak_gpu_2_memory_MB": 10,
  "peak_gpu_3_memory_MB": 4237,
  "training_duration": "00:13:01",
  "training_start_epoch": 0,
  "training_epochs": 16,
  "epoch": 16,
  "training_start_acc": 0.6979472140762464,
  "training_end_acc": 0.781524926686217,
  "training_span_acc": 0.5234604105571847,
  "training_em": 0.5395894428152492,
  "training_f1": 0.824870038732016,
  "training_loss": 0.9518187122289524,
  "training_cpu_memory_MB": 3856.236,
  "training_gpu_0_memory_MB": 10,
  "training_gpu_1_memory_MB": 10,
  "training_gpu_2_memory_MB": 10,
  "training_gpu_3_memory_MB": 4237,
  "validation_start_acc": 0.14444444444444443,
  "validation_end_acc": 0.16666666666666666,
  "validation_span_acc": 0.03333333333333333,
  "validation_em": 0.05555555555555555,
  "validation_f1": 0.2861838442098622,
  "validation_loss": 11.07869259516398,
  "best_validation_start_acc": 0.14444444444444443,
  "best_validation_end_acc": 0.16666666666666666,
  "best_validation_span_acc": 0.05555555555555555,
  "best_validation_em": 0.1,
  "best_validation_f1": 0.28061312006213024,
  "best_validation_loss": 9.130437771479288
}