{
  "best_epoch": 13,
  "peak_cpu_memory_MB": 3659.656,
  "peak_gpu_0_memory_MB": 10787,
  "peak_gpu_1_memory_MB": 10,
  "peak_gpu_2_memory_MB": 10,
  "peak_gpu_3_memory_MB": 5705,
  "training_duration": "00:07:50",
  "training_start_epoch": 0,
  "training_epochs": 19,
  "epoch": 19,
  "training_start_acc": 0.9873417721518988,
  "training_end_acc": 0.9898734177215189,
  "training_span_acc": 0.9898734177215189,
  "training_em": 0.9518987341772152,
  "training_f1": 0.9748921574380925,
  "training_loss": 0.08756820946931838,
  "training_cpu_memory_MB": 3659.656,
  "training_gpu_0_memory_MB": 10787,
  "training_gpu_1_memory_MB": 10,
  "training_gpu_2_memory_MB": 10,
  "training_gpu_3_memory_MB": 5705,
  "validation_start_acc": 0.15555555555555556,
  "validation_end_acc": 0.14444444444444443,
  "validation_span_acc": 0.03333333333333333,
  "validation_em": 0.07777777777777778,
  "validation_f1": 0.24770319573399183,
  "validation_loss": 13.914084275563559,
  "best_validation_start_acc": 0.15555555555555556,
  "best_validation_end_acc": 0.17777777777777778,
  "best_validation_span_acc": 0.03333333333333333,
  "best_validation_em": 0.08888888888888889,
  "best_validation_f1": 0.28626546803243796,
  "best_validation_loss": 10.472983837127686
}