{
  "best_epoch": 12,
  "peak_cpu_memory_MB": 3621.028,
  "peak_gpu_0_memory_MB": 10787,
  "peak_gpu_1_memory_MB": 6755,
  "peak_gpu_2_memory_MB": 7173,
  "peak_gpu_3_memory_MB": 6755,
  "training_duration": "00:10:14",
  "training_start_epoch": 0,
  "training_epochs": 19,
  "epoch": 19,
  "training_start_acc": 0.9966666666666667,
  "training_end_acc": 0.9916666666666667,
  "training_span_acc": 0.99,
  "training_em": 0.9516666666666667,
  "training_f1": 0.9789553592518272,
  "training_loss": 0.026869554415737327,
  "training_cpu_memory_MB": 3621.028,
  "training_gpu_0_memory_MB": 10787,
  "training_gpu_1_memory_MB": 6755,
  "training_gpu_2_memory_MB": 7173,
  "training_gpu_3_memory_MB": 6755,
  "validation_start_acc": 0.16666666666666666,
  "validation_end_acc": 0.3,
  "validation_span_acc": 0.08888888888888889,
  "validation_em": 0.08888888888888889,
  "validation_f1": 0.35246664594580246,
  "validation_loss": 12.293636639912924,
  "best_validation_start_acc": 0.17777777777777778,
  "best_validation_end_acc": 0.3,
  "best_validation_span_acc": 0.12222222222222222,
  "best_validation_em": 0.12222222222222222,
  "best_validation_f1": 0.36579553367300965,
  "best_validation_loss": 9.766878286997477
}