{
  "best_epoch": 14,
  "peak_cpu_memory_MB": 4614.648,
  "peak_gpu_0_memory_MB": 10,
  "peak_gpu_1_memory_MB": 10,
  "peak_gpu_2_memory_MB": 3769,
  "peak_gpu_3_memory_MB": 1993,
  "training_duration": "00:05:16",
  "training_start_epoch": 0,
  "training_epochs": 19,
  "epoch": 19,
  "training_start_acc": 0.07418111753371869,
  "training_end_acc": 0.16859344894026976,
  "training_span_acc": 0.031791907514450865,
  "training_em": 0.03275529865125241,
  "training_f1": 0.20950542327147295,
  "training_loss": 7.490532024090107,
  "training_cpu_memory_MB": 4614.648,
  "training_gpu_0_memory_MB": 10,
  "training_gpu_1_memory_MB": 10,
  "training_gpu_2_memory_MB": 3769,
  "training_gpu_3_memory_MB": 1993,
  "validation_start_acc": 0.03333333333333333,
  "validation_end_acc": 0.12222222222222222,
  "validation_span_acc": 0.022222222222222223,
  "validation_em": 0.022222222222222223,
  "validation_f1": 0.21481926660877787,
  "validation_loss": 8.544066588083902,
  "best_validation_start_acc": 0.022222222222222223,
  "best_validation_end_acc": 0.12222222222222222,
  "best_validation_span_acc": 0.03333333333333333,
  "best_validation_em": 0.03333333333333333,
  "best_validation_f1": 0.2024701763844615,
  "best_validation_loss": 8.468432426452637
}