{
  "best_epoch": 5,
  "peak_cpu_memory_MB": 3856.236,
  "peak_gpu_0_memory_MB": 10,
  "peak_gpu_1_memory_MB": 10,
  "peak_gpu_2_memory_MB": 10,
  "peak_gpu_3_memory_MB": 4237,
  "training_duration": "00:11:18",
  "training_start_epoch": 0,
  "training_epochs": 14,
  "epoch": 14,
  "training_start_acc": 0.688953488372093,
  "training_end_acc": 0.7587209302325582,
  "training_span_acc": 0.5116279069767442,
  "training_em": 0.5218023255813954,
  "training_f1": 0.8248778365475623,
  "training_loss": 1.0746198532193205,
  "training_cpu_memory_MB": 3856.236,
  "training_gpu_0_memory_MB": 10,
  "training_gpu_1_memory_MB": 10,
  "training_gpu_2_memory_MB": 10,
  "training_gpu_3_memory_MB": 4237,
  "validation_start_acc": 0.17777777777777778,
  "validation_end_acc": 0.14444444444444443,
  "validation_span_acc": 0.044444444444444446,
  "validation_em": 0.08888888888888889,
  "validation_f1": 0.30561489821976845,
  "validation_loss": 10.306229909261068,
  "best_validation_start_acc": 0.17777777777777778,
  "best_validation_end_acc": 0.15555555555555556,
  "best_validation_span_acc": 0.06666666666666667,
  "best_validation_em": 0.1,
  "best_validation_f1": 0.29751626324858077,
  "best_validation_loss": 8.174223105112711
}