{
  "best_epoch": 14,
  "peak_cpu_memory_MB": 2721.744,
  "peak_gpu_0_memory_MB": 10,
  "peak_gpu_1_memory_MB": 10,
  "peak_gpu_2_memory_MB": 10,
  "peak_gpu_3_memory_MB": 4867,
  "training_duration": "00:04:13",
  "training_start_epoch": 0,
  "training_epochs": 19,
  "epoch": 19,
  "training_start_acc": 0.6395014381591563,
  "training_end_acc": 0.7334611697027804,
  "training_span_acc": 0.4563758389261745,
  "training_em": 0.4707574304889741,
  "training_f1": 0.7919790541434573,
  "training_loss": 1.6128280000253157,
  "training_cpu_memory_MB": 2721.744,
  "training_gpu_0_memory_MB": 10,
  "training_gpu_1_memory_MB": 10,
  "training_gpu_2_memory_MB": 10,
  "training_gpu_3_memory_MB": 4867,
  "validation_start_acc": 0.14444444444444443,
  "validation_end_acc": 0.26666666666666666,
  "validation_span_acc": 0.07777777777777778,
  "validation_em": 0.14444444444444443,
  "validation_f1": 0.33850356832318096,
  "validation_loss": 9.553967157999674,
  "best_validation_start_acc": 0.18888888888888888,
  "best_validation_end_acc": 0.25555555555555554,
  "best_validation_span_acc": 0.12222222222222222,
  "best_validation_em": 0.16666666666666666,
  "best_validation_f1": 0.34641208295567594,
  "best_validation_loss": 8.475251038869223
}