{
  "best_epoch": 9,
  "peak_cpu_memory_MB": 3656.296,
  "peak_gpu_0_memory_MB": 10,
  "peak_gpu_1_memory_MB": 10,
  "peak_gpu_2_memory_MB": 10,
  "peak_gpu_3_memory_MB": 5707,
  "training_duration": "00:04:08",
  "training_start_epoch": 0,
  "training_epochs": 18,
  "epoch": 18,
  "training_start_acc": 0.937799043062201,
  "training_end_acc": 0.9138755980861244,
  "training_span_acc": 0.9282296650717703,
  "training_em": 0.9186602870813397,
  "training_f1": 0.9516368190326455,
  "training_loss": 0.5610271777425494,
  "training_cpu_memory_MB": 3656.296,
  "training_gpu_0_memory_MB": 10,
  "training_gpu_1_memory_MB": 10,
  "training_gpu_2_memory_MB": 10,
  "training_gpu_3_memory_MB": 5707,
  "validation_start_acc": 0.1,
  "validation_end_acc": 0.13333333333333333,
  "validation_span_acc": 0.03333333333333333,
  "validation_em": 0.03333333333333333,
  "validation_f1": 0.16349837911445167,
  "validation_loss": 9.955698649088541,
  "best_validation_start_acc": 0.08888888888888889,
  "best_validation_end_acc": 0.1111111111111111,
  "best_validation_span_acc": 0.044444444444444446,
  "best_validation_em": 0.044444444444444446,
  "best_validation_f1": 0.16748968373179685,
  "best_validation_loss": 10.088007926940918
}