{
  "best_epoch": 15,
  "peak_cpu_memory_MB": 3867.7,
  "peak_gpu_0_memory_MB": 10,
  "peak_gpu_1_memory_MB": 10,
  "peak_gpu_2_memory_MB": 10,
  "peak_gpu_3_memory_MB": 6395,
  "training_duration": "00:15:04",
  "training_start_epoch": 0,
  "training_epochs": 19,
  "epoch": 19,
  "training_start_acc": 0.6826462128475551,
  "training_end_acc": 0.7622243528283796,
  "training_span_acc": 0.5129434324065196,
  "training_em": 0.5196548418024928,
  "training_f1": 0.8182543403583803,
  "training_loss": 0.9599850177764893,
  "training_cpu_memory_MB": 3867.7,
  "training_gpu_0_memory_MB": 10,
  "training_gpu_1_memory_MB": 10,
  "training_gpu_2_memory_MB": 10,
  "training_gpu_3_memory_MB": 6395,
  "validation_start_acc": 0.15555555555555556,
  "validation_end_acc": 0.2111111111111111,
  "validation_span_acc": 0.07777777777777778,
  "validation_em": 0.12222222222222222,
  "validation_f1": 0.3027153939563783,
  "validation_loss": 10.529610315958658,
  "best_validation_start_acc": 0.17777777777777778,
  "best_validation_end_acc": 0.26666666666666666,
  "best_validation_span_acc": 0.12222222222222222,
  "best_validation_em": 0.17777777777777778,
  "best_validation_f1": 0.3463294555216647,
  "best_validation_loss": 9.395375569661459
}