{
  "best_epoch": 2,
  "peak_cpu_memory_MB": 2708.152,
  "peak_gpu_0_memory_MB": 8903,
  "peak_gpu_1_memory_MB": 10,
  "peak_gpu_2_memory_MB": 10,
  "peak_gpu_3_memory_MB": 6195,
  "training_duration": "00:00:18",
  "training_start_epoch": 0,
  "training_epochs": 11,
  "epoch": 11,
  "training_start_acc": 0.17647058823529413,
  "training_end_acc": 0.2823529411764706,
  "training_span_acc": 0.08235294117647059,
  "training_em": 0.09411764705882353,
  "training_f1": 0.25949124916822586,
  "training_loss": 4.724119226137797,
  "training_cpu_memory_MB": 2708.152,
  "training_gpu_0_memory_MB": 8903,
  "training_gpu_1_memory_MB": 10,
  "training_gpu_2_memory_MB": 10,
  "training_gpu_3_memory_MB": 6195,
  "validation_start_acc": 0.0,
  "validation_end_acc": 0.06666666666666667,
  "validation_span_acc": 0.0,
  "validation_em": 0.011111111111111112,
  "validation_f1": 0.13723841928337036,
  "validation_loss": 10.374472935994467,
  "best_validation_start_acc": 0.011111111111111112,
  "best_validation_end_acc": 0.08888888888888889,
  "best_validation_span_acc": 0.022222222222222223,
  "best_validation_em": 0.022222222222222223,
  "best_validation_f1": 0.1600511071344951,
  "best_validation_loss": 9.146408081054688
}