{
  "best_epoch": 3,
  "peak_cpu_memory_MB": 4614.648,
  "peak_gpu_0_memory_MB": 10,
  "peak_gpu_1_memory_MB": 10,
  "peak_gpu_2_memory_MB": 4413,
  "peak_gpu_3_memory_MB": 1993,
  "training_duration": "00:02:19",
  "training_start_epoch": 0,
  "training_epochs": 12,
  "epoch": 12,
  "training_start_acc": 0.03254437869822485,
  "training_end_acc": 0.13165680473372782,
  "training_span_acc": 0.011834319526627219,
  "training_em": 0.013313609467455622,
  "training_f1": 0.17408624712062595,
  "training_loss": 7.975487775580827,
  "training_cpu_memory_MB": 4614.648,
  "training_gpu_0_memory_MB": 10,
  "training_gpu_1_memory_MB": 10,
  "training_gpu_2_memory_MB": 4413,
  "training_gpu_3_memory_MB": 1993,
  "validation_start_acc": 0.022988505747126436,
  "validation_end_acc": 0.09195402298850575,
  "validation_span_acc": 0.0,
  "validation_em": 0.0,
  "validation_f1": 0.17459222860849546,
  "validation_loss": 8.445572217305502,
  "best_validation_start_acc": 0.022988505747126436,
  "best_validation_end_acc": 0.08045977011494253,
  "best_validation_span_acc": 0.0,
  "best_validation_em": 0.011494252873563218,
  "best_validation_f1": 0.2148792562529982,
  "best_validation_loss": 8.73717466990153
}