{
  "best_epoch": 19,
  "peak_cpu_memory_MB": 3626.016,
  "peak_gpu_0_memory_MB": 10787,
  "peak_gpu_1_memory_MB": 6755,
  "peak_gpu_2_memory_MB": 7173,
  "peak_gpu_3_memory_MB": 6755,
  "training_duration": "00:07:18",
  "training_start_epoch": 0,
  "training_epochs": 19,
  "epoch": 19,
  "training_start_acc": 0.9974811083123426,
  "training_end_acc": 0.9974811083123426,
  "training_span_acc": 0.9949622166246851,
  "training_em": 0.9571788413098237,
  "training_f1": 0.9853162284694837,
  "training_loss": 0.01921725083142519,
  "training_cpu_memory_MB": 3626.016,
  "training_gpu_0_memory_MB": 10787,
  "training_gpu_1_memory_MB": 6755,
  "training_gpu_2_memory_MB": 7173,
  "training_gpu_3_memory_MB": 6755,
  "validation_start_acc": 0.17777777777777778,
  "validation_end_acc": 0.18888888888888888,
  "validation_span_acc": 0.07777777777777778,
  "validation_em": 0.1111111111111111,
  "validation_f1": 0.3033723855482321,
  "validation_loss": 12.593290646870932,
  "best_validation_start_acc": 0.17777777777777778,
  "best_validation_end_acc": 0.18888888888888888,
  "best_validation_span_acc": 0.07777777777777778,
  "best_validation_em": 0.1111111111111111,
  "best_validation_f1": 0.3033723855482321,
  "best_validation_loss": 12.593290646870932
}