{
  "best_epoch": 14,
  "peak_cpu_memory_MB": 3659.656,
  "peak_gpu_0_memory_MB": 10787,
  "peak_gpu_1_memory_MB": 10,
  "peak_gpu_2_memory_MB": 10,
  "peak_gpu_3_memory_MB": 5705,
  "training_duration": "00:05:11",
  "training_start_epoch": 0,
  "training_epochs": 19,
  "epoch": 19,
  "training_start_acc": 1.0,
  "training_end_acc": 0.9949238578680203,
  "training_span_acc": 1.0,
  "training_em": 0.9644670050761421,
  "training_f1": 0.9779799652060028,
  "training_loss": 0.051065746873903736,
  "training_cpu_memory_MB": 3659.656,
  "training_gpu_0_memory_MB": 10787,
  "training_gpu_1_memory_MB": 10,
  "training_gpu_2_memory_MB": 10,
  "training_gpu_3_memory_MB": 5705,
  "validation_start_acc": 0.06593406593406594,
  "validation_end_acc": 0.12087912087912088,
  "validation_span_acc": 0.02197802197802198,
  "validation_em": 0.03296703296703297,
  "validation_f1": 0.19400253535888137,
  "validation_loss": 13.027657508850098,
  "best_validation_start_acc": 0.08791208791208792,
  "best_validation_end_acc": 0.12087912087912088,
  "best_validation_span_acc": 0.04395604395604396,
  "best_validation_em": 0.054945054945054944,
  "best_validation_f1": 0.22997935466644112,
  "best_validation_loss": 11.790897369384766
}