{
  "best_epoch": 8,
  "peak_cpu_memory_MB": 3856.236,
  "peak_gpu_0_memory_MB": 10,
  "peak_gpu_1_memory_MB": 10,
  "peak_gpu_2_memory_MB": 10,
  "peak_gpu_3_memory_MB": 4237,
  "training_duration": "00:07:26",
  "training_start_epoch": 0,
  "training_epochs": 17,
  "epoch": 17,
  "training_start_acc": 0.6850152905198776,
  "training_end_acc": 0.7859327217125383,
  "training_span_acc": 0.5626911314984709,
  "training_em": 0.5626911314984709,
  "training_f1": 0.8274462375795434,
  "training_loss": 0.9981833639599028,
  "training_cpu_memory_MB": 3856.236,
  "training_gpu_0_memory_MB": 10,
  "training_gpu_1_memory_MB": 10,
  "training_gpu_2_memory_MB": 10,
  "training_gpu_3_memory_MB": 4237,
  "validation_start_acc": 0.054945054945054944,
  "validation_end_acc": 0.16483516483516483,
  "validation_span_acc": 0.03296703296703297,
  "validation_em": 0.054945054945054944,
  "validation_f1": 0.2162050376276697,
  "validation_loss": 11.423805236816406,
  "best_validation_start_acc": 0.06593406593406594,
  "best_validation_end_acc": 0.13186813186813187,
  "best_validation_span_acc": 0.02197802197802198,
  "best_validation_em": 0.06593406593406594,
  "best_validation_f1": 0.2132209415438314,
  "best_validation_loss": 9.748918533325195
}