{
  "best_epoch": 9,
  "peak_cpu_memory_MB": 2721.744,
  "peak_gpu_0_memory_MB": 10,
  "peak_gpu_1_memory_MB": 10,
  "peak_gpu_2_memory_MB": 10,
  "peak_gpu_3_memory_MB": 4871,
  "training_duration": "00:00:49",
  "training_start_epoch": 0,
  "training_epochs": 18,
  "epoch": 18,
  "training_start_acc": 0.12359550561797752,
  "training_end_acc": 0.3707865168539326,
  "training_span_acc": 0.07865168539325842,
  "training_em": 0.07865168539325842,
  "training_f1": 0.3842879197440164,
  "training_loss": 5.731657902399699,
  "training_cpu_memory_MB": 2721.744,
  "training_gpu_0_memory_MB": 10,
  "training_gpu_1_memory_MB": 10,
  "training_gpu_2_memory_MB": 10,
  "training_gpu_3_memory_MB": 4871,
  "validation_start_acc": 0.022222222222222223,
  "validation_end_acc": 0.14444444444444443,
  "validation_span_acc": 0.0,
  "validation_em": 0.0,
  "validation_f1": 0.17288346561579704,
  "validation_loss": 9.325363238652548,
  "best_validation_start_acc": 0.022222222222222223,
  "best_validation_end_acc": 0.12222222222222222,
  "best_validation_span_acc": 0.011111111111111112,
  "best_validation_em": 0.03333333333333333,
  "best_validation_f1": 0.19462809972635423,
  "best_validation_loss": 8.832428455352783
}