{
  "best_epoch": 8,
  "peak_cpu_memory_MB": 3856.236,
  "peak_gpu_0_memory_MB": 10,
  "peak_gpu_1_memory_MB": 10,
  "peak_gpu_2_memory_MB": 10,
  "peak_gpu_3_memory_MB": 4237,
  "training_duration": "00:07:53",
  "training_start_epoch": 0,
  "training_epochs": 17,
  "epoch": 17,
  "training_start_acc": 0.6859504132231405,
  "training_end_acc": 0.7988980716253443,
  "training_span_acc": 0.5289256198347108,
  "training_em": 0.5426997245179064,
  "training_f1": 0.836345686833386,
  "training_loss": 0.9654031499572422,
  "training_cpu_memory_MB": 3856.236,
  "training_gpu_0_memory_MB": 10,
  "training_gpu_1_memory_MB": 10,
  "training_gpu_2_memory_MB": 10,
  "training_gpu_3_memory_MB": 4237,
  "validation_start_acc": 0.1111111111111111,
  "validation_end_acc": 0.15555555555555556,
  "validation_span_acc": 0.022222222222222223,
  "validation_em": 0.03333333333333333,
  "validation_f1": 0.21867388318726286,
  "validation_loss": 9.971590836842855,
  "best_validation_start_acc": 0.08888888888888889,
  "best_validation_end_acc": 0.17777777777777778,
  "best_validation_span_acc": 0.06666666666666667,
  "best_validation_em": 0.07777777777777778,
  "best_validation_f1": 0.24095956717389022,
  "best_validation_loss": 8.954045136769613
}