{
  "best_epoch": 5,
  "peak_cpu_memory_MB": 3867.7,
  "peak_gpu_0_memory_MB": 10,
  "peak_gpu_1_memory_MB": 10,
  "peak_gpu_2_memory_MB": 10,
  "peak_gpu_3_memory_MB": 6395,
  "training_duration": "00:14:21",
  "training_start_epoch": 0,
  "training_epochs": 14,
  "epoch": 14,
  "training_start_acc": 0.6804860614724804,
  "training_end_acc": 0.7605432451751251,
  "training_span_acc": 0.501072194424589,
  "training_em": 0.5067905646890636,
  "training_f1": 0.8176342143396325,
  "training_loss": 1.0064081241461365,
  "training_cpu_memory_MB": 3867.7,
  "training_gpu_0_memory_MB": 10,
  "training_gpu_1_memory_MB": 10,
  "training_gpu_2_memory_MB": 10,
  "training_gpu_3_memory_MB": 6395,
  "validation_start_acc": 0.18888888888888888,
  "validation_end_acc": 0.3,
  "validation_span_acc": 0.1111111111111111,
  "validation_em": 0.15555555555555556,
  "validation_f1": 0.3959214893951033,
  "validation_loss": 8.145461638768515,
  "best_validation_start_acc": 0.2777777777777778,
  "best_validation_end_acc": 0.2777777777777778,
  "best_validation_span_acc": 0.15555555555555556,
  "best_validation_em": 0.2222222222222222,
  "best_validation_f1": 0.4332157710902661,
  "best_validation_loss": 6.672446330388387
}