{
  "best_epoch": 16,
  "peak_cpu_memory_MB": 3656.296,
  "peak_gpu_0_memory_MB": 10,
  "peak_gpu_1_memory_MB": 10,
  "peak_gpu_2_memory_MB": 10,
  "peak_gpu_3_memory_MB": 5705,
  "training_duration": "00:09:14",
  "training_start_epoch": 0,
  "training_epochs": 19,
  "epoch": 19,
  "training_start_acc": 0.9898734177215189,
  "training_end_acc": 0.9898734177215189,
  "training_span_acc": 0.9873417721518988,
  "training_em": 0.9493670886075949,
  "training_f1": 0.9742453302151033,
  "training_loss": 0.07337083622813224,
  "training_cpu_memory_MB": 3656.296,
  "training_gpu_0_memory_MB": 10,
  "training_gpu_1_memory_MB": 10,
  "training_gpu_2_memory_MB": 10,
  "training_gpu_3_memory_MB": 5705,
  "validation_start_acc": 0.12222222222222222,
  "validation_end_acc": 0.13333333333333333,
  "validation_span_acc": 0.06666666666666667,
  "validation_em": 0.1,
  "validation_f1": 0.22746446567405892,
  "validation_loss": 13.415300528208414,
  "best_validation_start_acc": 0.15555555555555556,
  "best_validation_end_acc": 0.17777777777777778,
  "best_validation_span_acc": 0.06666666666666667,
  "best_validation_em": 0.1111111111111111,
  "best_validation_f1": 0.25066396815265385,
  "best_validation_loss": 12.16696294148763
}