{
  "best_epoch": 12,
  "peak_cpu_memory_MB": 3853.092,
  "peak_gpu_0_memory_MB": 10787,
  "peak_gpu_1_memory_MB": 4979,
  "peak_gpu_2_memory_MB": 7173,
  "peak_gpu_3_memory_MB": 4979,
  "training_duration": "00:21:11",
  "training_start_epoch": 0,
  "training_epochs": 19,
  "epoch": 19,
  "training_start_acc": 0.7143884892086331,
  "training_end_acc": 0.7726618705035971,
  "training_span_acc": 0.5402877697841727,
  "training_em": 0.5467625899280576,
  "training_f1": 0.8314570419717913,
  "training_loss": 0.8739205568001188,
  "training_cpu_memory_MB": 3853.092,
  "training_gpu_0_memory_MB": 10787,
  "training_gpu_1_memory_MB": 4979,
  "training_gpu_2_memory_MB": 7173,
  "training_gpu_3_memory_MB": 4979,
  "validation_start_acc": 0.2111111111111111,
  "validation_end_acc": 0.2777777777777778,
  "validation_span_acc": 0.13333333333333333,
  "validation_em": 0.13333333333333333,
  "validation_f1": 0.31198844987655355,
  "validation_loss": 11.06298542022705,
  "best_validation_start_acc": 0.23333333333333334,
  "best_validation_end_acc": 0.32222222222222224,
  "best_validation_span_acc": 0.17777777777777778,
  "best_validation_em": 0.17777777777777778,
  "best_validation_f1": 0.33804823799010225,
  "best_validation_loss": 8.888308684031168
}