{
  "best_epoch": 11,
  "peak_cpu_memory_MB": 3621.028,
  "peak_gpu_0_memory_MB": 10787,
  "peak_gpu_1_memory_MB": 4159,
  "peak_gpu_2_memory_MB": 7173,
  "peak_gpu_3_memory_MB": 4159,
  "training_duration": "00:12:57",
  "training_start_epoch": 0,
  "training_epochs": 19,
  "epoch": 19,
  "training_start_acc": 0.9962962962962963,
  "training_end_acc": 0.9950617283950617,
  "training_span_acc": 0.9962962962962963,
  "training_em": 0.9543209876543209,
  "training_f1": 0.9794490429136852,
  "training_loss": 0.021954544374774045,
  "training_cpu_memory_MB": 3621.028,
  "training_gpu_0_memory_MB": 10787,
  "training_gpu_1_memory_MB": 4159,
  "training_gpu_2_memory_MB": 7173,
  "training_gpu_3_memory_MB": 4159,
  "validation_start_acc": 0.25555555555555554,
  "validation_end_acc": 0.23333333333333334,
  "validation_span_acc": 0.1111111111111111,
  "validation_em": 0.1111111111111111,
  "validation_f1": 0.33913576611891,
  "validation_loss": 13.07261864344279,
  "best_validation_start_acc": 0.26666666666666666,
  "best_validation_end_acc": 0.24444444444444444,
  "best_validation_span_acc": 0.15555555555555556,
  "best_validation_em": 0.15555555555555556,
  "best_validation_f1": 0.34749942425143276,
  "best_validation_loss": 11.58086109161377
}