{
  "best_epoch": 6,
  "peak_cpu_memory_MB": 3621.028,
  "peak_gpu_0_memory_MB": 10787,
  "peak_gpu_1_memory_MB": 6755,
  "peak_gpu_2_memory_MB": 7173,
  "peak_gpu_3_memory_MB": 6755,
  "training_duration": "00:03:49",
  "training_start_epoch": 0,
  "training_epochs": 15,
  "epoch": 15,
  "training_start_acc": 0.9951456310679612,
  "training_end_acc": 0.9902912621359223,
  "training_span_acc": 0.9902912621359223,
  "training_em": 0.9660194174757282,
  "training_f1": 0.9881102692333698,
  "training_loss": 0.0819481904976643,
  "training_cpu_memory_MB": 3621.028,
  "training_gpu_0_memory_MB": 10787,
  "training_gpu_1_memory_MB": 6755,
  "training_gpu_2_memory_MB": 7173,
  "training_gpu_3_memory_MB": 6755,
  "validation_start_acc": 0.1111111111111111,
  "validation_end_acc": 0.12222222222222222,
  "validation_span_acc": 0.03333333333333333,
  "validation_em": 0.05555555555555555,
  "validation_f1": 0.21376469988254038,
  "validation_loss": 12.561184724171957,
  "best_validation_start_acc": 0.1,
  "best_validation_end_acc": 0.15555555555555556,
  "best_validation_span_acc": 0.06666666666666667,
  "best_validation_em": 0.07777777777777778,
  "best_validation_f1": 0.2132941276965317,
  "best_validation_loss": 9.320984760920206
}