{
  "best_epoch": 8,
  "peak_cpu_memory_MB": 2708.152,
  "peak_gpu_0_memory_MB": 8903,
  "peak_gpu_1_memory_MB": 10,
  "peak_gpu_2_memory_MB": 10,
  "peak_gpu_3_memory_MB": 4223,
  "training_duration": "00:02:27",
  "training_start_epoch": 0,
  "training_epochs": 17,
  "epoch": 17,
  "training_start_acc": 0.9407407407407408,
  "training_end_acc": 0.9419753086419753,
  "training_span_acc": 0.908641975308642,
  "training_em": 0.9012345679012346,
  "training_f1": 0.9611724803959424,
  "training_loss": 0.3780709583969677,
  "training_cpu_memory_MB": 2708.152,
  "training_gpu_0_memory_MB": 8903,
  "training_gpu_1_memory_MB": 10,
  "training_gpu_2_memory_MB": 10,
  "training_gpu_3_memory_MB": 4223,
  "validation_start_acc": 0.13333333333333333,
  "validation_end_acc": 0.17777777777777778,
  "validation_span_acc": 0.07777777777777778,
  "validation_em": 0.08888888888888889,
  "validation_f1": 0.24717104190918435,
  "validation_loss": 12.982985655466715,
  "best_validation_start_acc": 0.16666666666666666,
  "best_validation_end_acc": 0.16666666666666666,
  "best_validation_span_acc": 0.1,
  "best_validation_em": 0.13333333333333333,
  "best_validation_f1": 0.29027637468101014,
  "best_validation_loss": 9.117806911468506
}