{
  "best_epoch": 11,
  "peak_cpu_memory_MB": 3028.04,
  "peak_gpu_0_memory_MB": 10787,
  "peak_gpu_1_memory_MB": 10,
  "peak_gpu_2_memory_MB": 10,
  "peak_gpu_3_memory_MB": 4761,
  "training_duration": "00:14:08",
  "training_start_epoch": 0,
  "training_epochs": 19,
  "epoch": 19,
  "training_start_acc": 0.9975278121137207,
  "training_end_acc": 0.9950556242274413,
  "training_span_acc": 0.9962917181705809,
  "training_em": 0.9542645241038319,
  "training_f1": 0.9801208448979523,
  "training_loss": 0.021171905561441592,
  "training_cpu_memory_MB": 3028.04,
  "training_gpu_0_memory_MB": 10787,
  "training_gpu_1_memory_MB": 10,
  "training_gpu_2_memory_MB": 10,
  "training_gpu_3_memory_MB": 4761,
  "validation_start_acc": 0.13186813186813187,
  "validation_end_acc": 0.2857142857142857,
  "validation_span_acc": 0.08791208791208792,
  "validation_em": 0.13186813186813187,
  "validation_f1": 0.3617876976515037,
  "validation_loss": 12.89892848332723,
  "best_validation_start_acc": 0.14285714285714285,
  "best_validation_end_acc": 0.2967032967032967,
  "best_validation_span_acc": 0.10989010989010989,
  "best_validation_em": 0.16483516483516483,
  "best_validation_f1": 0.34380210806828787,
  "best_validation_loss": 11.08226744333903
}