{
  "best_epoch": 7,
  "peak_cpu_memory_MB": 3879.86,
  "peak_gpu_0_memory_MB": 10,
  "peak_gpu_1_memory_MB": 10,
  "peak_gpu_2_memory_MB": 10,
  "peak_gpu_3_memory_MB": 4237,
  "training_duration": "00:04:48",
  "training_start_epoch": 0,
  "training_epochs": 16,
  "epoch": 16,
  "training_start_acc": 0.6697530864197531,
  "training_end_acc": 0.8117283950617284,
  "training_span_acc": 0.5339506172839507,
  "training_em": 0.5401234567901234,
  "training_f1": 0.818797160177042,
  "training_loss": 1.0814511350222997,
  "training_cpu_memory_MB": 3879.86,
  "training_gpu_0_memory_MB": 10,
  "training_gpu_1_memory_MB": 10,
  "training_gpu_2_memory_MB": 10,
  "training_gpu_3_memory_MB": 4237,
  "validation_start_acc": 0.13333333333333333,
  "validation_end_acc": 0.2111111111111111,
  "validation_span_acc": 0.08888888888888889,
  "validation_em": 0.1,
  "validation_f1": 0.2623978216443216,
  "validation_loss": 10.85351006189982,
  "best_validation_start_acc": 0.16666666666666666,
  "best_validation_end_acc": 0.23333333333333334,
  "best_validation_span_acc": 0.12222222222222222,
  "best_validation_em": 0.17777777777777778,
  "best_validation_f1": 0.3434118190998774,
  "best_validation_loss": 8.795136133829752
}