{
  "best_epoch": 15,
  "peak_cpu_memory_MB": 3621.028,
  "peak_gpu_0_memory_MB": 10787,
  "peak_gpu_1_memory_MB": 4979,
  "peak_gpu_2_memory_MB": 7173,
  "peak_gpu_3_memory_MB": 4979,
  "training_duration": "00:10:31",
  "training_start_epoch": 0,
  "training_epochs": 19,
  "epoch": 19,
  "training_start_acc": 0.995114006514658,
  "training_end_acc": 0.995114006514658,
  "training_span_acc": 0.99185667752443,
  "training_em": 0.9429967426710097,
  "training_f1": 0.9757472648436891,
  "training_loss": 0.024143337090022098,
  "training_cpu_memory_MB": 3621.028,
  "training_gpu_0_memory_MB": 10787,
  "training_gpu_1_memory_MB": 4979,
  "training_gpu_2_memory_MB": 7173,
  "training_gpu_3_memory_MB": 4979,
  "validation_start_acc": 0.2,
  "validation_end_acc": 0.2111111111111111,
  "validation_span_acc": 0.1,
  "validation_em": 0.1,
  "validation_f1": 0.276049137242833,
  "validation_loss": 13.415175437927246,
  "best_validation_start_acc": 0.2222222222222222,
  "best_validation_end_acc": 0.2222222222222222,
  "best_validation_span_acc": 0.12222222222222222,
  "best_validation_em": 0.13333333333333333,
  "best_validation_f1": 0.3094954038584123,
  "best_validation_loss": 11.595181941986084
}