{
  "best_epoch": 0,
  "peak_cpu_memory_MB": 2652.268,
  "peak_gpu_0_memory_MB": 10787,
  "peak_gpu_1_memory_MB": 10,
  "peak_gpu_2_memory_MB": 10,
  "peak_gpu_3_memory_MB": 5917,
  "training_duration": "00:01:35",
  "training_start_epoch": 0,
  "training_epochs": 9,
  "epoch": 9,
  "training_start_acc": 0.02321724709784411,
  "training_end_acc": 0.0779436152570481,
  "training_span_acc": 0.001658374792703151,
  "training_em": 0.004975124378109453,
  "training_f1": 0.1344698520763743,
  "training_loss": 8.36992725573088,
  "training_cpu_memory_MB": 2652.268,
  "training_gpu_0_memory_MB": 10787,
  "training_gpu_1_memory_MB": 10,
  "training_gpu_2_memory_MB": 10,
  "training_gpu_3_memory_MB": 5917,
  "validation_start_acc": 0.022222222222222223,
  "validation_end_acc": 0.1,
  "validation_span_acc": 0.0,
  "validation_em": 0.0,
  "validation_f1": 0.1845918312412343,
  "validation_loss": 8.350694100062052,
  "best_validation_start_acc": 0.022222222222222223,
  "best_validation_end_acc": 0.05555555555555555,
  "best_validation_span_acc": 0.0,
  "best_validation_em": 0.0,
  "best_validation_f1": 0.14307837207978977,
  "best_validation_loss": 9.704674243927002
}