{
  "best_epoch": 6,
  "peak_cpu_memory_MB": 3621.028,
  "peak_gpu_0_memory_MB": 10787,
  "peak_gpu_1_memory_MB": 4159,
  "peak_gpu_2_memory_MB": 7173,
  "peak_gpu_3_memory_MB": 4159,
  "training_duration": "00:10:19",
  "training_start_epoch": 0,
  "training_epochs": 15,
  "epoch": 15,
  "training_start_acc": 0.9901234567901235,
  "training_end_acc": 0.9864197530864197,
  "training_span_acc": 0.9790123456790123,
  "training_em": 0.9506172839506173,
  "training_f1": 0.9753942200616412,
  "training_loss": 0.07592811386155732,
  "training_cpu_memory_MB": 3621.028,
  "training_gpu_0_memory_MB": 10787,
  "training_gpu_1_memory_MB": 4159,
  "training_gpu_2_memory_MB": 7173,
  "training_gpu_3_memory_MB": 4159,
  "validation_start_acc": 0.2111111111111111,
  "validation_end_acc": 0.26666666666666666,
  "validation_span_acc": 0.14444444444444443,
  "validation_em": 0.15555555555555556,
  "validation_f1": 0.33186015378004124,
  "validation_loss": 11.042849858601889,
  "best_validation_start_acc": 0.17777777777777778,
  "best_validation_end_acc": 0.3111111111111111,
  "best_validation_span_acc": 0.17777777777777778,
  "best_validation_em": 0.17777777777777778,
  "best_validation_f1": 0.2999591113712533,
  "best_validation_loss": 7.785504420598348
}