{
  "best_epoch": 6,
  "peak_cpu_memory_MB": 2739.988,
  "peak_gpu_0_memory_MB": 6121,
  "peak_gpu_1_memory_MB": 0,
  "peak_gpu_2_memory_MB": 0,
  "peak_gpu_3_memory_MB": 607,
  "training_duration": "00:00:51",
  "training_start_epoch": 0,
  "training_epochs": 15,
  "epoch": 15,
  "training_start_acc": 0.15789473684210525,
  "training_end_acc": 0.34210526315789475,
  "training_span_acc": 0.09210526315789473,
  "training_em": 0.09210526315789473,
  "training_f1": 0.23489026408748812,
  "training_loss": 4.790497446060181,
  "training_cpu_memory_MB": 2739.988,
  "training_gpu_0_memory_MB": 6121,
  "training_gpu_1_memory_MB": 0,
  "training_gpu_2_memory_MB": 0,
  "training_gpu_3_memory_MB": 607,
  "validation_start_acc": 0.03333333333333333,
  "validation_end_acc": 0.07777777777777778,
  "validation_span_acc": 0.0,
  "validation_em": 0.0,
  "validation_f1": 0.08484632403787865,
  "validation_loss": 11.842853546142578,
  "best_validation_start_acc": 0.022222222222222223,
  "best_validation_end_acc": 0.08888888888888889,
  "best_validation_span_acc": 0.011111111111111112,
  "best_validation_em": 0.011111111111111112,
  "best_validation_f1": 0.06761440465852231,
  "best_validation_loss": 9.9555770556132
}