{
  "best_epoch": 18,
  "peak_cpu_memory_MB": 3659.656,
  "peak_gpu_0_memory_MB": 10787,
  "peak_gpu_1_memory_MB": 10,
  "peak_gpu_2_memory_MB": 10,
  "peak_gpu_3_memory_MB": 4761,
  "training_duration": "00:14:15",
  "training_start_epoch": 0,
  "training_epochs": 19,
  "epoch": 19,
  "training_start_acc": 0.9876543209876543,
  "training_end_acc": 0.9864197530864197,
  "training_span_acc": 0.9790123456790123,
  "training_em": 0.9419753086419753,
  "training_f1": 0.9717143198525988,
  "training_loss": 0.07555648551194691,
  "training_cpu_memory_MB": 3659.656,
  "training_gpu_0_memory_MB": 10787,
  "training_gpu_1_memory_MB": 10,
  "training_gpu_2_memory_MB": 10,
  "training_gpu_3_memory_MB": 4761,
  "validation_start_acc": 0.25555555555555554,
  "validation_end_acc": 0.2111111111111111,
  "validation_span_acc": 0.08888888888888889,
  "validation_em": 0.13333333333333333,
  "validation_f1": 0.3402363004133769,
  "validation_loss": 11.5944983959198,
  "best_validation_start_acc": 0.23333333333333334,
  "best_validation_end_acc": 0.2111111111111111,
  "best_validation_span_acc": 0.1111111111111111,
  "best_validation_em": 0.15555555555555556,
  "best_validation_f1": 0.3479647200297204,
  "best_validation_loss": 11.45555591583252
}