{
  "best_epoch": 15,
  "peak_cpu_memory_MB": 3879.86,
  "peak_gpu_0_memory_MB": 10,
  "peak_gpu_1_memory_MB": 10,
  "peak_gpu_2_memory_MB": 10,
  "peak_gpu_3_memory_MB": 4237,
  "training_duration": "00:14:37",
  "training_start_epoch": 0,
  "training_epochs": 19,
  "epoch": 19,
  "training_start_acc": 0.7118320610687023,
  "training_end_acc": 0.7614503816793893,
  "training_span_acc": 0.5219465648854962,
  "training_em": 0.5267175572519084,
  "training_f1": 0.8269975990175327,
  "training_loss": 0.9227320438984669,
  "training_cpu_memory_MB": 3879.86,
  "training_gpu_0_memory_MB": 10,
  "training_gpu_1_memory_MB": 10,
  "training_gpu_2_memory_MB": 10,
  "training_gpu_3_memory_MB": 4237,
  "validation_start_acc": 0.1978021978021978,
  "validation_end_acc": 0.24175824175824176,
  "validation_span_acc": 0.12087912087912088,
  "validation_em": 0.18681318681318682,
  "validation_f1": 0.39667819017021916,
  "validation_loss": 10.399868647257486,
  "best_validation_start_acc": 0.27472527472527475,
  "best_validation_end_acc": 0.26373626373626374,
  "best_validation_span_acc": 0.16483516483516483,
  "best_validation_em": 0.24175824175824176,
  "best_validation_f1": 0.42460771651408336,
  "best_validation_loss": 9.371807018915812
}