{
  "best_epoch": 8,
  "peak_cpu_memory_MB": 3853.092,
  "peak_gpu_0_memory_MB": 10787,
  "peak_gpu_1_memory_MB": 6755,
  "peak_gpu_2_memory_MB": 7173,
  "peak_gpu_3_memory_MB": 6755,
  "training_duration": "00:15:13",
  "training_start_epoch": 0,
  "training_epochs": 17,
  "epoch": 17,
  "training_start_acc": 0.695364238410596,
  "training_end_acc": 0.7805108798486282,
  "training_span_acc": 0.5250709555345316,
  "training_em": 0.532639545884579,
  "training_f1": 0.8424424437994879,
  "training_loss": 0.9594693886699961,
  "training_cpu_memory_MB": 3853.092,
  "training_gpu_0_memory_MB": 10787,
  "training_gpu_1_memory_MB": 6755,
  "training_gpu_2_memory_MB": 7173,
  "training_gpu_3_memory_MB": 6755,
  "validation_start_acc": 0.18888888888888888,
  "validation_end_acc": 0.2222222222222222,
  "validation_span_acc": 0.08888888888888889,
  "validation_em": 0.08888888888888889,
  "validation_f1": 0.2910004525884216,
  "validation_loss": 9.386868000030518,
  "best_validation_start_acc": 0.24444444444444444,
  "best_validation_end_acc": 0.26666666666666666,
  "best_validation_span_acc": 0.16666666666666666,
  "best_validation_em": 0.16666666666666666,
  "best_validation_f1": 0.3486872062233286,
  "best_validation_loss": 7.69009264310201
}