{
  "best_epoch": 12,
  "peak_cpu_memory_MB": 3656.296,
  "peak_gpu_0_memory_MB": 10,
  "peak_gpu_1_memory_MB": 10,
  "peak_gpu_2_memory_MB": 10,
  "peak_gpu_3_memory_MB": 5705,
  "training_duration": "00:09:36",
  "training_start_epoch": 0,
  "training_epochs": 19,
  "epoch": 19,
  "training_start_acc": 0.9975062344139651,
  "training_end_acc": 0.9975062344139651,
  "training_span_acc": 0.9950124688279302,
  "training_em": 0.9551122194513716,
  "training_f1": 0.9806777386199699,
  "training_loss": 0.02664666848543745,
  "training_cpu_memory_MB": 3656.296,
  "training_gpu_0_memory_MB": 10,
  "training_gpu_1_memory_MB": 10,
  "training_gpu_2_memory_MB": 10,
  "training_gpu_3_memory_MB": 5705,
  "validation_start_acc": 0.06593406593406594,
  "validation_end_acc": 0.1978021978021978,
  "validation_span_acc": 0.04395604395604396,
  "validation_em": 0.04395604395604396,
  "validation_f1": 0.21666614666182119,
  "validation_loss": 15.436330318450928,
  "best_validation_start_acc": 0.10989010989010989,
  "best_validation_end_acc": 0.15384615384615385,
  "best_validation_span_acc": 0.07692307692307693,
  "best_validation_em": 0.07692307692307693,
  "best_validation_f1": 0.22933428180630516,
  "best_validation_loss": 13.578345934549967
}