{
  "best_epoch": 9,
  "peak_cpu_memory_MB": 3866.676,
  "peak_gpu_0_memory_MB": 10,
  "peak_gpu_1_memory_MB": 10,
  "peak_gpu_2_memory_MB": 10,
  "peak_gpu_3_memory_MB": 4237,
  "training_duration": "00:05:49",
  "training_start_epoch": 0,
  "training_epochs": 18,
  "epoch": 18,
  "training_start_acc": 0.6923076923076923,
  "training_end_acc": 0.771978021978022,
  "training_span_acc": 0.5302197802197802,
  "training_em": 0.5302197802197802,
  "training_f1": 0.8331337687488423,
  "training_loss": 1.0182806745819424,
  "training_cpu_memory_MB": 3866.676,
  "training_gpu_0_memory_MB": 10,
  "training_gpu_1_memory_MB": 10,
  "training_gpu_2_memory_MB": 10,
  "training_gpu_3_memory_MB": 4237,
  "validation_start_acc": 0.06666666666666667,
  "validation_end_acc": 0.14444444444444443,
  "validation_span_acc": 0.022222222222222223,
  "validation_em": 0.022222222222222223,
  "validation_f1": 0.2164999062412617,
  "validation_loss": 10.827307542165121,
  "best_validation_start_acc": 0.07777777777777778,
  "best_validation_end_acc": 0.16666666666666666,
  "best_validation_span_acc": 0.05555555555555555,
  "best_validation_em": 0.05555555555555555,
  "best_validation_f1": 0.21185062915000127,
  "best_validation_loss": 9.772427558898926
}