{
  "best_epoch": 17,
  "peak_cpu_memory_MB": 3626.016,
  "peak_gpu_0_memory_MB": 10787,
  "peak_gpu_1_memory_MB": 4979,
  "peak_gpu_2_memory_MB": 7173,
  "peak_gpu_3_memory_MB": 4979,
  "training_duration": "00:10:15",
  "training_start_epoch": 0,
  "training_epochs": 19,
  "epoch": 19,
  "training_start_acc": 0.9845094664371773,
  "training_end_acc": 0.9845094664371773,
  "training_span_acc": 0.9741824440619621,
  "training_em": 0.9500860585197934,
  "training_f1": 0.9763296841816215,
  "training_loss": 0.10737655007727193,
  "training_cpu_memory_MB": 3626.016,
  "training_gpu_0_memory_MB": 10787,
  "training_gpu_1_memory_MB": 4979,
  "training_gpu_2_memory_MB": 7173,
  "training_gpu_3_memory_MB": 4979,
  "validation_start_acc": 0.18888888888888888,
  "validation_end_acc": 0.26666666666666666,
  "validation_span_acc": 0.08888888888888889,
  "validation_em": 0.15555555555555556,
  "validation_f1": 0.35731405277773154,
  "validation_loss": 12.782512029012045,
  "best_validation_start_acc": 0.2222222222222222,
  "best_validation_end_acc": 0.24444444444444444,
  "best_validation_span_acc": 0.13333333333333333,
  "best_validation_em": 0.2,
  "best_validation_f1": 0.37228792037893005,
  "best_validation_loss": 13.108316898345947
}