{
  "best_epoch": 13,
  "peak_cpu_memory_MB": 2721.744,
  "peak_gpu_0_memory_MB": 10,
  "peak_gpu_1_memory_MB": 10,
  "peak_gpu_2_memory_MB": 10,
  "peak_gpu_3_memory_MB": 4869,
  "training_duration": "00:01:25",
  "training_start_epoch": 0,
  "training_epochs": 19,
  "epoch": 19,
  "training_start_acc": 0.3598901098901099,
  "training_end_acc": 0.5467032967032966,
  "training_span_acc": 0.21978021978021978,
  "training_em": 0.23351648351648352,
  "training_f1": 0.5884637697217363,
  "training_loss": 3.605403537335603,
  "training_cpu_memory_MB": 2721.744,
  "training_gpu_0_memory_MB": 10,
  "training_gpu_1_memory_MB": 10,
  "training_gpu_2_memory_MB": 10,
  "training_gpu_3_memory_MB": 4869,
  "validation_start_acc": 0.07777777777777778,
  "validation_end_acc": 0.14444444444444443,
  "validation_span_acc": 0.03333333333333333,
  "validation_em": 0.03333333333333333,
  "validation_f1": 0.20975878368126885,
  "validation_loss": 10.006255467732748,
  "best_validation_start_acc": 0.06666666666666667,
  "best_validation_end_acc": 0.16666666666666666,
  "best_validation_span_acc": 0.044444444444444446,
  "best_validation_em": 0.044444444444444446,
  "best_validation_f1": 0.23446813259622523,
  "best_validation_loss": 9.55873696009318
}