{
  "best_epoch": 19,
  "peak_cpu_memory_MB": 2630.652,
  "peak_gpu_0_memory_MB": 10787,
  "peak_gpu_1_memory_MB": 10,
  "peak_gpu_2_memory_MB": 10,
  "peak_gpu_3_memory_MB": 8222,
  "training_duration": "00:05:23",
  "training_start_epoch": 0,
  "training_epochs": 19,
  "epoch": 19,
  "training_start_acc": 0.5419753086419753,
  "training_end_acc": 0.7,
  "training_span_acc": 0.45185185185185184,
  "training_em": 0.4567901234567901,
  "training_f1": 0.7029808586275285,
  "training_loss": 2.55076690047395,
  "training_cpu_memory_MB": 2630.652,
  "training_gpu_0_memory_MB": 10787,
  "training_gpu_1_memory_MB": 10,
  "training_gpu_2_memory_MB": 10,
  "training_gpu_3_memory_MB": 8222,
  "validation_start_acc": 0.18888888888888888,
  "validation_end_acc": 0.25555555555555554,
  "validation_span_acc": 0.1111111111111111,
  "validation_em": 0.16666666666666666,
  "validation_f1": 0.38775305013922484,
  "validation_loss": 8.664628823598227,
  "best_validation_start_acc": 0.18888888888888888,
  "best_validation_end_acc": 0.25555555555555554,
  "best_validation_span_acc": 0.1111111111111111,
  "best_validation_em": 0.16666666666666666,
  "best_validation_f1": 0.38775305013922484,
  "best_validation_loss": 8.664628823598227
}