{
  "best_epoch": 16,
  "peak_cpu_memory_MB": 3656.596,
  "peak_gpu_0_memory_MB": 8903,
  "peak_gpu_1_memory_MB": 10,
  "peak_gpu_2_memory_MB": 10,
  "peak_gpu_3_memory_MB": 4785,
  "training_duration": "00:18:10",
  "training_start_epoch": 0,
  "training_epochs": 19,
  "epoch": 19,
  "training_start_acc": 0.9901234567901235,
  "training_end_acc": 0.991358024691358,
  "training_span_acc": 0.9851851851851852,
  "training_em": 0.9469135802469136,
  "training_f1": 0.9803792049511835,
  "training_loss": 0.09164300371034473,
  "training_cpu_memory_MB": 3656.596,
  "training_gpu_0_memory_MB": 8903,
  "training_gpu_1_memory_MB": 10,
  "training_gpu_2_memory_MB": 10,
  "training_gpu_3_memory_MB": 4785,
  "validation_start_acc": 0.14444444444444443,
  "validation_end_acc": 0.17777777777777778,
  "validation_span_acc": 0.08888888888888889,
  "validation_em": 0.12222222222222222,
  "validation_f1": 0.29193336337305337,
  "validation_loss": 14.525675773620605,
  "best_validation_start_acc": 0.2,
  "best_validation_end_acc": 0.2,
  "best_validation_span_acc": 0.1111111111111111,
  "best_validation_em": 0.16666666666666666,
  "best_validation_f1": 0.32085022931565305,
  "best_validation_loss": 13.030438423156738
}