{
  "best_epoch": 15,
  "peak_cpu_memory_MB": 2630.716,
  "peak_gpu_0_memory_MB": 10787,
  "peak_gpu_1_memory_MB": 10,
  "peak_gpu_2_memory_MB": 10,
  "peak_gpu_3_memory_MB": 8858,
  "training_duration": "00:04:46",
  "training_start_epoch": 0,
  "training_epochs": 19,
  "epoch": 19,
  "training_start_acc": 0.5740740740740741,
  "training_end_acc": 0.7481481481481481,
  "training_span_acc": 0.5,
  "training_em": 0.508641975308642,
  "training_f1": 0.7490727951026026,
  "training_loss": 2.223801117317349,
  "training_cpu_memory_MB": 2630.716,
  "training_gpu_0_memory_MB": 10787,
  "training_gpu_1_memory_MB": 10,
  "training_gpu_2_memory_MB": 10,
  "training_gpu_3_memory_MB": 8858,
  "validation_start_acc": 0.12222222222222222,
  "validation_end_acc": 0.25555555555555554,
  "validation_span_acc": 0.08888888888888889,
  "validation_em": 0.1,
  "validation_f1": 0.3298097420339096,
  "validation_loss": 9.152163823445639,
  "best_validation_start_acc": 0.14444444444444443,
  "best_validation_end_acc": 0.25555555555555554,
  "best_validation_span_acc": 0.1,
  "best_validation_em": 0.1,
  "best_validation_f1": 0.32500620065243807,
  "best_validation_loss": 8.161162694295248
}