{
  "best_epoch": 1,
  "peak_cpu_memory_MB": 3580.12,
  "peak_gpu_0_memory_MB": 8903,
  "peak_gpu_1_memory_MB": 10,
  "peak_gpu_2_memory_MB": 10,
  "peak_gpu_3_memory_MB": 3995,
  "training_duration": "00:05:11",
  "training_start_epoch": 0,
  "training_epochs": 10,
  "epoch": 10,
  "training_start_acc": 0.4600484261501211,
  "training_end_acc": 0.3414043583535109,
  "training_span_acc": 0.2687651331719128,
  "training_em": 0.26150121065375304,
  "training_f1": 0.3817143805140051,
  "training_loss": 2.82900593830989,
  "training_cpu_memory_MB": 3580.12,
  "training_gpu_0_memory_MB": 8903,
  "training_gpu_1_memory_MB": 10,
  "training_gpu_2_memory_MB": 10,
  "training_gpu_3_memory_MB": 3995,
  "validation_start_acc": 0.031746031746031744,
  "validation_end_acc": 0.031746031746031744,
  "validation_span_acc": 0.0,
  "validation_em": 0.047619047619047616,
  "validation_f1": 0.2286815428391377,
  "validation_loss": 12.297625064849854,
  "best_validation_start_acc": 0.047619047619047616,
  "best_validation_end_acc": 0.06349206349206349,
  "best_validation_span_acc": 0.015873015873015872,
  "best_validation_em": 0.09523809523809523,
  "best_validation_f1": 0.2811736584627944,
  "best_validation_loss": 8.424898982048035
}