{
  "best_epoch": 1,
  "peak_cpu_memory_MB": 2721.744,
  "peak_gpu_0_memory_MB": 10,
  "peak_gpu_1_memory_MB": 10,
  "peak_gpu_2_memory_MB": 10,
  "peak_gpu_3_memory_MB": 4871,
  "training_duration": "00:00:21",
  "training_start_epoch": 0,
  "training_epochs": 10,
  "epoch": 10,
  "training_start_acc": 0.08823529411764706,
  "training_end_acc": 0.3161764705882353,
  "training_span_acc": 0.029411764705882353,
  "training_em": 0.03676470588235294,
  "training_f1": 0.2951363164259539,
  "training_loss": 6.206175433264838,
  "training_cpu_memory_MB": 2721.744,
  "training_gpu_0_memory_MB": 10,
  "training_gpu_1_memory_MB": 10,
  "training_gpu_2_memory_MB": 10,
  "training_gpu_3_memory_MB": 4871,
  "validation_start_acc": 0.03296703296703297,
  "validation_end_acc": 0.0989010989010989,
  "validation_span_acc": 0.0,
  "validation_em": 0.0,
  "validation_f1": 0.12975003675726757,
  "validation_loss": 9.212068239847818,
  "best_validation_start_acc": 0.04395604395604396,
  "best_validation_end_acc": 0.06593406593406594,
  "best_validation_span_acc": 0.02197802197802198,
  "best_validation_em": 0.02197802197802198,
  "best_validation_f1": 0.11013639103387397,
  "best_validation_loss": 9.33849287033081
}