{
  "best_epoch": 16,
  "peak_cpu_memory_MB": 2721.744,
  "peak_gpu_0_memory_MB": 10,
  "peak_gpu_1_memory_MB": 10,
  "peak_gpu_2_memory_MB": 10,
  "peak_gpu_3_memory_MB": 4867,
  "training_duration": "00:01:16",
  "training_start_epoch": 0,
  "training_epochs": 19,
  "epoch": 19,
  "training_start_acc": 0.3333333333333333,
  "training_end_acc": 0.5246913580246914,
  "training_span_acc": 0.18209876543209877,
  "training_em": 0.19753086419753085,
  "training_f1": 0.5681031711130454,
  "training_loss": 3.884272268840245,
  "training_cpu_memory_MB": 2721.744,
  "training_gpu_0_memory_MB": 10,
  "training_gpu_1_memory_MB": 10,
  "training_gpu_2_memory_MB": 10,
  "training_gpu_3_memory_MB": 4867,
  "validation_start_acc": 0.05555555555555555,
  "validation_end_acc": 0.08888888888888889,
  "validation_span_acc": 0.011111111111111112,
  "validation_em": 0.011111111111111112,
  "validation_f1": 0.23093482115302746,
  "validation_loss": 9.608890374501547,
  "best_validation_start_acc": 0.06666666666666667,
  "best_validation_end_acc": 0.08888888888888889,
  "best_validation_span_acc": 0.03333333333333333,
  "best_validation_em": 0.044444444444444446,
  "best_validation_f1": 0.2361497526752053,
  "best_validation_loss": 9.819977601369223
}