{
  "best_epoch": 15,
  "peak_cpu_memory_MB": 3023.272,
  "peak_gpu_0_memory_MB": 8903,
  "peak_gpu_1_memory_MB": 10,
  "peak_gpu_2_memory_MB": 10,
  "peak_gpu_3_memory_MB": 3995,
  "training_duration": "00:17:30",
  "training_start_epoch": 0,
  "training_epochs": 19,
  "epoch": 19,
  "training_start_acc": 0.996415770609319,
  "training_end_acc": 0.995221027479092,
  "training_span_acc": 0.994026284348865,
  "training_em": 0.954599761051374,
  "training_f1": 0.98106596782003,
  "training_loss": 0.026674770238866396,
  "training_cpu_memory_MB": 3023.272,
  "training_gpu_0_memory_MB": 8903,
  "training_gpu_1_memory_MB": 10,
  "training_gpu_2_memory_MB": 10,
  "training_gpu_3_memory_MB": 3995,
  "validation_start_acc": 0.14285714285714285,
  "validation_end_acc": 0.25396825396825395,
  "validation_span_acc": 0.09523809523809523,
  "validation_em": 0.2222222222222222,
  "validation_f1": 0.5144456197669319,
  "validation_loss": 15.724543333053589,
  "best_validation_start_acc": 0.15873015873015872,
  "best_validation_end_acc": 0.2698412698412698,
  "best_validation_span_acc": 0.12698412698412698,
  "best_validation_em": 0.2698412698412698,
  "best_validation_f1": 0.5129583767945725,
  "best_validation_loss": 13.942714214324951
}