{
  "best_epoch": 17,
  "peak_cpu_memory_MB": 3656.94,
  "peak_gpu_0_memory_MB": 8903,
  "peak_gpu_1_memory_MB": 10,
  "peak_gpu_2_memory_MB": 10,
  "peak_gpu_3_memory_MB": 5731,
  "training_duration": "00:05:08",
  "training_start_epoch": 0,
  "training_epochs": 19,
  "epoch": 19,
  "training_start_acc": 0.9746192893401016,
  "training_end_acc": 0.9543147208121827,
  "training_span_acc": 0.9543147208121827,
  "training_em": 0.9289340101522843,
  "training_f1": 0.9542192799553414,
  "training_loss": 0.22499861252995637,
  "training_cpu_memory_MB": 3656.94,
  "training_gpu_0_memory_MB": 8903,
  "training_gpu_1_memory_MB": 10,
  "training_gpu_2_memory_MB": 10,
  "training_gpu_3_memory_MB": 5731,
  "validation_start_acc": 0.06593406593406594,
  "validation_end_acc": 0.10989010989010989,
  "validation_span_acc": 0.04395604395604396,
  "validation_em": 0.054945054945054944,
  "validation_f1": 0.19006615868727936,
  "validation_loss": 12.364053090413412,
  "best_validation_start_acc": 0.0989010989010989,
  "best_validation_end_acc": 0.15384615384615385,
  "best_validation_span_acc": 0.06593406593406594,
  "best_validation_em": 0.06593406593406594,
  "best_validation_f1": 0.20511671020692213,
  "best_validation_loss": 12.149095058441162
}