{
  "best_epoch": 8,
  "peak_cpu_memory_MB": 2709.052,
  "peak_gpu_0_memory_MB": 8903,
  "peak_gpu_1_memory_MB": 10,
  "peak_gpu_2_memory_MB": 10,
  "peak_gpu_3_memory_MB": 5009,
  "training_duration": "00:00:35",
  "training_start_epoch": 0,
  "training_epochs": 17,
  "epoch": 17,
  "training_start_acc": 0.23157894736842105,
  "training_end_acc": 0.3157894736842105,
  "training_span_acc": 0.11578947368421053,
  "training_em": 0.11578947368421053,
  "training_f1": 0.24707397685128296,
  "training_loss": 4.624341408411662,
  "training_cpu_memory_MB": 2709.052,
  "training_gpu_0_memory_MB": 8903,
  "training_gpu_1_memory_MB": 10,
  "training_gpu_2_memory_MB": 10,
  "training_gpu_3_memory_MB": 5009,
  "validation_start_acc": 0.06349206349206349,
  "validation_end_acc": 0.031746031746031744,
  "validation_span_acc": 0.0,
  "validation_em": 0.015873015873015872,
  "validation_f1": 0.24397914697364934,
  "validation_loss": 10.115493059158325,
  "best_validation_start_acc": 0.047619047619047616,
  "best_validation_end_acc": 0.047619047619047616,
  "best_validation_span_acc": 0.0,
  "best_validation_em": 0.015873015873015872,
  "best_validation_f1": 0.2583208062095777,
  "best_validation_loss": 9.249801397323608
}