{
  "best_epoch": 1,
  "peak_cpu_memory_MB": 3632.992,
  "peak_gpu_0_memory_MB": 10,
  "peak_gpu_1_memory_MB": 10,
  "peak_gpu_2_memory_MB": 10,
  "peak_gpu_3_memory_MB": 5731,
  "training_duration": "00:03:36",
  "training_start_epoch": 0,
  "training_epochs": 10,
  "epoch": 10,
  "training_start_acc": 0.5518987341772152,
  "training_end_acc": 0.389873417721519,
  "training_span_acc": 0.3721518987341772,
  "training_em": 0.369620253164557,
  "training_f1": 0.48457819800431673,
  "training_loss": 2.678845930099487,
  "training_cpu_memory_MB": 3632.992,
  "training_gpu_0_memory_MB": 10,
  "training_gpu_1_memory_MB": 10,
  "training_gpu_2_memory_MB": 10,
  "training_gpu_3_memory_MB": 5731,
  "validation_start_acc": 0.1,
  "validation_end_acc": 0.06666666666666667,
  "validation_span_acc": 0.011111111111111112,
  "validation_em": 0.03333333333333333,
  "validation_f1": 0.16282820994641337,
  "validation_loss": 11.281665325164795,
  "best_validation_start_acc": 0.1,
  "best_validation_end_acc": 0.08888888888888889,
  "best_validation_span_acc": 0.03333333333333333,
  "best_validation_em": 0.044444444444444446,
  "best_validation_f1": 0.15282809908732778,
  "best_validation_loss": 7.643845399220784
}