{
  "best_epoch": 9,
  "peak_cpu_memory_MB": 3625.804,
  "peak_gpu_0_memory_MB": 10787,
  "peak_gpu_1_memory_MB": 4159,
  "peak_gpu_2_memory_MB": 7173,
  "peak_gpu_3_memory_MB": 4159,
  "training_duration": "00:12:27",
  "training_start_epoch": 0,
  "training_epochs": 18,
  "epoch": 18,
  "training_start_acc": 0.9925925925925926,
  "training_end_acc": 0.9925925925925926,
  "training_span_acc": 0.9888888888888889,
  "training_em": 0.9469135802469136,
  "training_f1": 0.9753222296630455,
  "training_loss": 0.04117497583102508,
  "training_cpu_memory_MB": 3625.804,
  "training_gpu_0_memory_MB": 10787,
  "training_gpu_1_memory_MB": 4159,
  "training_gpu_2_memory_MB": 7173,
  "training_gpu_3_memory_MB": 4159,
  "validation_start_acc": 0.2111111111111111,
  "validation_end_acc": 0.24444444444444444,
  "validation_span_acc": 0.1,
  "validation_em": 0.16666666666666666,
  "validation_f1": 0.41480707952642104,
  "validation_loss": 11.945162455240885,
  "best_validation_start_acc": 0.23333333333333334,
  "best_validation_end_acc": 0.3111111111111111,
  "best_validation_span_acc": 0.17777777777777778,
  "best_validation_em": 0.23333333333333334,
  "best_validation_f1": 0.4357969678559787,
  "best_validation_loss": 9.073153734207153
}