{
  "best_epoch": 3,
  "peak_cpu_memory_MB": 4590.792,
  "peak_gpu_0_memory_MB": 10,
  "peak_gpu_1_memory_MB": 10,
  "peak_gpu_2_memory_MB": 3769,
  "peak_gpu_3_memory_MB": 1993,
  "training_duration": "00:04:31",
  "training_start_epoch": 0,
  "training_epochs": 12,
  "epoch": 12,
  "training_start_acc": 0.06666666666666667,
  "training_end_acc": 0.13261648745519714,
  "training_span_acc": 0.022939068100358423,
  "training_em": 0.023655913978494623,
  "training_f1": 0.18450933158015442,
  "training_loss": 7.535282768986442,
  "training_cpu_memory_MB": 4590.792,
  "training_gpu_0_memory_MB": 10,
  "training_gpu_1_memory_MB": 10,
  "training_gpu_2_memory_MB": 3769,
  "training_gpu_3_memory_MB": 1993,
  "validation_start_acc": 0.03333333333333333,
  "validation_end_acc": 0.12222222222222222,
  "validation_span_acc": 0.0,
  "validation_em": 0.022222222222222223,
  "validation_f1": 0.18125054424086454,
  "validation_loss": 8.327680746714273,
  "best_validation_start_acc": 0.03333333333333333,
  "best_validation_end_acc": 0.07777777777777778,
  "best_validation_span_acc": 0.022222222222222223,
  "best_validation_em": 0.03333333333333333,
  "best_validation_f1": 0.19060873883540827,
  "best_validation_loss": 8.623809178670248
}