{
  "best_epoch": 10,
  "peak_cpu_memory_MB": 3626.016,
  "peak_gpu_0_memory_MB": 10787,
  "peak_gpu_1_memory_MB": 6755,
  "peak_gpu_2_memory_MB": 7173,
  "peak_gpu_3_memory_MB": 6755,
  "training_duration": "00:04:45",
  "training_start_epoch": 0,
  "training_epochs": 19,
  "epoch": 19,
  "training_start_acc": 0.9951456310679612,
  "training_end_acc": 0.9951456310679612,
  "training_span_acc": 0.9902912621359223,
  "training_em": 0.9611650485436893,
  "training_f1": 0.9825932404153701,
  "training_loss": 0.045500142069963306,
  "training_cpu_memory_MB": 3626.016,
  "training_gpu_0_memory_MB": 10787,
  "training_gpu_1_memory_MB": 6755,
  "training_gpu_2_memory_MB": 7173,
  "training_gpu_3_memory_MB": 6755,
  "validation_start_acc": 0.13333333333333333,
  "validation_end_acc": 0.13333333333333333,
  "validation_span_acc": 0.05555555555555555,
  "validation_em": 0.1111111111111111,
  "validation_f1": 0.2785153867956823,
  "validation_loss": 12.811570962270102,
  "best_validation_start_acc": 0.13333333333333333,
  "best_validation_end_acc": 0.14444444444444443,
  "best_validation_span_acc": 0.044444444444444446,
  "best_validation_em": 0.1111111111111111,
  "best_validation_f1": 0.28280129246623015,
  "best_validation_loss": 10.84259033203125
}