{
  "best_epoch": 9,
  "peak_cpu_memory_MB": 3545.032,
  "peak_gpu_0_memory_MB": 8903,
  "peak_gpu_1_memory_MB": 10,
  "peak_gpu_2_memory_MB": 10,
  "peak_gpu_3_memory_MB": 4785,
  "training_duration": "00:11:36",
  "training_start_epoch": 0,
  "training_epochs": 18,
  "epoch": 18,
  "training_start_acc": 0.992583436341162,
  "training_end_acc": 0.9839307787391842,
  "training_span_acc": 0.9839307787391842,
  "training_em": 0.9456118665018541,
  "training_f1": 0.9736544027385259,
  "training_loss": 0.06457260917580011,
  "training_cpu_memory_MB": 3545.032,
  "training_gpu_0_memory_MB": 8903,
  "training_gpu_1_memory_MB": 10,
  "training_gpu_2_memory_MB": 10,
  "training_gpu_3_memory_MB": 4785,
  "validation_start_acc": 0.2087912087912088,
  "validation_end_acc": 0.21978021978021978,
  "validation_span_acc": 0.13186813186813187,
  "validation_em": 0.17582417582417584,
  "validation_f1": 0.3542503173013424,
  "validation_loss": 11.699095408121744,
  "best_validation_start_acc": 0.16483516483516483,
  "best_validation_end_acc": 0.27472527472527475,
  "best_validation_span_acc": 0.17582417582417584,
  "best_validation_em": 0.2087912087912088,
  "best_validation_f1": 0.3359838846995128,
  "best_validation_loss": 9.468620856602987
}