{
  "best_epoch": 16,
  "peak_cpu_memory_MB": 3656.296,
  "peak_gpu_0_memory_MB": 10,
  "peak_gpu_1_memory_MB": 10,
  "peak_gpu_2_memory_MB": 10,
  "peak_gpu_3_memory_MB": 5705,
  "training_duration": "00:12:56",
  "training_start_epoch": 0,
  "training_epochs": 19,
  "epoch": 19,
  "training_start_acc": 0.9933993399339934,
  "training_end_acc": 0.9917491749174917,
  "training_span_acc": 0.9900990099009901,
  "training_em": 0.9521452145214522,
  "training_f1": 0.9789738021155796,
  "training_loss": 0.05247945920564234,
  "training_cpu_memory_MB": 3656.296,
  "training_gpu_0_memory_MB": 10,
  "training_gpu_1_memory_MB": 10,
  "training_gpu_2_memory_MB": 10,
  "training_gpu_3_memory_MB": 5705,
  "validation_start_acc": 0.16666666666666666,
  "validation_end_acc": 0.2222222222222222,
  "validation_span_acc": 0.1,
  "validation_em": 0.1111111111111111,
  "validation_f1": 0.23604412655143772,
  "validation_loss": 11.856163501739502,
  "best_validation_start_acc": 0.14444444444444443,
  "best_validation_end_acc": 0.2111111111111111,
  "best_validation_span_acc": 0.1111111111111111,
  "best_validation_em": 0.13333333333333333,
  "best_validation_f1": 0.2713926982638156,
  "best_validation_loss": 11.496349652608236
}