{
  "best_epoch": 8,
  "peak_cpu_memory_MB": 3632.992,
  "peak_gpu_0_memory_MB": 10,
  "peak_gpu_1_memory_MB": 10,
  "peak_gpu_2_memory_MB": 10,
  "peak_gpu_3_memory_MB": 5739,
  "training_duration": "00:00:45",
  "training_start_epoch": 0,
  "training_epochs": 17,
  "epoch": 17,
  "training_start_acc": 0.69377990430622,
  "training_end_acc": 0.6411483253588517,
  "training_span_acc": 0.583732057416268,
  "training_em": 0.5885167464114832,
  "training_f1": 0.6977033700867684,
  "training_loss": 1.913826320852552,
  "training_cpu_memory_MB": 3632.992,
  "training_gpu_0_memory_MB": 10,
  "training_gpu_1_memory_MB": 10,
  "training_gpu_2_memory_MB": 10,
  "training_gpu_3_memory_MB": 5739,
  "validation_start_acc": 0.08888888888888889,
  "validation_end_acc": 0.05555555555555555,
  "validation_span_acc": 0.03333333333333333,
  "validation_em": 0.03333333333333333,
  "validation_f1": 0.1509144069255953,
  "validation_loss": 12.874904950459799,
  "best_validation_start_acc": 0.07777777777777778,
  "best_validation_end_acc": 0.08888888888888889,
  "best_validation_span_acc": 0.044444444444444446,
  "best_validation_em": 0.05555555555555555,
  "best_validation_f1": 0.17903520768462,
  "best_validation_loss": 9.38091770807902
}