{
  "best_epoch": 10,
  "peak_cpu_memory_MB": 3632.992,
  "peak_gpu_0_memory_MB": 10,
  "peak_gpu_1_memory_MB": 10,
  "peak_gpu_2_memory_MB": 10,
  "peak_gpu_3_memory_MB": 5729,
  "training_duration": "00:13:07",
  "training_start_epoch": 0,
  "training_epochs": 19,
  "epoch": 19,
  "training_start_acc": 0.9950819672131147,
  "training_end_acc": 0.9967213114754099,
  "training_span_acc": 0.9934426229508196,
  "training_em": 0.9540983606557377,
  "training_f1": 0.9800542732549725,
  "training_loss": 0.03082216903567314,
  "training_cpu_memory_MB": 3632.992,
  "training_gpu_0_memory_MB": 10,
  "training_gpu_1_memory_MB": 10,
  "training_gpu_2_memory_MB": 10,
  "training_gpu_3_memory_MB": 5729,
  "validation_start_acc": 0.23333333333333334,
  "validation_end_acc": 0.14444444444444443,
  "validation_span_acc": 0.07777777777777778,
  "validation_em": 0.08888888888888889,
  "validation_f1": 0.24382280189419686,
  "validation_loss": 14.209564367930094,
  "best_validation_start_acc": 0.2222222222222222,
  "best_validation_end_acc": 0.13333333333333333,
  "best_validation_span_acc": 0.08888888888888889,
  "best_validation_em": 0.1111111111111111,
  "best_validation_f1": 0.2661129114755141,
  "best_validation_loss": 11.67125384012858
}