{
  "best_epoch": 8,
  "peak_cpu_memory_MB": 2698.36,
  "peak_gpu_0_memory_MB": 4837,
  "peak_gpu_1_memory_MB": 0,
  "peak_gpu_2_memory_MB": 0,
  "peak_gpu_3_memory_MB": 1204,
  "training_duration": "00:04:35",
  "training_start_epoch": 0,
  "training_epochs": 17,
  "epoch": 17,
  "training_start_acc": 0.8320987654320988,
  "training_end_acc": 0.8555555555555555,
  "training_span_acc": 0.808641975308642,
  "training_em": 0.8098765432098766,
  "training_f1": 0.8681531287622591,
  "training_loss": 0.7893826657650518,
  "training_cpu_memory_MB": 2698.308,
  "training_gpu_0_memory_MB": 4837,
  "training_gpu_1_memory_MB": 0,
  "training_gpu_2_memory_MB": 0,
  "training_gpu_3_memory_MB": 1204,
  "validation_start_acc": 0.07777777777777778,
  "validation_end_acc": 0.13333333333333333,
  "validation_span_acc": 0.03333333333333333,
  "validation_em": 0.03333333333333333,
  "validation_f1": 0.1393049286206557,
  "validation_loss": 16.29484494527181,
  "best_validation_start_acc": 0.1111111111111111,
  "best_validation_end_acc": 0.14444444444444443,
  "best_validation_span_acc": 0.06666666666666667,
  "best_validation_em": 0.06666666666666667,
  "best_validation_f1": 0.14789541469776837,
  "best_validation_loss": 11.055002848307291
}