{
  "best_epoch": 10,
  "peak_cpu_memory_MB": 3656.94,
  "peak_gpu_0_memory_MB": 8903,
  "peak_gpu_1_memory_MB": 10,
  "peak_gpu_2_memory_MB": 10,
  "peak_gpu_3_memory_MB": 4785,
  "training_duration": "00:18:12",
  "training_start_epoch": 0,
  "training_epochs": 19,
  "epoch": 19,
  "training_start_acc": 0.9950617283950617,
  "training_end_acc": 0.9888888888888889,
  "training_span_acc": 0.9888888888888889,
  "training_em": 0.9518518518518518,
  "training_f1": 0.9824664906996109,
  "training_loss": 0.04960034455300546,
  "training_cpu_memory_MB": 3656.94,
  "training_gpu_0_memory_MB": 8903,
  "training_gpu_1_memory_MB": 10,
  "training_gpu_2_memory_MB": 10,
  "training_gpu_3_memory_MB": 4785,
  "validation_start_acc": 0.14444444444444443,
  "validation_end_acc": 0.17777777777777778,
  "validation_span_acc": 0.1,
  "validation_em": 0.14444444444444443,
  "validation_f1": 0.33541981352186306,
  "validation_loss": 11.29491408665975,
  "best_validation_start_acc": 0.14444444444444443,
  "best_validation_end_acc": 0.25555555555555554,
  "best_validation_span_acc": 0.13333333333333333,
  "best_validation_em": 0.14444444444444443,
  "best_validation_f1": 0.3542850344285024,
  "best_validation_loss": 9.198721806208292
}