{
  "best_epoch": 9,
  "peak_cpu_memory_MB": 3856.236,
  "peak_gpu_0_memory_MB": 10,
  "peak_gpu_1_memory_MB": 10,
  "peak_gpu_2_memory_MB": 10,
  "peak_gpu_3_memory_MB": 4237,
  "training_duration": "00:04:33",
  "training_start_epoch": 0,
  "training_epochs": 18,
  "epoch": 18,
  "training_start_acc": 0.6585365853658537,
  "training_end_acc": 0.8048780487804879,
  "training_span_acc": 0.5182926829268293,
  "training_em": 0.5182926829268293,
  "training_f1": 0.8324627437931486,
  "training_loss": 0.9573504220355641,
  "training_cpu_memory_MB": 3856.236,
  "training_gpu_0_memory_MB": 10,
  "training_gpu_1_memory_MB": 10,
  "training_gpu_2_memory_MB": 10,
  "training_gpu_3_memory_MB": 4237,
  "validation_start_acc": 0.12222222222222222,
  "validation_end_acc": 0.12222222222222222,
  "validation_span_acc": 0.03333333333333333,
  "validation_em": 0.06666666666666667,
  "validation_f1": 0.26844044030687286,
  "validation_loss": 10.82092841466268,
  "best_validation_start_acc": 0.06666666666666667,
  "best_validation_end_acc": 0.08888888888888889,
  "best_validation_span_acc": 0.03333333333333333,
  "best_validation_em": 0.06666666666666667,
  "best_validation_f1": 0.22912780124742776,
  "best_validation_loss": 10.010183970133463
}