{
  "best_epoch": 6,
  "peak_cpu_memory_MB": 3626.016,
  "peak_gpu_0_memory_MB": 10787,
  "peak_gpu_1_memory_MB": 4159,
  "peak_gpu_2_memory_MB": 7173,
  "peak_gpu_3_memory_MB": 4159,
  "training_duration": "00:10:27",
  "training_start_epoch": 0,
  "training_epochs": 15,
  "epoch": 15,
  "training_start_acc": 0.991358024691358,
  "training_end_acc": 0.9851851851851852,
  "training_span_acc": 0.9827160493827161,
  "training_em": 0.9419753086419753,
  "training_f1": 0.9708088033111806,
  "training_loss": 0.09331529206760666,
  "training_cpu_memory_MB": 3626.016,
  "training_gpu_0_memory_MB": 10787,
  "training_gpu_1_memory_MB": 4159,
  "training_gpu_2_memory_MB": 7173,
  "training_gpu_3_memory_MB": 4159,
  "validation_start_acc": 0.1,
  "validation_end_acc": 0.18888888888888888,
  "validation_span_acc": 0.06666666666666667,
  "validation_em": 0.13333333333333333,
  "validation_f1": 0.3128933651393614,
  "validation_loss": 13.045502026875814,
  "best_validation_start_acc": 0.14444444444444443,
  "best_validation_end_acc": 0.2777777777777778,
  "best_validation_span_acc": 0.1111111111111111,
  "best_validation_em": 0.17777777777777778,
  "best_validation_f1": 0.32840657062827083,
  "best_validation_loss": 8.942003726959229
}