{
  "best_epoch": 13,
  "peak_cpu_memory_MB": 3521.08,
  "peak_gpu_0_memory_MB": 10787,
  "peak_gpu_1_memory_MB": 4159,
  "peak_gpu_2_memory_MB": 7173,
  "peak_gpu_3_memory_MB": 4159,
  "training_duration": "00:12:57",
  "training_start_epoch": 0,
  "training_epochs": 19,
  "epoch": 19,
  "training_start_acc": 0.9938271604938271,
  "training_end_acc": 0.9938271604938271,
  "training_span_acc": 0.991358024691358,
  "training_em": 0.9530864197530864,
  "training_f1": 0.9774808439084536,
  "training_loss": 0.033568765235352606,
  "training_cpu_memory_MB": 3521.08,
  "training_gpu_0_memory_MB": 10787,
  "training_gpu_1_memory_MB": 4159,
  "training_gpu_2_memory_MB": 7173,
  "training_gpu_3_memory_MB": 4159,
  "validation_start_acc": 0.17777777777777778,
  "validation_end_acc": 0.32222222222222224,
  "validation_span_acc": 0.14444444444444443,
  "validation_em": 0.16666666666666666,
  "validation_f1": 0.4043375117211331,
  "validation_loss": 14.343696276346842,
  "best_validation_start_acc": 0.2,
  "best_validation_end_acc": 0.28888888888888886,
  "best_validation_span_acc": 0.15555555555555556,
  "best_validation_em": 0.18888888888888888,
  "best_validation_f1": 0.3738725896735211,
  "best_validation_loss": 11.850878874460856
}