{
  "best_epoch": 5,
  "peak_cpu_memory_MB": 3632.992,
  "peak_gpu_0_memory_MB": 10,
  "peak_gpu_1_memory_MB": 10,
  "peak_gpu_2_memory_MB": 10,
  "peak_gpu_3_memory_MB": 5739,
  "training_duration": "00:00:17",
  "training_start_epoch": 0,
  "training_epochs": 14,
  "epoch": 14,
  "training_start_acc": 0.23076923076923078,
  "training_end_acc": 0.358974358974359,
  "training_span_acc": 0.15384615384615385,
  "training_em": 0.15384615384615385,
  "training_f1": 0.34429903003868334,
  "training_loss": 4.573259925842285,
  "training_cpu_memory_MB": 3632.992,
  "training_gpu_0_memory_MB": 10,
  "training_gpu_1_memory_MB": 10,
  "training_gpu_2_memory_MB": 10,
  "training_gpu_3_memory_MB": 5739,
  "validation_start_acc": 0.02197802197802198,
  "validation_end_acc": 0.08791208791208792,
  "validation_span_acc": 0.01098901098901099,
  "validation_em": 0.01098901098901099,
  "validation_f1": 0.10567408327006017,
  "validation_loss": 10.189912954966227,
  "best_validation_start_acc": 0.02197802197802198,
  "best_validation_end_acc": 0.10989010989010989,
  "best_validation_span_acc": 0.01098901098901099,
  "best_validation_em": 0.01098901098901099,
  "best_validation_f1": 0.09741510781262169,
  "best_validation_loss": 8.927302122116089
}