{
  "best_epoch": 16,
  "peak_cpu_memory_MB": 3856.236,
  "peak_gpu_0_memory_MB": 10,
  "peak_gpu_1_memory_MB": 10,
  "peak_gpu_2_memory_MB": 10,
  "peak_gpu_3_memory_MB": 4237,
  "training_duration": "00:29:49",
  "training_start_epoch": 0,
  "training_epochs": 19,
  "epoch": 19,
  "training_start_acc": 0.6802030456852792,
  "training_end_acc": 0.7766497461928934,
  "training_span_acc": 0.5134155184916607,
  "training_em": 0.5184916606236403,
  "training_f1": 0.8227672585897569,
  "training_loss": 0.9428316563710399,
  "training_cpu_memory_MB": 3856.236,
  "training_gpu_0_memory_MB": 10,
  "training_gpu_1_memory_MB": 10,
  "training_gpu_2_memory_MB": 10,
  "training_gpu_3_memory_MB": 4237,
  "validation_start_acc": 0.17777777777777778,
  "validation_end_acc": 0.24444444444444444,
  "validation_span_acc": 0.14444444444444443,
  "validation_em": 0.23333333333333334,
  "validation_f1": 0.3967599041491487,
  "validation_loss": 9.993863900502523,
  "best_validation_start_acc": 0.2,
  "best_validation_end_acc": 0.3111111111111111,
  "best_validation_span_acc": 0.15555555555555556,
  "best_validation_em": 0.3,
  "best_validation_f1": 0.4490111822726118,
  "best_validation_loss": 9.472620805104574
}