{
  "best_epoch": 16,
  "peak_cpu_memory_MB": 3659.656,
  "peak_gpu_0_memory_MB": 10787,
  "peak_gpu_1_memory_MB": 10,
  "peak_gpu_2_memory_MB": 10,
  "peak_gpu_3_memory_MB": 4761,
  "training_duration": "00:14:21",
  "training_start_epoch": 0,
  "training_epochs": 19,
  "epoch": 19,
  "training_start_acc": 0.9876543209876543,
  "training_end_acc": 0.9851851851851852,
  "training_span_acc": 0.9839506172839506,
  "training_em": 0.9444444444444444,
  "training_f1": 0.9722443076205041,
  "training_loss": 0.0759543141751897,
  "training_cpu_memory_MB": 3659.656,
  "training_gpu_0_memory_MB": 10787,
  "training_gpu_1_memory_MB": 10,
  "training_gpu_2_memory_MB": 10,
  "training_gpu_3_memory_MB": 4761,
  "validation_start_acc": 0.15555555555555556,
  "validation_end_acc": 0.18888888888888888,
  "validation_span_acc": 0.1,
  "validation_em": 0.15555555555555556,
  "validation_f1": 0.3139282096248709,
  "validation_loss": 13.416559219360352,
  "best_validation_start_acc": 0.15555555555555556,
  "best_validation_end_acc": 0.26666666666666666,
  "best_validation_span_acc": 0.12222222222222222,
  "best_validation_em": 0.2,
  "best_validation_f1": 0.3851598234074599,
  "best_validation_loss": 11.750552733739218
}