{
  "best_epoch": 1,
  "peak_cpu_memory_MB": 2739.988,
  "peak_gpu_0_memory_MB": 6121,
  "peak_gpu_1_memory_MB": 0,
  "peak_gpu_2_memory_MB": 0,
  "peak_gpu_3_memory_MB": 607,
  "training_duration": "00:01:27",
  "training_start_epoch": 0,
  "training_epochs": 10,
  "epoch": 10,
  "training_start_acc": 0.24317617866004962,
  "training_end_acc": 0.2704714640198511,
  "training_span_acc": 0.13399503722084366,
  "training_em": 0.13895781637717122,
  "training_f1": 0.22688147425825891,
  "training_loss": 4.4919715111072245,
  "training_cpu_memory_MB": 2739.988,
  "training_gpu_0_memory_MB": 6121,
  "training_gpu_1_memory_MB": 0,
  "training_gpu_2_memory_MB": 0,
  "training_gpu_3_memory_MB": 607,
  "validation_start_acc": 0.03333333333333333,
  "validation_end_acc": 0.06666666666666667,
  "validation_span_acc": 0.0,
  "validation_em": 0.0,
  "validation_f1": 0.13611100868488463,
  "validation_loss": 10.045340538024902,
  "best_validation_start_acc": 0.03333333333333333,
  "best_validation_end_acc": 0.06666666666666667,
  "best_validation_span_acc": 0.011111111111111112,
  "best_validation_em": 0.022222222222222223,
  "best_validation_f1": 0.11934638383278985,
  "best_validation_loss": 8.488669872283936
}