{
  "best_epoch": 5,
  "peak_cpu_memory_MB": 2739.988,
  "peak_gpu_0_memory_MB": 6121,
  "peak_gpu_1_memory_MB": 0,
  "peak_gpu_2_memory_MB": 0,
  "peak_gpu_3_memory_MB": 607,
  "training_duration": "00:01:13",
  "training_start_epoch": 0,
  "training_epochs": 14,
  "epoch": 14,
  "training_start_acc": 0.22613065326633167,
  "training_end_acc": 0.3165829145728643,
  "training_span_acc": 0.1658291457286432,
  "training_em": 0.1658291457286432,
  "training_f1": 0.2800349555086418,
  "training_loss": 3.890519453929021,
  "training_cpu_memory_MB": 2739.988,
  "training_gpu_0_memory_MB": 6121,
  "training_gpu_1_memory_MB": 0,
  "training_gpu_2_memory_MB": 0,
  "training_gpu_3_memory_MB": 607,
  "validation_start_acc": 0.044444444444444446,
  "validation_end_acc": 0.08888888888888889,
  "validation_span_acc": 0.0,
  "validation_em": 0.0,
  "validation_f1": 0.10913935884839725,
  "validation_loss": 11.83889134724935,
  "best_validation_start_acc": 0.05555555555555555,
  "best_validation_end_acc": 0.07777777777777778,
  "best_validation_span_acc": 0.011111111111111112,
  "best_validation_em": 0.022222222222222223,
  "best_validation_f1": 0.11852899194468604,
  "best_validation_loss": 9.092568238576254
}