{
  "best_epoch": 8,
  "peak_cpu_memory_MB": 3853.092,
  "peak_gpu_0_memory_MB": 10787,
  "peak_gpu_1_memory_MB": 4159,
  "peak_gpu_2_memory_MB": 7173,
  "peak_gpu_3_memory_MB": 4159,
  "training_duration": "00:18:50",
  "training_start_epoch": 0,
  "training_epochs": 17,
  "epoch": 17,
  "training_start_acc": 0.6880934989043097,
  "training_end_acc": 0.7611395178962747,
  "training_span_acc": 0.5105916727538349,
  "training_em": 0.5157048940832725,
  "training_f1": 0.8168372389855372,
  "training_loss": 0.9391026198863983,
  "training_cpu_memory_MB": 3853.092,
  "training_gpu_0_memory_MB": 10787,
  "training_gpu_1_memory_MB": 4159,
  "training_gpu_2_memory_MB": 7173,
  "training_gpu_3_memory_MB": 4159,
  "validation_start_acc": 0.2,
  "validation_end_acc": 0.3,
  "validation_span_acc": 0.14444444444444443,
  "validation_em": 0.15555555555555556,
  "validation_f1": 0.3376973562563013,
  "validation_loss": 9.487894694010416,
  "best_validation_start_acc": 0.23333333333333334,
  "best_validation_end_acc": 0.3,
  "best_validation_span_acc": 0.17777777777777778,
  "best_validation_em": 0.18888888888888888,
  "best_validation_f1": 0.3093268071775167,
  "best_validation_loss": 7.880734125773112
}