{
  "best_epoch": 10,
  "peak_cpu_memory_MB": 3632.992,
  "peak_gpu_0_memory_MB": 10,
  "peak_gpu_1_memory_MB": 10,
  "peak_gpu_2_memory_MB": 10,
  "peak_gpu_3_memory_MB": 5739,
  "training_duration": "00:00:29",
  "training_start_epoch": 0,
  "training_epochs": 19,
  "epoch": 19,
  "training_start_acc": 0.5445544554455446,
  "training_end_acc": 0.44554455445544555,
  "training_span_acc": 0.46534653465346537,
  "training_em": 0.45544554455445546,
  "training_f1": 0.5689174116705399,
  "training_loss": 2.7527431079319546,
  "training_cpu_memory_MB": 3632.992,
  "training_gpu_0_memory_MB": 10,
  "training_gpu_1_memory_MB": 10,
  "training_gpu_2_memory_MB": 10,
  "training_gpu_3_memory_MB": 5739,
  "validation_start_acc": 0.06666666666666667,
  "validation_end_acc": 0.08888888888888889,
  "validation_span_acc": 0.011111111111111112,
  "validation_em": 0.011111111111111112,
  "validation_f1": 0.15061171542621765,
  "validation_loss": 12.355822086334229,
  "best_validation_start_acc": 0.05555555555555555,
  "best_validation_end_acc": 0.1,
  "best_validation_span_acc": 0.022222222222222223,
  "best_validation_em": 0.03333333333333333,
  "best_validation_f1": 0.14322485967479148,
  "best_validation_loss": 10.456684112548828
}