{
  "best_epoch": 6,
  "peak_cpu_memory_MB": 3222.44,
  "peak_gpu_0_memory_MB": 10,
  "peak_gpu_1_memory_MB": 10,
  "peak_gpu_2_memory_MB": 10,
  "peak_gpu_3_memory_MB": 4237,
  "training_duration": "00:15:19",
  "training_start_epoch": 0,
  "training_epochs": 15,
  "epoch": 15,
  "training_start_acc": 0.6802575107296137,
  "training_end_acc": 0.7575107296137339,
  "training_span_acc": 0.5007153075822603,
  "training_em": 0.5078683834048641,
  "training_f1": 0.8124330452452059,
  "training_loss": 1.005971416153691,
  "training_cpu_memory_MB": 3222.38,
  "training_gpu_0_memory_MB": 10,
  "training_gpu_1_memory_MB": 10,
  "training_gpu_2_memory_MB": 10,
  "training_gpu_3_memory_MB": 4237,
  "validation_start_acc": 0.12087912087912088,
  "validation_end_acc": 0.31868131868131866,
  "validation_span_acc": 0.07692307692307693,
  "validation_em": 0.07692307692307693,
  "validation_f1": 0.3061354617222036,
  "validation_loss": 10.096895853678385,
  "best_validation_start_acc": 0.16483516483516483,
  "best_validation_end_acc": 0.27472527472527475,
  "best_validation_span_acc": 0.0989010989010989,
  "best_validation_em": 0.0989010989010989,
  "best_validation_f1": 0.3120185932544694,
  "best_validation_loss": 7.414761145909627
}