{
  "best_epoch": 16,
  "peak_cpu_memory_MB": 3632.992,
  "peak_gpu_0_memory_MB": 10,
  "peak_gpu_1_memory_MB": 10,
  "peak_gpu_2_memory_MB": 10,
  "peak_gpu_3_memory_MB": 5739,
  "training_duration": "00:02:05",
  "training_start_epoch": 0,
  "training_epochs": 19,
  "epoch": 19,
  "training_start_acc": 0.9508196721311475,
  "training_end_acc": 0.940983606557377,
  "training_span_acc": 0.9180327868852459,
  "training_em": 0.9049180327868852,
  "training_f1": 0.9500264790559232,
  "training_loss": 0.3777435003564908,
  "training_cpu_memory_MB": 3632.992,
  "training_gpu_0_memory_MB": 10,
  "training_gpu_1_memory_MB": 10,
  "training_gpu_2_memory_MB": 10,
  "training_gpu_3_memory_MB": 5739,
  "validation_start_acc": 0.12222222222222222,
  "validation_end_acc": 0.23333333333333334,
  "validation_span_acc": 0.1,
  "validation_em": 0.1,
  "validation_f1": 0.2744027210566794,
  "validation_loss": 14.125179131825766,
  "best_validation_start_acc": 0.13333333333333333,
  "best_validation_end_acc": 0.2222222222222222,
  "best_validation_span_acc": 0.1111111111111111,
  "best_validation_em": 0.1111111111111111,
  "best_validation_f1": 0.25359031046700264,
  "best_validation_loss": 13.868398825327555
}