{
  "best_epoch": 13,
  "peak_cpu_memory_MB": 3866.676,
  "peak_gpu_0_memory_MB": 10,
  "peak_gpu_1_memory_MB": 10,
  "peak_gpu_2_memory_MB": 10,
  "peak_gpu_3_memory_MB": 4237,
  "training_duration": "00:06:05",
  "training_start_epoch": 0,
  "training_epochs": 19,
  "epoch": 19,
  "training_start_acc": 0.6517150395778364,
  "training_end_acc": 0.8153034300791556,
  "training_span_acc": 0.5118733509234829,
  "training_em": 0.5092348284960422,
  "training_f1": 0.8218821158998408,
  "training_loss": 0.9519717482229074,
  "training_cpu_memory_MB": 3866.676,
  "training_gpu_0_memory_MB": 10,
  "training_gpu_1_memory_MB": 10,
  "training_gpu_2_memory_MB": 10,
  "training_gpu_3_memory_MB": 4237,
  "validation_start_acc": 0.0989010989010989,
  "validation_end_acc": 0.14285714285714285,
  "validation_span_acc": 0.03296703296703297,
  "validation_em": 0.04395604395604396,
  "validation_f1": 0.23447311786387212,
  "validation_loss": 10.47475798924764,
  "best_validation_start_acc": 0.12087912087912088,
  "best_validation_end_acc": 0.14285714285714285,
  "best_validation_span_acc": 0.054945054945054944,
  "best_validation_em": 0.06593406593406594,
  "best_validation_f1": 0.2356132697187943,
  "best_validation_loss": 10.165066719055176
}