{
  "best_epoch": 16,
  "peak_cpu_memory_MB": 2666.48,
  "peak_gpu_0_memory_MB": 10787,
  "peak_gpu_1_memory_MB": 10,
  "peak_gpu_2_memory_MB": 10,
  "peak_gpu_3_memory_MB": 9802,
  "training_duration": "00:04:40",
  "training_start_epoch": 0,
  "training_epochs": 19,
  "epoch": 19,
  "training_start_acc": 0.9444444444444444,
  "training_end_acc": 0.9592592592592593,
  "training_span_acc": 0.9209876543209876,
  "training_em": 0.8962962962962963,
  "training_f1": 0.9486607881768779,
  "training_loss": 0.3426835408397749,
  "training_cpu_memory_MB": 2666.48,
  "training_gpu_0_memory_MB": 10787,
  "training_gpu_1_memory_MB": 10,
  "training_gpu_2_memory_MB": 10,
  "training_gpu_3_memory_MB": 9802,
  "validation_start_acc": 0.12222222222222222,
  "validation_end_acc": 0.23333333333333334,
  "validation_span_acc": 0.1,
  "validation_em": 0.12222222222222222,
  "validation_f1": 0.322672848571019,
  "validation_loss": 14.907225926717123,
  "best_validation_start_acc": 0.14444444444444443,
  "best_validation_end_acc": 0.23333333333333334,
  "best_validation_span_acc": 0.1111111111111111,
  "best_validation_em": 0.12222222222222222,
  "best_validation_f1": 0.3099504571191696,
  "best_validation_loss": 13.53114366531372
}