{
  "best_epoch": 7,
  "peak_cpu_memory_MB": 3621.028,
  "peak_gpu_0_memory_MB": 10787,
  "peak_gpu_1_memory_MB": 6755,
  "peak_gpu_2_memory_MB": 7173,
  "peak_gpu_3_memory_MB": 6755,
  "training_duration": "00:06:09",
  "training_start_epoch": 0,
  "training_epochs": 16,
  "epoch": 16,
  "training_start_acc": 1.0,
  "training_end_acc": 0.9875,
  "training_span_acc": 0.9875,
  "training_em": 0.95,
  "training_f1": 0.9775487305369007,
  "training_loss": 0.04019319072365761,
  "training_cpu_memory_MB": 3621.028,
  "training_gpu_0_memory_MB": 10787,
  "training_gpu_1_memory_MB": 6755,
  "training_gpu_2_memory_MB": 7173,
  "training_gpu_3_memory_MB": 6755,
  "validation_start_acc": 0.05555555555555555,
  "validation_end_acc": 0.18888888888888888,
  "validation_span_acc": 0.03333333333333333,
  "validation_em": 0.03333333333333333,
  "validation_f1": 0.20235466012439873,
  "validation_loss": 12.698324839274088,
  "best_validation_start_acc": 0.12222222222222222,
  "best_validation_end_acc": 0.2,
  "best_validation_span_acc": 0.06666666666666667,
  "best_validation_em": 0.06666666666666667,
  "best_validation_f1": 0.1956811084741508,
  "best_validation_loss": 10.200132528940836
}