{
  "best_epoch": 12,
  "peak_cpu_memory_MB": 2708.152,
  "peak_gpu_0_memory_MB": 8903,
  "peak_gpu_1_memory_MB": 10,
  "peak_gpu_2_memory_MB": 10,
  "peak_gpu_3_memory_MB": 4223,
  "training_duration": "00:02:05",
  "training_start_epoch": 0,
  "training_epochs": 19,
  "epoch": 19,
  "training_start_acc": 0.8827470686767169,
  "training_end_acc": 0.9095477386934674,
  "training_span_acc": 0.8375209380234506,
  "training_em": 0.8458961474036851,
  "training_f1": 0.9227232578255378,
  "training_loss": 0.723877314282091,
  "training_cpu_memory_MB": 2708.152,
  "training_gpu_0_memory_MB": 8903,
  "training_gpu_1_memory_MB": 10,
  "training_gpu_2_memory_MB": 10,
  "training_gpu_3_memory_MB": 4223,
  "validation_start_acc": 0.13333333333333333,
  "validation_end_acc": 0.13333333333333333,
  "validation_span_acc": 0.044444444444444446,
  "validation_em": 0.044444444444444446,
  "validation_f1": 0.2753140595896776,
  "validation_loss": 12.497785568237305,
  "best_validation_start_acc": 0.17777777777777778,
  "best_validation_end_acc": 0.12222222222222222,
  "best_validation_span_acc": 0.044444444444444446,
  "best_validation_em": 0.06666666666666667,
  "best_validation_f1": 0.26278000199835233,
  "best_validation_loss": 10.6396164894104
}