{
  "best_epoch": 5,
  "peak_cpu_memory_MB": 3525.564,
  "peak_gpu_0_memory_MB": 8903,
  "peak_gpu_1_memory_MB": 10,
  "peak_gpu_2_memory_MB": 10,
  "peak_gpu_3_memory_MB": 3997,
  "training_duration": "00:08:22",
  "training_start_epoch": 0,
  "training_epochs": 14,
  "epoch": 14,
  "training_start_acc": 0.9849108367626886,
  "training_end_acc": 0.9821673525377229,
  "training_span_acc": 0.9753086419753086,
  "training_em": 0.953360768175583,
  "training_f1": 0.9786308985778861,
  "training_loss": 0.109544993236499,
  "training_cpu_memory_MB": 3525.564,
  "training_gpu_0_memory_MB": 8903,
  "training_gpu_1_memory_MB": 10,
  "training_gpu_2_memory_MB": 10,
  "training_gpu_3_memory_MB": 3997,
  "validation_start_acc": 0.09523809523809523,
  "validation_end_acc": 0.2857142857142857,
  "validation_span_acc": 0.047619047619047616,
  "validation_em": 0.1746031746031746,
  "validation_f1": 0.4069784545969739,
  "validation_loss": 13.167156457901001,
  "best_validation_start_acc": 0.12698412698412698,
  "best_validation_end_acc": 0.20634920634920634,
  "best_validation_span_acc": 0.047619047619047616,
  "best_validation_em": 0.2222222222222222,
  "best_validation_f1": 0.4299751990987093,
  "best_validation_loss": 9.839548826217651
}