{
  "best_epoch": 13,
  "peak_cpu_memory_MB": 2708.152,
  "peak_gpu_0_memory_MB": 8903,
  "peak_gpu_1_memory_MB": 10,
  "peak_gpu_2_memory_MB": 10,
  "peak_gpu_3_memory_MB": 6195,
  "training_duration": "00:00:25",
  "training_start_epoch": 0,
  "training_epochs": 19,
  "epoch": 19,
  "training_start_acc": 0.2692307692307692,
  "training_end_acc": 0.34615384615384615,
  "training_span_acc": 0.16666666666666666,
  "training_em": 0.1794871794871795,
  "training_f1": 0.32733236361236634,
  "training_loss": 4.23628044128418,
  "training_cpu_memory_MB": 2708.152,
  "training_gpu_0_memory_MB": 8903,
  "training_gpu_1_memory_MB": 10,
  "training_gpu_2_memory_MB": 10,
  "training_gpu_3_memory_MB": 6195,
  "validation_start_acc": 0.01098901098901099,
  "validation_end_acc": 0.08791208791208792,
  "validation_span_acc": 0.01098901098901099,
  "validation_em": 0.02197802197802198,
  "validation_f1": 0.13905305755858888,
  "validation_loss": 10.474499066670736,
  "best_validation_start_acc": 0.02197802197802198,
  "best_validation_end_acc": 0.08791208791208792,
  "best_validation_span_acc": 0.01098901098901099,
  "best_validation_em": 0.02197802197802198,
  "best_validation_f1": 0.13175831326721557,
  "best_validation_loss": 10.085668881734213
}