{
  "best_epoch": 13,
  "peak_cpu_memory_MB": 3626.016,
  "peak_gpu_0_memory_MB": 10787,
  "peak_gpu_1_memory_MB": 4159,
  "peak_gpu_2_memory_MB": 7173,
  "peak_gpu_3_memory_MB": 4159,
  "training_duration": "00:13:05",
  "training_start_epoch": 0,
  "training_epochs": 19,
  "epoch": 19,
  "training_start_acc": 0.9876543209876543,
  "training_end_acc": 0.9765432098765432,
  "training_span_acc": 0.9765432098765432,
  "training_em": 0.937037037037037,
  "training_f1": 0.9679408052811369,
  "training_loss": 0.11148187445074904,
  "training_cpu_memory_MB": 3626.016,
  "training_gpu_0_memory_MB": 10787,
  "training_gpu_1_memory_MB": 4159,
  "training_gpu_2_memory_MB": 7173,
  "training_gpu_3_memory_MB": 4159,
  "validation_start_acc": 0.2777777777777778,
  "validation_end_acc": 0.26666666666666666,
  "validation_span_acc": 0.13333333333333333,
  "validation_em": 0.16666666666666666,
  "validation_f1": 0.40068208452316867,
  "validation_loss": 11.181100289026896,
  "best_validation_start_acc": 0.25555555555555554,
  "best_validation_end_acc": 0.32222222222222224,
  "best_validation_span_acc": 0.16666666666666666,
  "best_validation_em": 0.2222222222222222,
  "best_validation_f1": 0.391413013259832,
  "best_validation_loss": 10.526492595672607
}