{
  "best_epoch": 11,
  "peak_cpu_memory_MB": 3626.016,
  "peak_gpu_0_memory_MB": 10787,
  "peak_gpu_1_memory_MB": 4979,
  "peak_gpu_2_memory_MB": 7173,
  "peak_gpu_3_memory_MB": 4979,
  "training_duration": "00:10:24",
  "training_start_epoch": 0,
  "training_epochs": 19,
  "epoch": 19,
  "training_start_acc": 1.0,
  "training_end_acc": 0.9966499162479062,
  "training_span_acc": 0.9966499162479062,
  "training_em": 0.9514237855946399,
  "training_f1": 0.9780778971431789,
  "training_loss": 0.01635580054043155,
  "training_cpu_memory_MB": 3626.016,
  "training_gpu_0_memory_MB": 10787,
  "training_gpu_1_memory_MB": 4979,
  "training_gpu_2_memory_MB": 7173,
  "training_gpu_3_memory_MB": 4979,
  "validation_start_acc": 0.18888888888888888,
  "validation_end_acc": 0.2111111111111111,
  "validation_span_acc": 0.1,
  "validation_em": 0.15555555555555556,
  "validation_f1": 0.32308548986557795,
  "validation_loss": 13.307290077209473,
  "best_validation_start_acc": 0.17777777777777778,
  "best_validation_end_acc": 0.24444444444444444,
  "best_validation_span_acc": 0.13333333333333333,
  "best_validation_em": 0.17777777777777778,
  "best_validation_f1": 0.3338171327197211,
  "best_validation_loss": 11.746997356414795
}