{
  "best_epoch": 6,
  "peak_cpu_memory_MB": 3865.608,
  "peak_gpu_0_memory_MB": 10,
  "peak_gpu_1_memory_MB": 10,
  "peak_gpu_2_memory_MB": 10,
  "peak_gpu_3_memory_MB": 4237,
  "training_duration": "00:15:36",
  "training_start_epoch": 0,
  "training_epochs": 15,
  "epoch": 15,
  "training_start_acc": 0.6687898089171974,
  "training_end_acc": 0.7579617834394905,
  "training_span_acc": 0.49115357395612175,
  "training_em": 0.4975230007077141,
  "training_f1": 0.812401699349692,
  "training_loss": 1.000995598482282,
  "training_cpu_memory_MB": 3865.608,
  "training_gpu_0_memory_MB": 10,
  "training_gpu_1_memory_MB": 10,
  "training_gpu_2_memory_MB": 10,
  "training_gpu_3_memory_MB": 4237,
  "validation_start_acc": 0.18681318681318682,
  "validation_end_acc": 0.24175824175824176,
  "validation_span_acc": 0.15384615384615385,
  "validation_em": 0.15384615384615385,
  "validation_f1": 0.33785768394575966,
  "validation_loss": 9.378116925557455,
  "best_validation_start_acc": 0.18681318681318682,
  "best_validation_end_acc": 0.23076923076923078,
  "best_validation_span_acc": 0.13186813186813187,
  "best_validation_em": 0.16483516483516483,
  "best_validation_f1": 0.33334070130662524,
  "best_validation_loss": 7.573484420776367
}