{
  "best_epoch": 6,
  "peak_cpu_memory_MB": 2693.176,
  "peak_gpu_0_memory_MB": 10,
  "peak_gpu_1_memory_MB": 10,
  "peak_gpu_2_memory_MB": 10,
  "peak_gpu_3_memory_MB": 1993,
  "training_duration": "00:05:30",
  "training_start_epoch": 0,
  "training_epochs": 15,
  "epoch": 15,
  "training_start_acc": 0.05714285714285714,
  "training_end_acc": 0.13,
  "training_span_acc": 0.018571428571428572,
  "training_em": 0.02214285714285714,
  "training_f1": 0.1830698436998865,
  "training_loss": 7.590230183167891,
  "training_cpu_memory_MB": 2693.176,
  "training_gpu_0_memory_MB": 10,
  "training_gpu_1_memory_MB": 10,
  "training_gpu_2_memory_MB": 10,
  "training_gpu_3_memory_MB": 1993,
  "validation_start_acc": 0.07777777777777778,
  "validation_end_acc": 0.1111111111111111,
  "validation_span_acc": 0.022222222222222223,
  "validation_em": 0.03333333333333333,
  "validation_f1": 0.19583606514453852,
  "validation_loss": 8.16172424952189,
  "best_validation_start_acc": 0.044444444444444446,
  "best_validation_end_acc": 0.07777777777777778,
  "best_validation_span_acc": 0.011111111111111112,
  "best_validation_em": 0.03333333333333333,
  "best_validation_f1": 0.19884254549729985,
  "best_validation_loss": 8.288756529490152
}