{
  "best_epoch": 10,
  "peak_cpu_memory_MB": 3866.676,
  "peak_gpu_0_memory_MB": 10,
  "peak_gpu_1_memory_MB": 10,
  "peak_gpu_2_memory_MB": 10,
  "peak_gpu_3_memory_MB": 4237,
  "training_duration": "00:15:13",
  "training_start_epoch": 0,
  "training_epochs": 19,
  "epoch": 19,
  "training_start_acc": 0.6814744801512287,
  "training_end_acc": 0.774102079395085,
  "training_span_acc": 0.5160680529300568,
  "training_em": 0.5151228733459358,
  "training_f1": 0.822185513012377,
  "training_loss": 0.9539403937645813,
  "training_cpu_memory_MB": 3866.676,
  "training_gpu_0_memory_MB": 10,
  "training_gpu_1_memory_MB": 10,
  "training_gpu_2_memory_MB": 10,
  "training_gpu_3_memory_MB": 4237,
  "validation_start_acc": 0.18681318681318682,
  "validation_end_acc": 0.26373626373626374,
  "validation_span_acc": 0.12087912087912088,
  "validation_em": 0.13186813186813187,
  "validation_f1": 0.3124030391548691,
  "validation_loss": 10.25387954711914,
  "best_validation_start_acc": 0.23076923076923078,
  "best_validation_end_acc": 0.26373626373626374,
  "best_validation_span_acc": 0.18681318681318682,
  "best_validation_em": 0.1978021978021978,
  "best_validation_f1": 0.37733456204943794,
  "best_validation_loss": 8.262327194213867
}