{
  "best_epoch": 13,
  "peak_cpu_memory_MB": 4590.792,
  "peak_gpu_0_memory_MB": 10,
  "peak_gpu_1_memory_MB": 10,
  "peak_gpu_2_memory_MB": 3769,
  "peak_gpu_3_memory_MB": 1993,
  "training_duration": "00:06:57",
  "training_start_epoch": 0,
  "training_epochs": 19,
  "epoch": 19,
  "training_start_acc": 0.11505681818181818,
  "training_end_acc": 0.22230113636363635,
  "training_span_acc": 0.056107954545454544,
  "training_em": 0.061079545454545456,
  "training_f1": 0.2644499725569773,
  "training_loss": 6.816509664058685,
  "training_cpu_memory_MB": 4590.792,
  "training_gpu_0_memory_MB": 10,
  "training_gpu_1_memory_MB": 10,
  "training_gpu_2_memory_MB": 3769,
  "training_gpu_3_memory_MB": 1993,
  "validation_start_acc": 0.044444444444444446,
  "validation_end_acc": 0.06666666666666667,
  "validation_span_acc": 0.0,
  "validation_em": 0.011111111111111112,
  "validation_f1": 0.1651149197467684,
  "validation_loss": 8.139249006907145,
  "best_validation_start_acc": 0.1,
  "best_validation_end_acc": 0.1111111111111111,
  "best_validation_span_acc": 0.022222222222222223,
  "best_validation_em": 0.06666666666666667,
  "best_validation_f1": 0.18486227694617816,
  "best_validation_loss": 7.688896417617798
}