{
  "best_epoch": 12,
  "peak_cpu_memory_MB": 3656.94,
  "peak_gpu_0_memory_MB": 8903,
  "peak_gpu_1_memory_MB": 10,
  "peak_gpu_2_memory_MB": 10,
  "peak_gpu_3_memory_MB": 5729,
  "training_duration": "00:14:54",
  "training_start_epoch": 0,
  "training_epochs": 19,
  "epoch": 19,
  "training_start_acc": 0.9852459016393442,
  "training_end_acc": 0.9819672131147541,
  "training_span_acc": 0.9770491803278688,
  "training_em": 0.9426229508196722,
  "training_f1": 0.971467802571768,
  "training_loss": 0.10289662700289717,
  "training_cpu_memory_MB": 3656.94,
  "training_gpu_0_memory_MB": 8903,
  "training_gpu_1_memory_MB": 10,
  "training_gpu_2_memory_MB": 10,
  "training_gpu_3_memory_MB": 5729,
  "validation_start_acc": 0.1,
  "validation_end_acc": 0.13333333333333333,
  "validation_span_acc": 0.044444444444444446,
  "validation_em": 0.06666666666666667,
  "validation_f1": 0.2392690498503545,
  "validation_loss": 13.218128363291422,
  "best_validation_start_acc": 0.14444444444444443,
  "best_validation_end_acc": 0.17777777777777778,
  "best_validation_span_acc": 0.08888888888888889,
  "best_validation_em": 0.1111111111111111,
  "best_validation_f1": 0.2545468872382064,
  "best_validation_loss": 12.280903498331705
}