{
  "best_epoch": 6,
  "peak_cpu_memory_MB": 2739.988,
  "peak_gpu_0_memory_MB": 6121,
  "peak_gpu_1_memory_MB": 0,
  "peak_gpu_2_memory_MB": 0,
  "peak_gpu_3_memory_MB": 607,
  "training_duration": "00:01:21",
  "training_start_epoch": 0,
  "training_epochs": 15,
  "epoch": 15,
  "training_start_acc": 0.34134615384615385,
  "training_end_acc": 0.28365384615384615,
  "training_span_acc": 0.21634615384615385,
  "training_em": 0.22115384615384615,
  "training_f1": 0.31685851772231743,
  "training_loss": 3.2330209475297194,
  "training_cpu_memory_MB": 2739.988,
  "training_gpu_0_memory_MB": 6121,
  "training_gpu_1_memory_MB": 0,
  "training_gpu_2_memory_MB": 0,
  "training_gpu_3_memory_MB": 607,
  "validation_start_acc": 0.07777777777777778,
  "validation_end_acc": 0.1,
  "validation_span_acc": 0.03333333333333333,
  "validation_em": 0.03333333333333333,
  "validation_f1": 0.13869818514020504,
  "validation_loss": 13.391442775726318,
  "best_validation_start_acc": 0.07777777777777778,
  "best_validation_end_acc": 0.1,
  "best_validation_span_acc": 0.05555555555555555,
  "best_validation_em": 0.05555555555555555,
  "best_validation_f1": 0.13600641142961667,
  "best_validation_loss": 9.808890581130981
}