{
  "best_epoch": 15,
  "peak_cpu_memory_MB": 3879.86,
  "peak_gpu_0_memory_MB": 10,
  "peak_gpu_1_memory_MB": 10,
  "peak_gpu_2_memory_MB": 10,
  "peak_gpu_3_memory_MB": 4237,
  "training_duration": "00:05:35",
  "training_start_epoch": 0,
  "training_epochs": 19,
  "epoch": 19,
  "training_start_acc": 0.691358024691358,
  "training_end_acc": 0.808641975308642,
  "training_span_acc": 0.5432098765432098,
  "training_em": 0.5524691358024691,
  "training_f1": 0.8180115961428097,
  "training_loss": 1.0324302854992093,
  "training_cpu_memory_MB": 3879.86,
  "training_gpu_0_memory_MB": 10,
  "training_gpu_1_memory_MB": 10,
  "training_gpu_2_memory_MB": 10,
  "training_gpu_3_memory_MB": 4237,
  "validation_start_acc": 0.15555555555555556,
  "validation_end_acc": 0.13333333333333333,
  "validation_span_acc": 0.05555555555555555,
  "validation_em": 0.1111111111111111,
  "validation_f1": 0.2499929652290673,
  "validation_loss": 10.832642714182535,
  "best_validation_start_acc": 0.13333333333333333,
  "best_validation_end_acc": 0.12222222222222222,
  "best_validation_span_acc": 0.05555555555555555,
  "best_validation_em": 0.1111111111111111,
  "best_validation_f1": 0.25781319493987975,
  "best_validation_loss": 11.010836919148764
}