{
  "best_epoch": 7,
  "peak_cpu_memory_MB": 3867.7,
  "peak_gpu_0_memory_MB": 10,
  "peak_gpu_1_memory_MB": 10,
  "peak_gpu_2_memory_MB": 10,
  "peak_gpu_3_memory_MB": 6399,
  "training_duration": "00:03:05",
  "training_start_epoch": 0,
  "training_epochs": 16,
  "epoch": 16,
  "training_start_acc": 0.7114093959731543,
  "training_end_acc": 0.8187919463087249,
  "training_span_acc": 0.5838926174496645,
  "training_em": 0.6040268456375839,
  "training_f1": 0.8552847839495086,
  "training_loss": 0.92018021941185,
  "training_cpu_memory_MB": 3867.7,
  "training_gpu_0_memory_MB": 10,
  "training_gpu_1_memory_MB": 10,
  "training_gpu_2_memory_MB": 10,
  "training_gpu_3_memory_MB": 6399,
  "validation_start_acc": 0.11494252873563218,
  "validation_end_acc": 0.10344827586206896,
  "validation_span_acc": 0.04597701149425287,
  "validation_em": 0.06896551724137931,
  "validation_f1": 0.26893078708219526,
  "validation_loss": 10.582091013590494,
  "best_validation_start_acc": 0.09195402298850575,
  "best_validation_end_acc": 0.11494252873563218,
  "best_validation_span_acc": 0.04597701149425287,
  "best_validation_em": 0.08045977011494253,
  "best_validation_f1": 0.2576017237753384,
  "best_validation_loss": 9.20084031422933
}