{
  "best_epoch": 3,
  "peak_cpu_memory_MB": 3632.992,
  "peak_gpu_0_memory_MB": 10,
  "peak_gpu_1_memory_MB": 10,
  "peak_gpu_2_memory_MB": 10,
  "peak_gpu_3_memory_MB": 5739,
  "training_duration": "00:00:53",
  "training_start_epoch": 0,
  "training_epochs": 12,
  "epoch": 12,
  "training_start_acc": 0.5276381909547738,
  "training_end_acc": 0.5100502512562815,
  "training_span_acc": 0.4120603015075377,
  "training_em": 0.40703517587939697,
  "training_f1": 0.5438280100303396,
  "training_loss": 2.8611585235595705,
  "training_cpu_memory_MB": 3632.992,
  "training_gpu_0_memory_MB": 10,
  "training_gpu_1_memory_MB": 10,
  "training_gpu_2_memory_MB": 10,
  "training_gpu_3_memory_MB": 5739,
  "validation_start_acc": 0.08888888888888889,
  "validation_end_acc": 0.15555555555555556,
  "validation_span_acc": 0.022222222222222223,
  "validation_em": 0.022222222222222223,
  "validation_f1": 0.18975607559791333,
  "validation_loss": 11.22247576713562,
  "best_validation_start_acc": 0.044444444444444446,
  "best_validation_end_acc": 0.08888888888888889,
  "best_validation_span_acc": 0.022222222222222223,
  "best_validation_em": 0.03333333333333333,
  "best_validation_f1": 0.13492874968321766,
  "best_validation_loss": 8.729089339574179
}