{
  "best_epoch": 13,
  "peak_cpu_memory_MB": 3876.204,
  "peak_gpu_0_memory_MB": 10,
  "peak_gpu_1_memory_MB": 10,
  "peak_gpu_2_memory_MB": 10,
  "peak_gpu_3_memory_MB": 6395,
  "training_duration": "00:23:39",
  "training_start_epoch": 0,
  "training_epochs": 19,
  "epoch": 19,
  "training_start_acc": 0.696881798404641,
  "training_end_acc": 0.7643219724437998,
  "training_span_acc": 0.5177664974619289,
  "training_em": 0.5192168237853517,
  "training_f1": 0.821247599310872,
  "training_loss": 0.9100979056166506,
  "training_cpu_memory_MB": 3876.204,
  "training_gpu_0_memory_MB": 10,
  "training_gpu_1_memory_MB": 10,
  "training_gpu_2_memory_MB": 10,
  "training_gpu_3_memory_MB": 6395,
  "validation_start_acc": 0.15555555555555556,
  "validation_end_acc": 0.25555555555555554,
  "validation_span_acc": 0.1,
  "validation_em": 0.2222222222222222,
  "validation_f1": 0.4310040625626934,
  "validation_loss": 10.212510744730631,
  "best_validation_start_acc": 0.23333333333333334,
  "best_validation_end_acc": 0.3111111111111111,
  "best_validation_span_acc": 0.15555555555555556,
  "best_validation_em": 0.3,
  "best_validation_f1": 0.4455460540546709,
  "best_validation_loss": 8.892472902933756
}