{
  "best_epoch": 0,
  "peak_cpu_memory_MB": 2739.988,
  "peak_gpu_0_memory_MB": 6121,
  "peak_gpu_1_memory_MB": 0,
  "peak_gpu_2_memory_MB": 0,
  "peak_gpu_3_memory_MB": 607,
  "training_duration": "00:00:35",
  "training_start_epoch": 0,
  "training_epochs": 9,
  "epoch": 9,
  "training_start_acc": 0.0967741935483871,
  "training_end_acc": 0.1935483870967742,
  "training_span_acc": 0.053763440860215055,
  "training_em": 0.053763440860215055,
  "training_f1": 0.2042427239453893,
  "training_loss": 6.2774977684021,
  "training_cpu_memory_MB": 2739.988,
  "training_gpu_0_memory_MB": 6121,
  "training_gpu_1_memory_MB": 0,
  "training_gpu_2_memory_MB": 0,
  "training_gpu_3_memory_MB": 607,
  "validation_start_acc": 0.022222222222222223,
  "validation_end_acc": 0.05555555555555555,
  "validation_span_acc": 0.0,
  "validation_em": 0.0,
  "validation_f1": 0.09236980577241519,
  "validation_loss": 9.681813875834147,
  "best_validation_start_acc": 0.044444444444444446,
  "best_validation_end_acc": 0.05555555555555555,
  "best_validation_span_acc": 0.0,
  "best_validation_em": 0.0,
  "best_validation_f1": 0.09772544108866985,
  "best_validation_loss": 10.048110485076904
}