{
  "best_epoch": 10,
  "peak_cpu_memory_MB": 3656.296,
  "peak_gpu_0_memory_MB": 10,
  "peak_gpu_1_memory_MB": 10,
  "peak_gpu_2_memory_MB": 10,
  "peak_gpu_3_memory_MB": 5707,
  "training_duration": "00:04:05",
  "training_start_epoch": 0,
  "training_epochs": 19,
  "epoch": 19,
  "training_start_acc": 0.9803921568627451,
  "training_end_acc": 0.9313725490196079,
  "training_span_acc": 0.946078431372549,
  "training_em": 0.9166666666666666,
  "training_f1": 0.9590129875489547,
  "training_loss": 0.31904201668042403,
  "training_cpu_memory_MB": 3656.296,
  "training_gpu_0_memory_MB": 10,
  "training_gpu_1_memory_MB": 10,
  "training_gpu_2_memory_MB": 10,
  "training_gpu_3_memory_MB": 5707,
  "validation_start_acc": 0.03333333333333333,
  "validation_end_acc": 0.14444444444444443,
  "validation_span_acc": 0.0,
  "validation_em": 0.011111111111111112,
  "validation_f1": 0.16317370290817187,
  "validation_loss": 10.323840856552124,
  "best_validation_start_acc": 0.03333333333333333,
  "best_validation_end_acc": 0.12222222222222222,
  "best_validation_span_acc": 0.011111111111111112,
  "best_validation_em": 0.022222222222222223,
  "best_validation_f1": 0.15863005882004308,
  "best_validation_loss": 9.738275845845541
}