{
  "best_epoch": 10,
  "peak_cpu_memory_MB": 3659.656,
  "peak_gpu_0_memory_MB": 10787,
  "peak_gpu_1_memory_MB": 10,
  "peak_gpu_2_memory_MB": 10,
  "peak_gpu_3_memory_MB": 4761,
  "training_duration": "00:14:13",
  "training_start_epoch": 0,
  "training_epochs": 19,
  "epoch": 19,
  "training_start_acc": 0.9950617283950617,
  "training_end_acc": 0.9950617283950617,
  "training_span_acc": 0.9938271604938271,
  "training_em": 0.9518518518518518,
  "training_f1": 0.9805796412358474,
  "training_loss": 0.033816044081879014,
  "training_cpu_memory_MB": 3659.656,
  "training_gpu_0_memory_MB": 10787,
  "training_gpu_1_memory_MB": 10,
  "training_gpu_2_memory_MB": 10,
  "training_gpu_3_memory_MB": 4761,
  "validation_start_acc": 0.18888888888888888,
  "validation_end_acc": 0.2777777777777778,
  "validation_span_acc": 0.13333333333333333,
  "validation_em": 0.15555555555555556,
  "validation_f1": 0.3000999347082773,
  "validation_loss": 13.879664580027262,
  "best_validation_start_acc": 0.2222222222222222,
  "best_validation_end_acc": 0.2777777777777778,
  "best_validation_span_acc": 0.18888888888888888,
  "best_validation_em": 0.2,
  "best_validation_f1": 0.35338650376365616,
  "best_validation_loss": 9.579364140828451
}