{
  "best_epoch": 13,
  "peak_cpu_memory_MB": 3879.86,
  "peak_gpu_0_memory_MB": 10,
  "peak_gpu_1_memory_MB": 10,
  "peak_gpu_2_memory_MB": 10,
  "peak_gpu_3_memory_MB": 4237,
  "training_duration": "00:06:00",
  "training_start_epoch": 0,
  "training_epochs": 19,
  "epoch": 19,
  "training_start_acc": 0.6855524079320113,
  "training_end_acc": 0.7365439093484419,
  "training_span_acc": 0.49575070821529743,
  "training_em": 0.4985835694050991,
  "training_f1": 0.8068423336734136,
  "training_loss": 1.046873232592707,
  "training_cpu_memory_MB": 3879.86,
  "training_gpu_0_memory_MB": 10,
  "training_gpu_1_memory_MB": 10,
  "training_gpu_2_memory_MB": 10,
  "training_gpu_3_memory_MB": 4237,
  "validation_start_acc": 0.08791208791208792,
  "validation_end_acc": 0.17582417582417584,
  "validation_span_acc": 0.06593406593406594,
  "validation_em": 0.07692307692307693,
  "validation_f1": 0.2503430296601807,
  "validation_loss": 11.939692656199137,
  "best_validation_start_acc": 0.0989010989010989,
  "best_validation_end_acc": 0.15384615384615385,
  "best_validation_span_acc": 0.07692307692307693,
  "best_validation_em": 0.0989010989010989,
  "best_validation_f1": 0.2670128671158789,
  "best_validation_loss": 9.849564870198568
}