{
  "best_epoch": 19,
  "peak_cpu_memory_MB": 3593.744,
  "peak_gpu_0_memory_MB": 8903,
  "peak_gpu_1_memory_MB": 10,
  "peak_gpu_2_memory_MB": 10,
  "peak_gpu_3_memory_MB": 4001,
  "training_duration": "00:12:40",
  "training_start_epoch": 0,
  "training_epochs": 19,
  "epoch": 19,
  "training_start_acc": 0.991636798088411,
  "training_end_acc": 0.991636798088411,
  "training_span_acc": 0.986857825567503,
  "training_em": 0.9522102747909199,
  "training_f1": 0.9835898056815203,
  "training_loss": 0.04787007400344284,
  "training_cpu_memory_MB": 3593.744,
  "training_gpu_0_memory_MB": 8903,
  "training_gpu_1_memory_MB": 10,
  "training_gpu_2_memory_MB": 10,
  "training_gpu_3_memory_MB": 4001,
  "validation_start_acc": 0.12698412698412698,
  "validation_end_acc": 0.2222222222222222,
  "validation_span_acc": 0.047619047619047616,
  "validation_em": 0.2222222222222222,
  "validation_f1": 0.5101020101267073,
  "validation_loss": 13.834816932678223,
  "best_validation_start_acc": 0.12698412698412698,
  "best_validation_end_acc": 0.2222222222222222,
  "best_validation_span_acc": 0.047619047619047616,
  "best_validation_em": 0.2222222222222222,
  "best_validation_f1": 0.5101020101267073,
  "best_validation_loss": 13.834816932678223
}