{
  "best_epoch": 6,
  "peak_cpu_memory_MB": 4591.224,
  "peak_gpu_0_memory_MB": 10,
  "peak_gpu_1_memory_MB": 10,
  "peak_gpu_2_memory_MB": 3769,
  "peak_gpu_3_memory_MB": 1993,
  "training_duration": "00:05:30",
  "training_start_epoch": 0,
  "training_epochs": 15,
  "epoch": 15,
  "training_start_acc": 0.06901509705248023,
  "training_end_acc": 0.1488138030194105,
  "training_span_acc": 0.020129403306973402,
  "training_em": 0.024442846872753415,
  "training_f1": 0.19070597183908256,
  "training_loss": 7.503363971052499,
  "training_cpu_memory_MB": 4591.224,
  "training_gpu_0_memory_MB": 10,
  "training_gpu_1_memory_MB": 10,
  "training_gpu_2_memory_MB": 3769,
  "training_gpu_3_memory_MB": 1993,
  "validation_start_acc": 0.044444444444444446,
  "validation_end_acc": 0.1111111111111111,
  "validation_span_acc": 0.0,
  "validation_em": 0.022222222222222223,
  "validation_f1": 0.18856810121139564,
  "validation_loss": 8.149056116739908,
  "best_validation_start_acc": 0.03333333333333333,
  "best_validation_end_acc": 0.07777777777777778,
  "best_validation_span_acc": 0.022222222222222223,
  "best_validation_em": 0.022222222222222223,
  "best_validation_f1": 0.16527531771270604,
  "best_validation_loss": 8.17947522799174
}