{
  "best_epoch": 19,
  "peak_cpu_memory_MB": 3632.992,
  "peak_gpu_0_memory_MB": 10,
  "peak_gpu_1_memory_MB": 10,
  "peak_gpu_2_memory_MB": 10,
  "peak_gpu_3_memory_MB": 5739,
  "training_duration": "00:02:00",
  "training_start_epoch": 0,
  "training_epochs": 19,
  "epoch": 19,
  "training_start_acc": 0.6944444444444444,
  "training_end_acc": 0.738562091503268,
  "training_span_acc": 0.6372549019607843,
  "training_em": 0.630718954248366,
  "training_f1": 0.7429792634990126,
  "training_loss": 1.753942656211364,
  "training_cpu_memory_MB": 3632.992,
  "training_gpu_0_memory_MB": 10,
  "training_gpu_1_memory_MB": 10,
  "training_gpu_2_memory_MB": 10,
  "training_gpu_3_memory_MB": 5739,
  "validation_start_acc": 0.1,
  "validation_end_acc": 0.15555555555555556,
  "validation_span_acc": 0.07777777777777778,
  "validation_em": 0.07777777777777778,
  "validation_f1": 0.16581003197584407,
  "validation_loss": 12.893476963043213,
  "best_validation_start_acc": 0.1,
  "best_validation_end_acc": 0.15555555555555556,
  "best_validation_span_acc": 0.07777777777777778,
  "best_validation_em": 0.07777777777777778,
  "best_validation_f1": 0.16581003197584407,
  "best_validation_loss": 12.893476963043213
}