{
  "best_epoch": 7,
  "peak_cpu_memory_MB": 4590.792,
  "peak_gpu_0_memory_MB": 10,
  "peak_gpu_1_memory_MB": 10,
  "peak_gpu_2_memory_MB": 3769,
  "peak_gpu_3_memory_MB": 1993,
  "training_duration": "00:06:00",
  "training_start_epoch": 0,
  "training_epochs": 16,
  "epoch": 16,
  "training_start_acc": 0.06581740976645435,
  "training_end_acc": 0.1408351026185421,
  "training_span_acc": 0.014861995753715499,
  "training_em": 0.01556970983722576,
  "training_f1": 0.1903666295639733,
  "training_loss": 7.660058273358292,
  "training_cpu_memory_MB": 4590.792,
  "training_gpu_0_memory_MB": 10,
  "training_gpu_1_memory_MB": 10,
  "training_gpu_2_memory_MB": 3769,
  "training_gpu_3_memory_MB": 1993,
  "validation_start_acc": 0.03296703296703297,
  "validation_end_acc": 0.10989010989010989,
  "validation_span_acc": 0.0,
  "validation_em": 0.0,
  "validation_f1": 0.17789697151795128,
  "validation_loss": 8.301140864690145,
  "best_validation_start_acc": 0.01098901098901099,
  "best_validation_end_acc": 0.0989010989010989,
  "best_validation_span_acc": 0.0,
  "best_validation_em": 0.01098901098901099,
  "best_validation_f1": 0.1659752305735124,
  "best_validation_loss": 8.214196999867758
}