{
  "best_epoch": 8,
  "peak_cpu_memory_MB": 3626.016,
  "peak_gpu_0_memory_MB": 10787,
  "peak_gpu_1_memory_MB": 6755,
  "peak_gpu_2_memory_MB": 7173,
  "peak_gpu_3_memory_MB": 6755,
  "training_duration": "00:06:39",
  "training_start_epoch": 0,
  "training_epochs": 17,
  "epoch": 17,
  "training_start_acc": 0.9925,
  "training_end_acc": 0.9975,
  "training_span_acc": 0.9925,
  "training_em": 0.9525,
  "training_f1": 0.9760313043745168,
  "training_loss": 0.04984237926080823,
  "training_cpu_memory_MB": 3626.016,
  "training_gpu_0_memory_MB": 10787,
  "training_gpu_1_memory_MB": 6755,
  "training_gpu_2_memory_MB": 7173,
  "training_gpu_3_memory_MB": 6755,
  "validation_start_acc": 0.12222222222222222,
  "validation_end_acc": 0.17777777777777778,
  "validation_span_acc": 0.06666666666666667,
  "validation_em": 0.1,
  "validation_f1": 0.22542594701849486,
  "validation_loss": 13.409710884094238,
  "best_validation_start_acc": 0.06666666666666667,
  "best_validation_end_acc": 0.2222222222222222,
  "best_validation_span_acc": 0.08888888888888889,
  "best_validation_em": 0.12222222222222222,
  "best_validation_f1": 0.28995391333750153,
  "best_validation_loss": 10.394676367441813
}