{
  "best_epoch": 2,
  "peak_cpu_memory_MB": 2652.268,
  "peak_gpu_0_memory_MB": 10787,
  "peak_gpu_1_memory_MB": 10,
  "peak_gpu_2_memory_MB": 10,
  "peak_gpu_3_memory_MB": 5917,
  "training_duration": "00:01:59",
  "training_start_epoch": 0,
  "training_epochs": 11,
  "epoch": 11,
  "training_start_acc": 0.027868852459016394,
  "training_end_acc": 0.11475409836065574,
  "training_span_acc": 0.00819672131147541,
  "training_em": 0.00819672131147541,
  "training_f1": 0.14241939391049943,
  "training_loss": 8.291487767146183,
  "training_cpu_memory_MB": 2652.268,
  "training_gpu_0_memory_MB": 10787,
  "training_gpu_1_memory_MB": 10,
  "training_gpu_2_memory_MB": 10,
  "training_gpu_3_memory_MB": 5917,
  "validation_start_acc": 0.022222222222222223,
  "validation_end_acc": 0.1,
  "validation_span_acc": 0.0,
  "validation_em": 0.011111111111111112,
  "validation_f1": 0.20235541498385712,
  "validation_loss": 8.29006290435791,
  "best_validation_start_acc": 0.011111111111111112,
  "best_validation_end_acc": 0.1,
  "best_validation_span_acc": 0.0,
  "best_validation_em": 0.011111111111111112,
  "best_validation_f1": 0.19312357470690625,
  "best_validation_loss": 8.611944516499838
}