{
  "best_epoch": 8,
  "peak_cpu_memory_MB": 3656.296,
  "peak_gpu_0_memory_MB": 10,
  "peak_gpu_1_memory_MB": 10,
  "peak_gpu_2_memory_MB": 10,
  "peak_gpu_3_memory_MB": 4761,
  "training_duration": "00:08:09",
  "training_start_epoch": 0,
  "training_epochs": 17,
  "epoch": 17,
  "training_start_acc": 0.9950166112956811,
  "training_end_acc": 0.9950166112956811,
  "training_span_acc": 0.9950166112956811,
  "training_em": 0.9584717607973422,
  "training_f1": 0.9807106381777282,
  "training_loss": 0.05487475865275452,
  "training_cpu_memory_MB": 3656.296,
  "training_gpu_0_memory_MB": 10,
  "training_gpu_1_memory_MB": 10,
  "training_gpu_2_memory_MB": 10,
  "training_gpu_3_memory_MB": 4761,
  "validation_start_acc": 0.0989010989010989,
  "validation_end_acc": 0.18681318681318682,
  "validation_span_acc": 0.054945054945054944,
  "validation_em": 0.06593406593406594,
  "validation_f1": 0.2550870432312966,
  "validation_loss": 14.610077540079752,
  "best_validation_start_acc": 0.12087912087912088,
  "best_validation_end_acc": 0.14285714285714285,
  "best_validation_span_acc": 0.07692307692307693,
  "best_validation_em": 0.07692307692307693,
  "best_validation_f1": 0.19569081787395198,
  "best_validation_loss": 11.492142677307129
}