{
  "best_epoch": 7,
  "peak_cpu_memory_MB": 3626.016,
  "peak_gpu_0_memory_MB": 10787,
  "peak_gpu_1_memory_MB": 4979,
  "peak_gpu_2_memory_MB": 7173,
  "peak_gpu_3_memory_MB": 4979,
  "training_duration": "00:08:42",
  "training_start_epoch": 0,
  "training_epochs": 16,
  "epoch": 16,
  "training_start_acc": 0.995114006514658,
  "training_end_acc": 0.988599348534202,
  "training_span_acc": 0.990228013029316,
  "training_em": 0.9413680781758957,
  "training_f1": 0.9725017139668195,
  "training_loss": 0.05049447969008142,
  "training_cpu_memory_MB": 3626.016,
  "training_gpu_0_memory_MB": 10787,
  "training_gpu_1_memory_MB": 4979,
  "training_gpu_2_memory_MB": 7173,
  "training_gpu_3_memory_MB": 4979,
  "validation_start_acc": 0.2111111111111111,
  "validation_end_acc": 0.2,
  "validation_span_acc": 0.1,
  "validation_em": 0.14444444444444443,
  "validation_f1": 0.3678628216681899,
  "validation_loss": 12.120136896769205,
  "best_validation_start_acc": 0.2111111111111111,
  "best_validation_end_acc": 0.23333333333333334,
  "best_validation_span_acc": 0.12222222222222222,
  "best_validation_em": 0.16666666666666666,
  "best_validation_f1": 0.3639674201403568,
  "best_validation_loss": 8.414778232574463
}