{
  "best_epoch": 2,
  "peak_cpu_memory_MB": 3632.992,
  "peak_gpu_0_memory_MB": 10,
  "peak_gpu_1_memory_MB": 10,
  "peak_gpu_2_memory_MB": 10,
  "peak_gpu_3_memory_MB": 5739,
  "training_duration": "00:00:28",
  "training_start_epoch": 0,
  "training_epochs": 11,
  "epoch": 11,
  "training_start_acc": 0.26903553299492383,
  "training_end_acc": 0.28426395939086296,
  "training_span_acc": 0.17258883248730963,
  "training_em": 0.16751269035532995,
  "training_f1": 0.2691771117414825,
  "training_loss": 4.325953061764057,
  "training_cpu_memory_MB": 3632.992,
  "training_gpu_0_memory_MB": 10,
  "training_gpu_1_memory_MB": 10,
  "training_gpu_2_memory_MB": 10,
  "training_gpu_3_memory_MB": 5739,
  "validation_start_acc": 0.06593406593406594,
  "validation_end_acc": 0.0989010989010989,
  "validation_span_acc": 0.01098901098901099,
  "validation_em": 0.01098901098901099,
  "validation_f1": 0.12428220527662068,
  "validation_loss": 10.572893778483072,
  "best_validation_start_acc": 0.01098901098901099,
  "best_validation_end_acc": 0.08791208791208792,
  "best_validation_span_acc": 0.03296703296703297,
  "best_validation_em": 0.03296703296703297,
  "best_validation_f1": 0.13783480951188853,
  "best_validation_loss": 8.736458460489908
}