{
  "best_epoch": 10,
  "peak_cpu_memory_MB": 3879.86,
  "peak_gpu_0_memory_MB": 10,
  "peak_gpu_1_memory_MB": 10,
  "peak_gpu_2_memory_MB": 10,
  "peak_gpu_3_memory_MB": 4237,
  "training_duration": "00:18:39",
  "training_start_epoch": 0,
  "training_epochs": 19,
  "epoch": 19,
  "training_start_acc": 0.685118619698059,
  "training_end_acc": 0.7692307692307693,
  "training_span_acc": 0.5255212077641984,
  "training_em": 0.5348670021567218,
  "training_f1": 0.8249768370131734,
  "training_loss": 0.9335373133078388,
  "training_cpu_memory_MB": 3879.86,
  "training_gpu_0_memory_MB": 10,
  "training_gpu_1_memory_MB": 10,
  "training_gpu_2_memory_MB": 10,
  "training_gpu_3_memory_MB": 4237,
  "validation_start_acc": 0.26666666666666666,
  "validation_end_acc": 0.35555555555555557,
  "validation_span_acc": 0.2,
  "validation_em": 0.23333333333333334,
  "validation_f1": 0.43554791397274834,
  "validation_loss": 8.495914538701376,
  "best_validation_start_acc": 0.34444444444444444,
  "best_validation_end_acc": 0.4111111111111111,
  "best_validation_span_acc": 0.24444444444444444,
  "best_validation_em": 0.26666666666666666,
  "best_validation_f1": 0.4873174346734882,
  "best_validation_loss": 6.17863933245341
}