{
  "best_epoch": 8,
  "peak_cpu_memory_MB": 2739.988,
  "peak_gpu_0_memory_MB": 6121,
  "peak_gpu_1_memory_MB": 0,
  "peak_gpu_2_memory_MB": 0,
  "peak_gpu_3_memory_MB": 607,
  "training_duration": "00:03:15",
  "training_start_epoch": 0,
  "training_epochs": 17,
  "epoch": 17,
  "training_start_acc": 0.5723684210526315,
  "training_end_acc": 0.5641447368421053,
  "training_span_acc": 0.4588815789473684,
  "training_em": 0.4605263157894737,
  "training_f1": 0.5685484682384886,
  "training_loss": 2.206241381795783,
  "training_cpu_memory_MB": 2739.988,
  "training_gpu_0_memory_MB": 6121,
  "training_gpu_1_memory_MB": 0,
  "training_gpu_2_memory_MB": 0,
  "training_gpu_3_memory_MB": 607,
  "validation_start_acc": 0.07777777777777778,
  "validation_end_acc": 0.12222222222222222,
  "validation_span_acc": 0.022222222222222223,
  "validation_em": 0.022222222222222223,
  "validation_f1": 0.16573251407588127,
  "validation_loss": 12.553653081258139,
  "best_validation_start_acc": 0.08888888888888889,
  "best_validation_end_acc": 0.12222222222222222,
  "best_validation_span_acc": 0.05555555555555555,
  "best_validation_em": 0.044444444444444446,
  "best_validation_f1": 0.17113655055450197,
  "best_validation_loss": 9.685447851816813
}