{
  "best_epoch": 10,
  "peak_cpu_memory_MB": 3632.992,
  "peak_gpu_0_memory_MB": 10,
  "peak_gpu_1_memory_MB": 10,
  "peak_gpu_2_memory_MB": 10,
  "peak_gpu_3_memory_MB": 5731,
  "training_duration": "00:04:09",
  "training_start_epoch": 0,
  "training_epochs": 19,
  "epoch": 19,
  "training_start_acc": 0.98989898989899,
  "training_end_acc": 0.9646464646464646,
  "training_span_acc": 0.9747474747474747,
  "training_em": 0.9444444444444444,
  "training_f1": 0.9643321869257697,
  "training_loss": 0.186503177938553,
  "training_cpu_memory_MB": 3632.992,
  "training_gpu_0_memory_MB": 10,
  "training_gpu_1_memory_MB": 10,
  "training_gpu_2_memory_MB": 10,
  "training_gpu_3_memory_MB": 5731,
  "validation_start_acc": 0.14444444444444443,
  "validation_end_acc": 0.12222222222222222,
  "validation_span_acc": 0.022222222222222223,
  "validation_em": 0.022222222222222223,
  "validation_f1": 0.16466698042412395,
  "validation_loss": 11.071993192036947,
  "best_validation_start_acc": 0.15555555555555556,
  "best_validation_end_acc": 0.1111111111111111,
  "best_validation_span_acc": 0.06666666666666667,
  "best_validation_em": 0.06666666666666667,
  "best_validation_f1": 0.19780787099642722,
  "best_validation_loss": 9.941445509592691
}