{
  "best_epoch": 4,
  "peak_cpu_memory_MB": 3632.992,
  "peak_gpu_0_memory_MB": 10,
  "peak_gpu_1_memory_MB": 10,
  "peak_gpu_2_memory_MB": 10,
  "peak_gpu_3_memory_MB": 5739,
  "training_duration": "00:00:18",
  "training_start_epoch": 0,
  "training_epochs": 13,
  "epoch": 13,
  "training_start_acc": 0.23255813953488372,
  "training_end_acc": 0.27906976744186046,
  "training_span_acc": 0.10465116279069768,
  "training_em": 0.09302325581395349,
  "training_f1": 0.23767506051280043,
  "training_loss": 5.120293498039246,
  "training_cpu_memory_MB": 3632.992,
  "training_gpu_0_memory_MB": 10,
  "training_gpu_1_memory_MB": 10,
  "training_gpu_2_memory_MB": 10,
  "training_gpu_3_memory_MB": 5739,
  "validation_start_acc": 0.03333333333333333,
  "validation_end_acc": 0.08888888888888889,
  "validation_span_acc": 0.03333333333333333,
  "validation_em": 0.03333333333333333,
  "validation_f1": 0.14298362194439806,
  "validation_loss": 9.84760570526123,
  "best_validation_start_acc": 0.05555555555555555,
  "best_validation_end_acc": 0.06666666666666667,
  "best_validation_span_acc": 0.022222222222222223,
  "best_validation_em": 0.044444444444444446,
  "best_validation_f1": 0.16062178660108029,
  "best_validation_loss": 8.853272596995035
}