{
  "best_epoch": 11,
  "peak_cpu_memory_MB": 2708.152,
  "peak_gpu_0_memory_MB": 8903,
  "peak_gpu_1_memory_MB": 10,
  "peak_gpu_2_memory_MB": 10,
  "peak_gpu_3_memory_MB": 5519,
  "training_duration": "00:01:28",
  "training_start_epoch": 0,
  "training_epochs": 19,
  "epoch": 19,
  "training_start_acc": 0.9579207920792079,
  "training_end_acc": 0.9678217821782178,
  "training_span_acc": 0.9405940594059405,
  "training_em": 0.905940594059406,
  "training_f1": 0.9623964253159859,
  "training_loss": 0.27533507289794773,
  "training_cpu_memory_MB": 2708.152,
  "training_gpu_0_memory_MB": 8903,
  "training_gpu_1_memory_MB": 10,
  "training_gpu_2_memory_MB": 10,
  "training_gpu_3_memory_MB": 5519,
  "validation_start_acc": 0.06593406593406594,
  "validation_end_acc": 0.14285714285714285,
  "validation_span_acc": 0.02197802197802198,
  "validation_em": 0.04395604395604396,
  "validation_f1": 0.2351447590080837,
  "validation_loss": 14.015692869822184,
  "best_validation_start_acc": 0.054945054945054944,
  "best_validation_end_acc": 0.15384615384615385,
  "best_validation_span_acc": 0.03296703296703297,
  "best_validation_em": 0.054945054945054944,
  "best_validation_f1": 0.2244076090194739,
  "best_validation_loss": 10.075849850972494
}