{
  "best_epoch": 3,
  "peak_cpu_memory_MB": 3862.776,
  "peak_gpu_0_memory_MB": 10,
  "peak_gpu_1_memory_MB": 10,
  "peak_gpu_2_memory_MB": 10,
  "peak_gpu_3_memory_MB": 4237,
  "training_duration": "00:12:33",
  "training_start_epoch": 0,
  "training_epochs": 12,
  "epoch": 12,
  "training_start_acc": 0.6814285714285714,
  "training_end_acc": 0.7485714285714286,
  "training_span_acc": 0.5092857142857142,
  "training_em": 0.5128571428571429,
  "training_f1": 0.81384178400282,
  "training_loss": 1.1020899977196346,
  "training_cpu_memory_MB": 3862.776,
  "training_gpu_0_memory_MB": 10,
  "training_gpu_1_memory_MB": 10,
  "training_gpu_2_memory_MB": 10,
  "training_gpu_3_memory_MB": 4237,
  "validation_start_acc": 0.2,
  "validation_end_acc": 0.23333333333333334,
  "validation_span_acc": 0.1,
  "validation_em": 0.1111111111111111,
  "validation_f1": 0.28343249852880986,
  "validation_loss": 10.471550305684408,
  "best_validation_start_acc": 0.2222222222222222,
  "best_validation_end_acc": 0.18888888888888888,
  "best_validation_span_acc": 0.14444444444444443,
  "best_validation_em": 0.14444444444444443,
  "best_validation_f1": 0.2777168119631868,
  "best_validation_loss": 7.556952873865764
}