{
  "best_epoch": 7,
  "peak_cpu_memory_MB": 3856.236,
  "peak_gpu_0_memory_MB": 10,
  "peak_gpu_1_memory_MB": 10,
  "peak_gpu_2_memory_MB": 10,
  "peak_gpu_3_memory_MB": 4237,
  "training_duration": "00:19:53",
  "training_start_epoch": 0,
  "training_epochs": 16,
  "epoch": 16,
  "training_start_acc": 0.7023696682464455,
  "training_end_acc": 0.7516587677725118,
  "training_span_acc": 0.5232227488151658,
  "training_em": 0.5308056872037915,
  "training_f1": 0.8149473388590984,
  "training_loss": 0.9962227254202871,
  "training_cpu_memory_MB": 3856.236,
  "training_gpu_0_memory_MB": 10,
  "training_gpu_1_memory_MB": 10,
  "training_gpu_2_memory_MB": 10,
  "training_gpu_3_memory_MB": 4237,
  "validation_start_acc": 0.14444444444444443,
  "validation_end_acc": 0.13333333333333333,
  "validation_span_acc": 0.044444444444444446,
  "validation_em": 0.07777777777777778,
  "validation_f1": 0.30702875772445,
  "validation_loss": 11.596884409586588,
  "best_validation_start_acc": 0.17777777777777778,
  "best_validation_end_acc": 0.18888888888888888,
  "best_validation_span_acc": 0.08888888888888889,
  "best_validation_em": 0.12222222222222222,
  "best_validation_f1": 0.3001238286512965,
  "best_validation_loss": 8.337958017985025
}