{
  "best_epoch": 0,
  "peak_cpu_memory_MB": 3659.656,
  "peak_gpu_0_memory_MB": 10787,
  "peak_gpu_1_memory_MB": 10,
  "peak_gpu_2_memory_MB": 10,
  "peak_gpu_3_memory_MB": 5711,
  "training_duration": "00:01:38",
  "training_start_epoch": 0,
  "training_epochs": 9,
  "epoch": 9,
  "training_start_acc": 0.2967032967032967,
  "training_end_acc": 0.3076923076923077,
  "training_span_acc": 0.21978021978021978,
  "training_em": 0.21978021978021978,
  "training_f1": 0.322862272821452,
  "training_loss": 3.4434621334075928,
  "training_cpu_memory_MB": 3659.656,
  "training_gpu_0_memory_MB": 10787,
  "training_gpu_1_memory_MB": 10,
  "training_gpu_2_memory_MB": 10,
  "training_gpu_3_memory_MB": 5711,
  "validation_start_acc": 0.06896551724137931,
  "validation_end_acc": 0.05747126436781609,
  "validation_span_acc": 0.011494252873563218,
  "validation_em": 0.022988505747126436,
  "validation_f1": 0.20341660032174666,
  "validation_loss": 9.739598592122396,
  "best_validation_start_acc": 0.06896551724137931,
  "best_validation_end_acc": 0.09195402298850575,
  "best_validation_span_acc": 0.034482758620689655,
  "best_validation_em": 0.06896551724137931,
  "best_validation_f1": 0.22779504552328292,
  "best_validation_loss": 9.466258843739828
}