{
  "best_epoch": 14,
  "peak_cpu_memory_MB": 3656.296,
  "peak_gpu_0_memory_MB": 10,
  "peak_gpu_1_memory_MB": 10,
  "peak_gpu_2_memory_MB": 10,
  "peak_gpu_3_memory_MB": 4761,
  "training_duration": "00:11:50",
  "training_start_epoch": 0,
  "training_epochs": 19,
  "epoch": 19,
  "training_start_acc": 0.9938271604938271,
  "training_end_acc": 0.9925925925925926,
  "training_span_acc": 0.9938271604938271,
  "training_em": 0.9543209876543209,
  "training_f1": 0.978781500617028,
  "training_loss": 0.031162645613007686,
  "training_cpu_memory_MB": 3656.296,
  "training_gpu_0_memory_MB": 10,
  "training_gpu_1_memory_MB": 10,
  "training_gpu_2_memory_MB": 10,
  "training_gpu_3_memory_MB": 4761,
  "validation_start_acc": 0.18888888888888888,
  "validation_end_acc": 0.24444444444444444,
  "validation_span_acc": 0.1111111111111111,
  "validation_em": 0.1111111111111111,
  "validation_f1": 0.26168291439143965,
  "validation_loss": 11.556204477945963,
  "best_validation_start_acc": 0.17777777777777778,
  "best_validation_end_acc": 0.28888888888888886,
  "best_validation_span_acc": 0.12222222222222222,
  "best_validation_em": 0.13333333333333333,
  "best_validation_f1": 0.3008139799520342,
  "best_validation_loss": 10.927766640981039
}