{
  "best_epoch": 9,
  "peak_cpu_memory_MB": 3656.94,
  "peak_gpu_0_memory_MB": 8903,
  "peak_gpu_1_memory_MB": 10,
  "peak_gpu_2_memory_MB": 10,
  "peak_gpu_3_memory_MB": 5733,
  "training_duration": "00:03:01",
  "training_start_epoch": 0,
  "training_epochs": 18,
  "epoch": 18,
  "training_start_acc": 0.8613861386138614,
  "training_end_acc": 0.8613861386138614,
  "training_span_acc": 0.8613861386138614,
  "training_em": 0.8415841584158416,
  "training_f1": 0.9100031013876764,
  "training_loss": 0.7702114071164813,
  "training_cpu_memory_MB": 3656.94,
  "training_gpu_0_memory_MB": 8903,
  "training_gpu_1_memory_MB": 10,
  "training_gpu_2_memory_MB": 10,
  "training_gpu_3_memory_MB": 5733,
  "validation_start_acc": 0.044444444444444446,
  "validation_end_acc": 0.1111111111111111,
  "validation_span_acc": 0.022222222222222223,
  "validation_em": 0.044444444444444446,
  "validation_f1": 0.21328746786598285,
  "validation_loss": 10.329873402913412,
  "best_validation_start_acc": 0.044444444444444446,
  "best_validation_end_acc": 0.1,
  "best_validation_span_acc": 0.03333333333333333,
  "best_validation_em": 0.05555555555555555,
  "best_validation_f1": 0.2013271607571805,
  "best_validation_loss": 9.906671524047852
}