{
  "best_epoch": 5,
  "peak_cpu_memory_MB": 3853.092,
  "peak_gpu_0_memory_MB": 10787,
  "peak_gpu_1_memory_MB": 6755,
  "peak_gpu_2_memory_MB": 7173,
  "peak_gpu_3_memory_MB": 6755,
  "training_duration": "00:12:18",
  "training_start_epoch": 0,
  "training_epochs": 14,
  "epoch": 14,
  "training_start_acc": 0.6932692307692307,
  "training_end_acc": 0.7346153846153847,
  "training_span_acc": 0.4980769230769231,
  "training_em": 0.4980769230769231,
  "training_f1": 0.8143594356303405,
  "training_loss": 1.0550094411923334,
  "training_cpu_memory_MB": 3853.092,
  "training_gpu_0_memory_MB": 10787,
  "training_gpu_1_memory_MB": 6755,
  "training_gpu_2_memory_MB": 7173,
  "training_gpu_3_memory_MB": 6755,
  "validation_start_acc": 0.16666666666666666,
  "validation_end_acc": 0.23333333333333334,
  "validation_span_acc": 0.08888888888888889,
  "validation_em": 0.08888888888888889,
  "validation_f1": 0.29929184441443485,
  "validation_loss": 9.188823620478312,
  "best_validation_start_acc": 0.15555555555555556,
  "best_validation_end_acc": 0.3,
  "best_validation_span_acc": 0.12222222222222222,
  "best_validation_em": 0.13333333333333333,
  "best_validation_f1": 0.3050955593120939,
  "best_validation_loss": 7.337425788243611
}