{
  "best_epoch": 8,
  "peak_cpu_memory_MB": 2708.152,
  "peak_gpu_0_memory_MB": 8903,
  "peak_gpu_1_memory_MB": 10,
  "peak_gpu_2_memory_MB": 10,
  "peak_gpu_3_memory_MB": 6195,
  "training_duration": "00:00:26",
  "training_start_epoch": 0,
  "training_epochs": 17,
  "epoch": 17,
  "training_start_acc": 0.17582417582417584,
  "training_end_acc": 0.24175824175824176,
  "training_span_acc": 0.12087912087912088,
  "training_em": 0.13186813186813187,
  "training_f1": 0.2308795379032809,
  "training_loss": 4.861339569091797,
  "training_cpu_memory_MB": 2708.152,
  "training_gpu_0_memory_MB": 8903,
  "training_gpu_1_memory_MB": 10,
  "training_gpu_2_memory_MB": 10,
  "training_gpu_3_memory_MB": 6195,
  "validation_start_acc": 0.034482758620689655,
  "validation_end_acc": 0.06896551724137931,
  "validation_span_acc": 0.0,
  "validation_em": 0.0,
  "validation_f1": 0.16891628518797577,
  "validation_loss": 10.583231767018637,
  "best_validation_start_acc": 0.034482758620689655,
  "best_validation_end_acc": 0.05747126436781609,
  "best_validation_span_acc": 0.011494252873563218,
  "best_validation_em": 0.034482758620689655,
  "best_validation_f1": 0.17859600057487196,
  "best_validation_loss": 9.73142671585083
}