{
  "best_epoch": 0,
  "peak_cpu_memory_MB": 3879.86,
  "peak_gpu_0_memory_MB": 10,
  "peak_gpu_1_memory_MB": 10,
  "peak_gpu_2_memory_MB": 10,
  "peak_gpu_3_memory_MB": 4237,
  "training_duration": "00:01:40",
  "training_start_epoch": 0,
  "training_epochs": 9,
  "epoch": 9,
  "training_start_acc": 0.5704697986577181,
  "training_end_acc": 0.6577181208053692,
  "training_span_acc": 0.40939597315436244,
  "training_em": 0.4228187919463087,
  "training_f1": 0.7164629702971782,
  "training_loss": 1.8912851572036744,
  "training_cpu_memory_MB": 3879.86,
  "training_gpu_0_memory_MB": 10,
  "training_gpu_1_memory_MB": 10,
  "training_gpu_2_memory_MB": 10,
  "training_gpu_3_memory_MB": 4237,
  "validation_start_acc": 0.09195402298850575,
  "validation_end_acc": 0.06896551724137931,
  "validation_span_acc": 0.011494252873563218,
  "validation_em": 0.022988505747126436,
  "validation_f1": 0.21951163968829987,
  "validation_loss": 9.156136989593506,
  "best_validation_start_acc": 0.022988505747126436,
  "best_validation_end_acc": 0.08045977011494253,
  "best_validation_span_acc": 0.0,
  "best_validation_em": 0.034482758620689655,
  "best_validation_f1": 0.21004979016862432,
  "best_validation_loss": 8.964674631754557
}