{
  "best_epoch": 7,
  "peak_cpu_memory_MB": 2708.152,
  "peak_gpu_0_memory_MB": 8903,
  "peak_gpu_1_memory_MB": 10,
  "peak_gpu_2_memory_MB": 10,
  "peak_gpu_3_memory_MB": 5519,
  "training_duration": "00:00:38",
  "training_start_epoch": 0,
  "training_epochs": 16,
  "epoch": 16,
  "training_start_acc": 0.6473684210526316,
  "training_end_acc": 0.5210526315789473,
  "training_span_acc": 0.4789473684210526,
  "training_em": 0.48947368421052634,
  "training_f1": 0.6153535474955916,
  "training_loss": 2.2754621704419455,
  "training_cpu_memory_MB": 2708.152,
  "training_gpu_0_memory_MB": 8903,
  "training_gpu_1_memory_MB": 10,
  "training_gpu_2_memory_MB": 10,
  "training_gpu_3_memory_MB": 5519,
  "validation_start_acc": 0.03333333333333333,
  "validation_end_acc": 0.07777777777777778,
  "validation_span_acc": 0.022222222222222223,
  "validation_em": 0.022222222222222223,
  "validation_f1": 0.1483048823133904,
  "validation_loss": 12.218497435251871,
  "best_validation_start_acc": 0.07777777777777778,
  "best_validation_end_acc": 0.08888888888888889,
  "best_validation_span_acc": 0.03333333333333333,
  "best_validation_em": 0.05555555555555555,
  "best_validation_f1": 0.1960117415422671,
  "best_validation_loss": 9.563965638478598
}