{
  "best_epoch": 17,
  "peak_cpu_memory_MB": 2739.988,
  "peak_gpu_0_memory_MB": 6121,
  "peak_gpu_1_memory_MB": 0,
  "peak_gpu_2_memory_MB": 0,
  "peak_gpu_3_memory_MB": 607,
  "training_duration": "00:03:32",
  "training_start_epoch": 0,
  "training_epochs": 19,
  "epoch": 19,
  "training_start_acc": 0.7947019867549668,
  "training_end_acc": 0.8228476821192053,
  "training_span_acc": 0.75,
  "training_em": 0.7516556291390728,
  "training_f1": 0.8196755855185405,
  "training_loss": 1.0745836747320074,
  "training_cpu_memory_MB": 2739.988,
  "training_gpu_0_memory_MB": 6121,
  "training_gpu_1_memory_MB": 0,
  "training_gpu_2_memory_MB": 0,
  "training_gpu_3_memory_MB": 607,
  "validation_start_acc": 0.1,
  "validation_end_acc": 0.1111111111111111,
  "validation_span_acc": 0.05555555555555555,
  "validation_em": 0.05555555555555555,
  "validation_f1": 0.18196363515720873,
  "validation_loss": 13.698990821838379,
  "best_validation_start_acc": 0.1111111111111111,
  "best_validation_end_acc": 0.1111111111111111,
  "best_validation_span_acc": 0.07777777777777778,
  "best_validation_em": 0.07777777777777778,
  "best_validation_f1": 0.19498418521005148,
  "best_validation_loss": 12.68125613530477
}