{
  "best_epoch": 19,
  "peak_cpu_memory_MB": 2666.48,
  "peak_gpu_0_memory_MB": 10787,
  "peak_gpu_1_memory_MB": 10,
  "peak_gpu_2_memory_MB": 10,
  "peak_gpu_3_memory_MB": 8858,
  "training_duration": "00:05:27",
  "training_start_epoch": 0,
  "training_epochs": 19,
  "epoch": 19,
  "training_start_acc": 0.8281829419035847,
  "training_end_acc": 0.9035846724351051,
  "training_span_acc": 0.7911001236093943,
  "training_em": 0.7824474660074165,
  "training_f1": 0.8920873200394898,
  "training_loss": 0.9316526201425814,
  "training_cpu_memory_MB": 2666.48,
  "training_gpu_0_memory_MB": 10787,
  "training_gpu_1_memory_MB": 10,
  "training_gpu_2_memory_MB": 10,
  "training_gpu_3_memory_MB": 8858,
  "validation_start_acc": 0.14285714285714285,
  "validation_end_acc": 0.25274725274725274,
  "validation_span_acc": 0.08791208791208792,
  "validation_em": 0.16483516483516483,
  "validation_f1": 0.3686583384108727,
  "validation_loss": 11.460725466410318,
  "best_validation_start_acc": 0.14285714285714285,
  "best_validation_end_acc": 0.25274725274725274,
  "best_validation_span_acc": 0.08791208791208792,
  "best_validation_em": 0.16483516483516483,
  "best_validation_f1": 0.3686583384108727,
  "best_validation_loss": 11.460725466410318
}