{
  "best_epoch": 16,
  "peak_cpu_memory_MB": 3656.94,
  "peak_gpu_0_memory_MB": 8903,
  "peak_gpu_1_memory_MB": 10,
  "peak_gpu_2_memory_MB": 10,
  "peak_gpu_3_memory_MB": 5731,
  "training_duration": "00:08:32",
  "training_start_epoch": 0,
  "training_epochs": 19,
  "epoch": 19,
  "training_start_acc": 0.9827586206896551,
  "training_end_acc": 0.9802955665024631,
  "training_span_acc": 0.9827586206896551,
  "training_em": 0.9482758620689655,
  "training_f1": 0.9803015795444304,
  "training_loss": 0.10948325278094181,
  "training_cpu_memory_MB": 3656.94,
  "training_gpu_0_memory_MB": 8903,
  "training_gpu_1_memory_MB": 10,
  "training_gpu_2_memory_MB": 10,
  "training_gpu_3_memory_MB": 5731,
  "validation_start_acc": 0.12222222222222222,
  "validation_end_acc": 0.15555555555555556,
  "validation_span_acc": 0.022222222222222223,
  "validation_em": 0.044444444444444446,
  "validation_f1": 0.23814905411711054,
  "validation_loss": 13.11627451578776,
  "best_validation_start_acc": 0.13333333333333333,
  "best_validation_end_acc": 0.16666666666666666,
  "best_validation_span_acc": 0.05555555555555555,
  "best_validation_em": 0.07777777777777778,
  "best_validation_f1": 0.26876903849188605,
  "best_validation_loss": 12.322463353474935
}