{
  "best_epoch": 1,
  "peak_cpu_memory_MB": 2739.988,
  "peak_gpu_0_memory_MB": 6121,
  "peak_gpu_1_memory_MB": 0,
  "peak_gpu_2_memory_MB": 0,
  "peak_gpu_3_memory_MB": 607,
  "training_duration": "00:01:23",
  "training_start_epoch": 0,
  "training_epochs": 10,
  "epoch": 10,
  "training_start_acc": 0.2196969696969697,
  "training_end_acc": 0.23737373737373738,
  "training_span_acc": 0.15151515151515152,
  "training_em": 0.15151515151515152,
  "training_f1": 0.26491028358342505,
  "training_loss": 4.2575481986999515,
  "training_cpu_memory_MB": 2739.988,
  "training_gpu_0_memory_MB": 6121,
  "training_gpu_1_memory_MB": 0,
  "training_gpu_2_memory_MB": 0,
  "training_gpu_3_memory_MB": 607,
  "validation_start_acc": 0.044444444444444446,
  "validation_end_acc": 0.1111111111111111,
  "validation_span_acc": 0.011111111111111112,
  "validation_em": 0.011111111111111112,
  "validation_f1": 0.1654675607410491,
  "validation_loss": 11.162892977396647,
  "best_validation_start_acc": 0.044444444444444446,
  "best_validation_end_acc": 0.06666666666666667,
  "best_validation_span_acc": 0.011111111111111112,
  "best_validation_em": 0.022222222222222223,
  "best_validation_f1": 0.16760711592103883,
  "best_validation_loss": 8.358375787734985
}