{
  "best_epoch": 11,
  "peak_cpu_memory_MB": 3656.408,
  "peak_gpu_0_memory_MB": 8903,
  "peak_gpu_1_memory_MB": 10,
  "peak_gpu_2_memory_MB": 10,
  "peak_gpu_3_memory_MB": 4785,
  "training_duration": "00:18:16",
  "training_start_epoch": 0,
  "training_epochs": 19,
  "epoch": 19,
  "training_start_acc": 0.9938271604938271,
  "training_end_acc": 0.9938271604938271,
  "training_span_acc": 0.991358024691358,
  "training_em": 0.9543209876543209,
  "training_f1": 0.9834010377246414,
  "training_loss": 0.031178809784571913,
  "training_cpu_memory_MB": 3656.408,
  "training_gpu_0_memory_MB": 8903,
  "training_gpu_1_memory_MB": 10,
  "training_gpu_2_memory_MB": 10,
  "training_gpu_3_memory_MB": 4785,
  "validation_start_acc": 0.17777777777777778,
  "validation_end_acc": 0.2,
  "validation_span_acc": 0.08888888888888889,
  "validation_em": 0.14444444444444443,
  "validation_f1": 0.34043645575896264,
  "validation_loss": 15.687915166219076,
  "best_validation_start_acc": 0.24444444444444444,
  "best_validation_end_acc": 0.23333333333333334,
  "best_validation_span_acc": 0.1111111111111111,
  "best_validation_em": 0.16666666666666666,
  "best_validation_f1": 0.3751383602382937,
  "best_validation_loss": 11.90661891301473
}