{
  "best_epoch": 7,
  "peak_cpu_memory_MB": 3632.992,
  "peak_gpu_0_memory_MB": 10,
  "peak_gpu_1_memory_MB": 10,
  "peak_gpu_2_memory_MB": 10,
  "peak_gpu_3_memory_MB": 5739,
  "training_duration": "00:02:13",
  "training_start_epoch": 0,
  "training_epochs": 16,
  "epoch": 16,
  "training_start_acc": 0.9481481481481482,
  "training_end_acc": 0.9481481481481482,
  "training_span_acc": 0.9234567901234568,
  "training_em": 0.8987654320987655,
  "training_f1": 0.949306408244196,
  "training_loss": 0.32661882130538716,
  "training_cpu_memory_MB": 3632.992,
  "training_gpu_0_memory_MB": 10,
  "training_gpu_1_memory_MB": 10,
  "training_gpu_2_memory_MB": 10,
  "training_gpu_3_memory_MB": 5739,
  "validation_start_acc": 0.1,
  "validation_end_acc": 0.15555555555555556,
  "validation_span_acc": 0.05555555555555555,
  "validation_em": 0.07777777777777778,
  "validation_f1": 0.22399675582725737,
  "validation_loss": 14.364542643229166,
  "best_validation_start_acc": 0.1111111111111111,
  "best_validation_end_acc": 0.14444444444444443,
  "best_validation_span_acc": 0.07777777777777778,
  "best_validation_em": 0.08888888888888889,
  "best_validation_f1": 0.2178792315986553,
  "best_validation_loss": 8.297966321309408
}