{
  "best_epoch": 0,
  "peak_cpu_memory_MB": 2652.268,
  "peak_gpu_0_memory_MB": 10787,
  "peak_gpu_1_memory_MB": 10,
  "peak_gpu_2_memory_MB": 10,
  "peak_gpu_3_memory_MB": 5917,
  "training_duration": "00:00:36",
  "training_start_epoch": 0,
  "training_epochs": 9,
  "epoch": 9,
  "training_start_acc": 0.01507537688442211,
  "training_end_acc": 0.09547738693467336,
  "training_span_acc": 0.0,
  "training_em": 0.0,
  "training_f1": 0.12104366488385991,
  "training_loss": 9.165331326998198,
  "training_cpu_memory_MB": 2652.268,
  "training_gpu_0_memory_MB": 10787,
  "training_gpu_1_memory_MB": 10,
  "training_gpu_2_memory_MB": 10,
  "training_gpu_3_memory_MB": 5917,
  "validation_start_acc": 0.011494252873563218,
  "validation_end_acc": 0.05747126436781609,
  "validation_span_acc": 0.0,
  "validation_em": 0.0,
  "validation_f1": 0.21953022137548822,
  "validation_loss": 9.392573356628418,
  "best_validation_start_acc": 0.011494252873563218,
  "best_validation_end_acc": 0.08045977011494253,
  "best_validation_span_acc": 0.0,
  "best_validation_em": 0.0,
  "best_validation_f1": 0.17307188670368637,
  "best_validation_loss": 9.993212381998697
}