{
  "best_epoch": 5,
  "peak_cpu_memory_MB": 4614.648,
  "peak_gpu_0_memory_MB": 10,
  "peak_gpu_1_memory_MB": 10,
  "peak_gpu_2_memory_MB": 4415,
  "peak_gpu_3_memory_MB": 1993,
  "training_duration": "00:00:49",
  "training_start_epoch": 0,
  "training_epochs": 14,
  "epoch": 14,
  "training_start_acc": 0.024390243902439025,
  "training_end_acc": 0.08536585365853659,
  "training_span_acc": 0.0,
  "training_em": 0.0,
  "training_f1": 0.13278300072206686,
  "training_loss": 8.993579864501953,
  "training_cpu_memory_MB": 4614.648,
  "training_gpu_0_memory_MB": 10,
  "training_gpu_1_memory_MB": 10,
  "training_gpu_2_memory_MB": 4415,
  "training_gpu_3_memory_MB": 1993,
  "validation_start_acc": 0.0,
  "validation_end_acc": 0.1,
  "validation_span_acc": 0.0,
  "validation_em": 0.011111111111111112,
  "validation_f1": 0.18272689966825403,
  "validation_loss": 9.022026538848877,
  "best_validation_start_acc": 0.011111111111111112,
  "best_validation_end_acc": 0.07777777777777778,
  "best_validation_span_acc": 0.0,
  "best_validation_em": 0.011111111111111112,
  "best_validation_f1": 0.18167952776258364,
  "best_validation_loss": 9.577314694722494
}