{
  "best_epoch": 9,
  "peak_cpu_memory_MB": 3538.004,
  "peak_gpu_0_memory_MB": 8903,
  "peak_gpu_1_memory_MB": 10,
  "peak_gpu_2_memory_MB": 10,
  "peak_gpu_3_memory_MB": 4785,
  "training_duration": "00:11:47",
  "training_start_epoch": 0,
  "training_epochs": 18,
  "epoch": 18,
  "training_start_acc": 0.9913473423980222,
  "training_end_acc": 0.992583436341162,
  "training_span_acc": 0.9864029666254636,
  "training_em": 0.9468479604449939,
  "training_f1": 0.9748298036447162,
  "training_loss": 0.05331053619053872,
  "training_cpu_memory_MB": 3538.004,
  "training_gpu_0_memory_MB": 8903,
  "training_gpu_1_memory_MB": 10,
  "training_gpu_2_memory_MB": 10,
  "training_gpu_3_memory_MB": 4785,
  "validation_start_acc": 0.15384615384615385,
  "validation_end_acc": 0.25274725274725274,
  "validation_span_acc": 0.0989010989010989,
  "validation_em": 0.15384615384615385,
  "validation_f1": 0.365046991168066,
  "validation_loss": 12.390859603881836,
  "best_validation_start_acc": 0.17582417582417584,
  "best_validation_end_acc": 0.26373626373626374,
  "best_validation_span_acc": 0.10989010989010989,
  "best_validation_em": 0.17582417582417584,
  "best_validation_f1": 0.39695087944084345,
  "best_validation_loss": 9.895757993062338
}