{
  "best_epoch": 13,
  "peak_cpu_memory_MB": 2640.428,
  "peak_gpu_0_memory_MB": 8903,
  "peak_gpu_1_memory_MB": 10,
  "peak_gpu_2_memory_MB": 10,
  "peak_gpu_3_memory_MB": 4365,
  "training_duration": "00:03:49",
  "training_start_epoch": 0,
  "training_epochs": 19,
  "epoch": 19,
  "training_start_acc": 0.899641577060932,
  "training_end_acc": 0.921146953405018,
  "training_span_acc": 0.8685782556750299,
  "training_em": 0.8578255675029869,
  "training_f1": 0.9344434813972102,
  "training_loss": 0.5871962199233612,
  "training_cpu_memory_MB": 2640.428,
  "training_gpu_0_memory_MB": 8903,
  "training_gpu_1_memory_MB": 10,
  "training_gpu_2_memory_MB": 10,
  "training_gpu_3_memory_MB": 4365,
  "validation_start_acc": 0.14285714285714285,
  "validation_end_acc": 0.23809523809523808,
  "validation_span_acc": 0.09523809523809523,
  "validation_em": 0.15873015873015872,
  "validation_f1": 0.38504690172107264,
  "validation_loss": 13.168489933013916,
  "best_validation_start_acc": 0.12698412698412698,
  "best_validation_end_acc": 0.2222222222222222,
  "best_validation_span_acc": 0.09523809523809523,
  "best_validation_em": 0.20634920634920634,
  "best_validation_f1": 0.42354151625646297,
  "best_validation_loss": 10.836515188217163
}