{
  "best_epoch": 9,
  "peak_cpu_memory_MB": 3853.092,
  "peak_gpu_0_memory_MB": 10787,
  "peak_gpu_1_memory_MB": 10,
  "peak_gpu_2_memory_MB": 7173,
  "peak_gpu_3_memory_MB": 10,
  "training_duration": "00:03:06",
  "training_start_epoch": 0,
  "training_epochs": 18,
  "epoch": 18,
  "training_start_acc": 0.6597222222222222,
  "training_end_acc": 0.7847222222222222,
  "training_span_acc": 0.5416666666666666,
  "training_em": 0.5416666666666666,
  "training_f1": 0.8427655351710491,
  "training_loss": 1.191546294424269,
  "training_cpu_memory_MB": 3853.092,
  "training_gpu_0_memory_MB": 10787,
  "training_gpu_1_memory_MB": 10,
  "training_gpu_2_memory_MB": 7173,
  "training_gpu_3_memory_MB": 10,
  "validation_start_acc": 0.0,
  "validation_end_acc": 0.07777777777777778,
  "validation_span_acc": 0.0,
  "validation_em": 0.0,
  "validation_f1": 0.12603093532261658,
  "validation_loss": 9.993853092193604,
  "best_validation_start_acc": 0.022222222222222223,
  "best_validation_end_acc": 0.07777777777777778,
  "best_validation_span_acc": 0.011111111111111112,
  "best_validation_em": 0.011111111111111112,
  "best_validation_f1": 0.13590155225147488,
  "best_validation_loss": 9.868436336517334
}