{
  "best_epoch": 0,
  "peak_cpu_memory_MB": 3632.992,
  "peak_gpu_0_memory_MB": 10,
  "peak_gpu_1_memory_MB": 10,
  "peak_gpu_2_memory_MB": 10,
  "peak_gpu_3_memory_MB": 5739,
  "training_duration": "00:00:13",
  "training_start_epoch": 0,
  "training_epochs": 9,
  "epoch": 9,
  "training_start_acc": 0.17391304347826086,
  "training_end_acc": 0.1956521739130435,
  "training_span_acc": 0.05434782608695652,
  "training_em": 0.05434782608695652,
  "training_f1": 0.2017554152697803,
  "training_loss": 5.663671811421712,
  "training_cpu_memory_MB": 3632.992,
  "training_gpu_0_memory_MB": 10,
  "training_gpu_1_memory_MB": 10,
  "training_gpu_2_memory_MB": 10,
  "training_gpu_3_memory_MB": 5739,
  "validation_start_acc": 0.044444444444444446,
  "validation_end_acc": 0.05555555555555555,
  "validation_span_acc": 0.011111111111111112,
  "validation_em": 0.011111111111111112,
  "validation_f1": 0.14726350451836964,
  "validation_loss": 9.381855328877768,
  "best_validation_start_acc": 0.03333333333333333,
  "best_validation_end_acc": 0.05555555555555555,
  "best_validation_span_acc": 0.0,
  "best_validation_em": 0.011111111111111112,
  "best_validation_f1": 0.1200961152396525,
  "best_validation_loss": 9.61628770828247
}