{
  "best_epoch": 3,
  "peak_cpu_memory_MB": 4614.648,
  "peak_gpu_0_memory_MB": 10,
  "peak_gpu_1_memory_MB": 10,
  "peak_gpu_2_memory_MB": 3769,
  "peak_gpu_3_memory_MB": 1993,
  "training_duration": "00:02:24",
  "training_start_epoch": 0,
  "training_epochs": 12,
  "epoch": 12,
  "training_start_acc": 0.04539007092198582,
  "training_end_acc": 0.1347517730496454,
  "training_span_acc": 0.009929078014184398,
  "training_em": 0.011347517730496455,
  "training_f1": 0.1777415612399081,
  "training_loss": 8.034214729732938,
  "training_cpu_memory_MB": 4614.648,
  "training_gpu_0_memory_MB": 10,
  "training_gpu_1_memory_MB": 10,
  "training_gpu_2_memory_MB": 3769,
  "training_gpu_3_memory_MB": 1993,
  "validation_start_acc": 0.0,
  "validation_end_acc": 0.10989010989010989,
  "validation_span_acc": 0.0,
  "validation_em": 0.0,
  "validation_f1": 0.18793294466851534,
  "validation_loss": 8.258634567260742,
  "best_validation_start_acc": 0.02197802197802198,
  "best_validation_end_acc": 0.06593406593406594,
  "best_validation_span_acc": 0.0,
  "best_validation_em": 0.01098901098901099,
  "best_validation_f1": 0.16203058620253175,
  "best_validation_loss": 8.534246921539307
}