{
  "best_epoch": 12,
  "peak_cpu_memory_MB": 3621.028,
  "peak_gpu_0_memory_MB": 10787,
  "peak_gpu_1_memory_MB": 4979,
  "peak_gpu_2_memory_MB": 7173,
  "peak_gpu_3_memory_MB": 4979,
  "training_duration": "00:10:14",
  "training_start_epoch": 0,
  "training_epochs": 19,
  "epoch": 19,
  "training_start_acc": 0.9966887417218543,
  "training_end_acc": 0.9966887417218543,
  "training_span_acc": 0.9966887417218543,
  "training_em": 0.9486754966887417,
  "training_f1": 0.9796464036412964,
  "training_loss": 0.020357664242558377,
  "training_cpu_memory_MB": 3621.028,
  "training_gpu_0_memory_MB": 10787,
  "training_gpu_1_memory_MB": 4979,
  "training_gpu_2_memory_MB": 7173,
  "training_gpu_3_memory_MB": 4979,
  "validation_start_acc": 0.12222222222222222,
  "validation_end_acc": 0.25555555555555554,
  "validation_span_acc": 0.08888888888888889,
  "validation_em": 0.1,
  "validation_f1": 0.25777922243795354,
  "validation_loss": 12.875692367553711,
  "best_validation_start_acc": 0.15555555555555556,
  "best_validation_end_acc": 0.3,
  "best_validation_span_acc": 0.15555555555555556,
  "best_validation_em": 0.15555555555555556,
  "best_validation_f1": 0.30105768366726005,
  "best_validation_loss": 9.736068725585938
}