{
  "best_epoch": 12,
  "peak_cpu_memory_MB": 2664.532,
  "peak_gpu_0_memory_MB": 10,
  "peak_gpu_1_memory_MB": 10,
  "peak_gpu_2_memory_MB": 10,
  "peak_gpu_3_memory_MB": 4223,
  "training_duration": "00:06:00",
  "training_start_epoch": 0,
  "training_epochs": 19,
  "epoch": 19,
  "training_start_acc": 0.6087267525035766,
  "training_end_acc": 0.7396280400572246,
  "training_span_acc": 0.438483547925608,
  "training_em": 0.45278969957081544,
  "training_f1": 0.7928108414334846,
  "training_loss": 1.7881322584368966,
  "training_cpu_memory_MB": 2664.532,
  "training_gpu_0_memory_MB": 10,
  "training_gpu_1_memory_MB": 10,
  "training_gpu_2_memory_MB": 10,
  "training_gpu_3_memory_MB": 4223,
  "validation_start_acc": 0.08791208791208792,
  "validation_end_acc": 0.18681318681318682,
  "validation_span_acc": 0.03296703296703297,
  "validation_em": 0.07692307692307693,
  "validation_f1": 0.29515351234696285,
  "validation_loss": 10.853803237279257,
  "best_validation_start_acc": 0.07692307692307693,
  "best_validation_end_acc": 0.18681318681318682,
  "best_validation_span_acc": 0.03296703296703297,
  "best_validation_em": 0.12087912087912088,
  "best_validation_f1": 0.3139884121740334,
  "best_validation_loss": 9.077230532964071
}