{
  "best_epoch": 7,
  "peak_cpu_memory_MB": 3626.016,
  "peak_gpu_0_memory_MB": 10787,
  "peak_gpu_1_memory_MB": 6755,
  "peak_gpu_2_memory_MB": 7173,
  "peak_gpu_3_memory_MB": 6755,
  "training_duration": "00:06:38",
  "training_start_epoch": 0,
  "training_epochs": 16,
  "epoch": 16,
  "training_start_acc": 0.9851851851851852,
  "training_end_acc": 0.9950617283950617,
  "training_span_acc": 0.9901234567901235,
  "training_em": 0.945679012345679,
  "training_f1": 0.9777566943189776,
  "training_loss": 0.06418754411144899,
  "training_cpu_memory_MB": 3626.016,
  "training_gpu_0_memory_MB": 10787,
  "training_gpu_1_memory_MB": 6755,
  "training_gpu_2_memory_MB": 7173,
  "training_gpu_3_memory_MB": 6755,
  "validation_start_acc": 0.08888888888888889,
  "validation_end_acc": 0.12222222222222222,
  "validation_span_acc": 0.022222222222222223,
  "validation_em": 0.044444444444444446,
  "validation_f1": 0.2345848263764974,
  "validation_loss": 13.620036125183105,
  "best_validation_start_acc": 0.14444444444444443,
  "best_validation_end_acc": 0.16666666666666666,
  "best_validation_span_acc": 0.03333333333333333,
  "best_validation_em": 0.07777777777777778,
  "best_validation_f1": 0.27900807986929366,
  "best_validation_loss": 9.756081740061441
}