{
  "best_epoch": 16,
  "peak_cpu_memory_MB": 3705.328,
  "peak_gpu_0_memory_MB": 10,
  "peak_gpu_1_memory_MB": 10,
  "peak_gpu_2_memory_MB": 10,
  "peak_gpu_3_memory_MB": 6395,
  "training_duration": "00:19:10",
  "training_start_epoch": 0,
  "training_epochs": 19,
  "epoch": 19,
  "training_start_acc": 0.6838340486409156,
  "training_end_acc": 0.7560801144492132,
  "training_span_acc": 0.5064377682403434,
  "training_em": 0.5164520743919886,
  "training_f1": 0.8182686329784523,
  "training_loss": 0.9338015324690125,
  "training_cpu_memory_MB": 3705.328,
  "training_gpu_0_memory_MB": 10,
  "training_gpu_1_memory_MB": 10,
  "training_gpu_2_memory_MB": 10,
  "training_gpu_3_memory_MB": 6395,
  "validation_start_acc": 0.21978021978021978,
  "validation_end_acc": 0.32967032967032966,
  "validation_span_acc": 0.0989010989010989,
  "validation_em": 0.2087912087912088,
  "validation_f1": 0.46901857140592756,
  "validation_loss": 9.474192301432291,
  "best_validation_start_acc": 0.26373626373626374,
  "best_validation_end_acc": 0.34065934065934067,
  "best_validation_span_acc": 0.14285714285714285,
  "best_validation_em": 0.26373626373626374,
  "best_validation_f1": 0.4944195318705115,
  "best_validation_loss": 8.239738702774048
}