{
  "best_epoch": 7,
  "peak_cpu_memory_MB": 3632.992,
  "peak_gpu_0_memory_MB": 10,
  "peak_gpu_1_memory_MB": 10,
  "peak_gpu_2_memory_MB": 10,
  "peak_gpu_3_memory_MB": 5739,
  "training_duration": "00:00:37",
  "training_start_epoch": 0,
  "training_epochs": 16,
  "epoch": 16,
  "training_start_acc": 0.45263157894736844,
  "training_end_acc": 0.4368421052631579,
  "training_span_acc": 0.30526315789473685,
  "training_em": 0.30526315789473685,
  "training_f1": 0.4601482466350887,
  "training_loss": 3.186038335164388,
  "training_cpu_memory_MB": 3632.992,
  "training_gpu_0_memory_MB": 10,
  "training_gpu_1_memory_MB": 10,
  "training_gpu_2_memory_MB": 10,
  "training_gpu_3_memory_MB": 5739,
  "validation_start_acc": 0.05555555555555555,
  "validation_end_acc": 0.1,
  "validation_span_acc": 0.011111111111111112,
  "validation_em": 0.011111111111111112,
  "validation_f1": 0.12366051406044172,
  "validation_loss": 11.075493494669596,
  "best_validation_start_acc": 0.05555555555555555,
  "best_validation_end_acc": 0.08888888888888889,
  "best_validation_span_acc": 0.022222222222222223,
  "best_validation_em": 0.022222222222222223,
  "best_validation_f1": 0.15293872133158357,
  "best_validation_loss": 9.124809424082438
}