{
  "best_epoch": 2,
  "peak_cpu_memory_MB": 2708.152,
  "peak_gpu_0_memory_MB": 8903,
  "peak_gpu_1_memory_MB": 10,
  "peak_gpu_2_memory_MB": 10,
  "peak_gpu_3_memory_MB": 6195,
  "training_duration": "00:00:29",
  "training_start_epoch": 0,
  "training_epochs": 11,
  "epoch": 11,
  "training_start_acc": 0.24120603015075376,
  "training_end_acc": 0.2964824120603015,
  "training_span_acc": 0.1407035175879397,
  "training_em": 0.16080402010050251,
  "training_f1": 0.27898547942689184,
  "training_loss": 4.3317200587346,
  "training_cpu_memory_MB": 2708.152,
  "training_gpu_0_memory_MB": 8903,
  "training_gpu_1_memory_MB": 10,
  "training_gpu_2_memory_MB": 10,
  "training_gpu_3_memory_MB": 6195,
  "validation_start_acc": 0.06896551724137931,
  "validation_end_acc": 0.09195402298850575,
  "validation_span_acc": 0.011494252873563218,
  "validation_em": 0.011494252873563218,
  "validation_f1": 0.18327996227319643,
  "validation_loss": 11.269974867502848,
  "best_validation_start_acc": 0.034482758620689655,
  "best_validation_end_acc": 0.05747126436781609,
  "best_validation_span_acc": 0.0,
  "best_validation_em": 0.034482758620689655,
  "best_validation_f1": 0.22367662201518798,
  "best_validation_loss": 8.944578965504965
}