{
  "best_epoch": 15,
  "peak_cpu_memory_MB": 2721.744,
  "peak_gpu_0_memory_MB": 10,
  "peak_gpu_1_memory_MB": 10,
  "peak_gpu_2_memory_MB": 10,
  "peak_gpu_3_memory_MB": 4867,
  "training_duration": "00:04:05",
  "training_start_epoch": 0,
  "training_epochs": 19,
  "epoch": 19,
  "training_start_acc": 0.6458132820019249,
  "training_end_acc": 0.7449470644850819,
  "training_span_acc": 0.4764196342637151,
  "training_em": 0.4898941289701636,
  "training_f1": 0.8067416915009411,
  "training_loss": 1.5209869366425735,
  "training_cpu_memory_MB": 2721.744,
  "training_gpu_0_memory_MB": 10,
  "training_gpu_1_memory_MB": 10,
  "training_gpu_2_memory_MB": 10,
  "training_gpu_3_memory_MB": 4867,
  "validation_start_acc": 0.13333333333333333,
  "validation_end_acc": 0.25555555555555554,
  "validation_span_acc": 0.08888888888888889,
  "validation_em": 0.14444444444444443,
  "validation_f1": 0.34419515885762453,
  "validation_loss": 11.28099258740743,
  "best_validation_start_acc": 0.16666666666666666,
  "best_validation_end_acc": 0.2222222222222222,
  "best_validation_span_acc": 0.1,
  "best_validation_em": 0.15555555555555556,
  "best_validation_f1": 0.3448592022287835,
  "best_validation_loss": 9.960036516189575
}