{
  "best_epoch": 8,
  "peak_cpu_memory_MB": 2666.48,
  "peak_gpu_0_memory_MB": 10787,
  "peak_gpu_1_memory_MB": 10,
  "peak_gpu_2_memory_MB": 10,
  "peak_gpu_3_memory_MB": 9802,
  "training_duration": "00:04:55",
  "training_start_epoch": 0,
  "training_epochs": 17,
  "epoch": 17,
  "training_start_acc": 0.9320987654320988,
  "training_end_acc": 0.9382716049382716,
  "training_span_acc": 0.9,
  "training_em": 0.8851851851851852,
  "training_f1": 0.9465488206205931,
  "training_loss": 0.3955162963738628,
  "training_cpu_memory_MB": 2666.48,
  "training_gpu_0_memory_MB": 10787,
  "training_gpu_1_memory_MB": 10,
  "training_gpu_2_memory_MB": 10,
  "training_gpu_3_memory_MB": 9802,
  "validation_start_acc": 0.13333333333333333,
  "validation_end_acc": 0.12222222222222222,
  "validation_span_acc": 0.03333333333333333,
  "validation_em": 0.044444444444444446,
  "validation_f1": 0.22205749349154513,
  "validation_loss": 14.202907721201578,
  "best_validation_start_acc": 0.17777777777777778,
  "best_validation_end_acc": 0.15555555555555556,
  "best_validation_span_acc": 0.06666666666666667,
  "best_validation_em": 0.1,
  "best_validation_f1": 0.2535639487798963,
  "best_validation_loss": 9.615825653076172
}