{
  "best_epoch": 10,
  "peak_cpu_memory_MB": 2721.744,
  "peak_gpu_0_memory_MB": 10,
  "peak_gpu_1_memory_MB": 10,
  "peak_gpu_2_memory_MB": 10,
  "peak_gpu_3_memory_MB": 4871,
  "training_duration": "00:00:42",
  "training_start_epoch": 0,
  "training_epochs": 19,
  "epoch": 19,
  "training_start_acc": 0.1592356687898089,
  "training_end_acc": 0.3248407643312102,
  "training_span_acc": 0.05732484076433121,
  "training_em": 0.05732484076433121,
  "training_f1": 0.3334219284434211,
  "training_loss": 6.049539995193482,
  "training_cpu_memory_MB": 2721.744,
  "training_gpu_0_memory_MB": 10,
  "training_gpu_1_memory_MB": 10,
  "training_gpu_2_memory_MB": 10,
  "training_gpu_3_memory_MB": 4871,
  "validation_start_acc": 0.01098901098901099,
  "validation_end_acc": 0.13186813186813187,
  "validation_span_acc": 0.0,
  "validation_em": 0.0,
  "validation_f1": 0.17869991093541732,
  "validation_loss": 8.8384690284729,
  "best_validation_start_acc": 0.0,
  "best_validation_end_acc": 0.10989010989010989,
  "best_validation_span_acc": 0.01098901098901099,
  "best_validation_em": 0.01098901098901099,
  "best_validation_f1": 0.1649814545518512,
  "best_validation_loss": 8.778591394424438
}