{
  "best_epoch": 17,
  "peak_cpu_memory_MB": 3866.676,
  "peak_gpu_0_memory_MB": 10,
  "peak_gpu_1_memory_MB": 10,
  "peak_gpu_2_memory_MB": 10,
  "peak_gpu_3_memory_MB": 4237,
  "training_duration": "00:18:58",
  "training_start_epoch": 0,
  "training_epochs": 19,
  "epoch": 19,
  "training_start_acc": 0.6966211358734723,
  "training_end_acc": 0.7584471603163192,
  "training_span_acc": 0.5255212077641984,
  "training_em": 0.5298346513299784,
  "training_f1": 0.8246738330124775,
  "training_loss": 0.9429094948987852,
  "training_cpu_memory_MB": 3866.676,
  "training_gpu_0_memory_MB": 10,
  "training_gpu_1_memory_MB": 10,
  "training_gpu_2_memory_MB": 10,
  "training_gpu_3_memory_MB": 4237,
  "validation_start_acc": 0.26666666666666666,
  "validation_end_acc": 0.28888888888888886,
  "validation_span_acc": 0.16666666666666666,
  "validation_em": 0.15555555555555556,
  "validation_f1": 0.3399906337476492,
  "validation_loss": 8.987195332845053,
  "best_validation_start_acc": 0.3333333333333333,
  "best_validation_end_acc": 0.2777777777777778,
  "best_validation_span_acc": 0.2222222222222222,
  "best_validation_em": 0.2111111111111111,
  "best_validation_f1": 0.3656971610156913,
  "best_validation_loss": 8.763113180796305
}