{
  "best_epoch": 6,
  "peak_cpu_memory_MB": 3876.204,
  "peak_gpu_0_memory_MB": 10,
  "peak_gpu_1_memory_MB": 10,
  "peak_gpu_2_memory_MB": 10,
  "peak_gpu_3_memory_MB": 6395,
  "training_duration": "00:14:56",
  "training_start_epoch": 0,
  "training_epochs": 15,
  "epoch": 15,
  "training_start_acc": 0.6738351254480287,
  "training_end_acc": 0.774910394265233,
  "training_span_acc": 0.5189964157706093,
  "training_em": 0.524731182795699,
  "training_f1": 0.8191730384326437,
  "training_loss": 0.959197195416147,
  "training_cpu_memory_MB": 3876.204,
  "training_gpu_0_memory_MB": 10,
  "training_gpu_1_memory_MB": 10,
  "training_gpu_2_memory_MB": 10,
  "training_gpu_3_memory_MB": 6395,
  "validation_start_acc": 0.14444444444444443,
  "validation_end_acc": 0.2222222222222222,
  "validation_span_acc": 0.05555555555555555,
  "validation_em": 0.08888888888888889,
  "validation_f1": 0.3670990039181995,
  "validation_loss": 10.092325607935587,
  "best_validation_start_acc": 0.2777777777777778,
  "best_validation_end_acc": 0.25555555555555554,
  "best_validation_span_acc": 0.13333333333333333,
  "best_validation_em": 0.2222222222222222,
  "best_validation_f1": 0.3962947683181014,
  "best_validation_loss": 7.861142635345459
}