{
  "best_epoch": 0,
  "peak_cpu_memory_MB": 3632.992,
  "peak_gpu_0_memory_MB": 10,
  "peak_gpu_1_memory_MB": 10,
  "peak_gpu_2_memory_MB": 10,
  "peak_gpu_3_memory_MB": 5731,
  "training_duration": "00:01:06",
  "training_start_epoch": 0,
  "training_epochs": 9,
  "epoch": 9,
  "training_start_acc": 0.4358974358974359,
  "training_end_acc": 0.3717948717948718,
  "training_span_acc": 0.3076923076923077,
  "training_em": 0.2948717948717949,
  "training_f1": 0.4213006492541669,
  "training_loss": 2.8983206510543824,
  "training_cpu_memory_MB": 3632.992,
  "training_gpu_0_memory_MB": 10,
  "training_gpu_1_memory_MB": 10,
  "training_gpu_2_memory_MB": 10,
  "training_gpu_3_memory_MB": 5731,
  "validation_start_acc": 0.03296703296703297,
  "validation_end_acc": 0.03296703296703297,
  "validation_span_acc": 0.02197802197802198,
  "validation_em": 0.02197802197802198,
  "validation_f1": 0.12082198978697727,
  "validation_loss": 10.297658761342367,
  "best_validation_start_acc": 0.04395604395604396,
  "best_validation_end_acc": 0.07692307692307693,
  "best_validation_span_acc": 0.02197802197802198,
  "best_validation_em": 0.02197802197802198,
  "best_validation_f1": 0.14574590610664565,
  "best_validation_loss": 9.058614095052084
}