{
  "best_epoch": 12,
  "peak_cpu_memory_MB": 3656.94,
  "peak_gpu_0_memory_MB": 8903,
  "peak_gpu_1_memory_MB": 10,
  "peak_gpu_2_memory_MB": 10,
  "peak_gpu_3_memory_MB": 5729,
  "training_duration": "00:14:28",
  "training_start_epoch": 0,
  "training_epochs": 19,
  "epoch": 19,
  "training_start_acc": 0.9932998324958124,
  "training_end_acc": 0.9865996649916248,
  "training_span_acc": 0.9882747068676717,
  "training_em": 0.949748743718593,
  "training_f1": 0.978972762322818,
  "training_loss": 0.05371866261243428,
  "training_cpu_memory_MB": 3656.94,
  "training_gpu_0_memory_MB": 8903,
  "training_gpu_1_memory_MB": 10,
  "training_gpu_2_memory_MB": 10,
  "training_gpu_3_memory_MB": 5729,
  "validation_start_acc": 0.15555555555555556,
  "validation_end_acc": 0.16666666666666666,
  "validation_span_acc": 0.044444444444444446,
  "validation_em": 0.05555555555555555,
  "validation_f1": 0.2547144908929466,
  "validation_loss": 14.405182679494223,
  "best_validation_start_acc": 0.14444444444444443,
  "best_validation_end_acc": 0.16666666666666666,
  "best_validation_span_acc": 0.044444444444444446,
  "best_validation_em": 0.08888888888888889,
  "best_validation_f1": 0.2943877758536458,
  "best_validation_loss": 12.179450909296671
}