{
  "best_epoch": 14,
  "peak_cpu_memory_MB": 3033.524,
  "peak_gpu_0_memory_MB": 8903,
  "peak_gpu_1_memory_MB": 10,
  "peak_gpu_2_memory_MB": 10,
  "peak_gpu_3_memory_MB": 4785,
  "training_duration": "00:12:25",
  "training_start_epoch": 0,
  "training_epochs": 19,
  "epoch": 19,
  "training_start_acc": 0.9802224969097652,
  "training_end_acc": 0.9802224969097652,
  "training_span_acc": 0.9715698393077874,
  "training_em": 0.934487021013597,
  "training_f1": 0.9675421480489175,
  "training_loss": 0.1375270321344336,
  "training_cpu_memory_MB": 3033.524,
  "training_gpu_0_memory_MB": 8903,
  "training_gpu_1_memory_MB": 10,
  "training_gpu_2_memory_MB": 10,
  "training_gpu_3_memory_MB": 4785,
  "validation_start_acc": 0.12087912087912088,
  "validation_end_acc": 0.24175824175824176,
  "validation_span_acc": 0.07692307692307693,
  "validation_em": 0.13186813186813187,
  "validation_f1": 0.32623317325071927,
  "validation_loss": 14.608997027079264,
  "best_validation_start_acc": 0.14285714285714285,
  "best_validation_end_acc": 0.24175824175824176,
  "best_validation_span_acc": 0.08791208791208792,
  "best_validation_em": 0.18681318681318682,
  "best_validation_f1": 0.36736061512679685,
  "best_validation_loss": 11.902181307474772
}