{
  "best_epoch": 5,
  "peak_cpu_memory_MB": 3656.296,
  "peak_gpu_0_memory_MB": 10,
  "peak_gpu_1_memory_MB": 10,
  "peak_gpu_2_memory_MB": 10,
  "peak_gpu_3_memory_MB": 5711,
  "training_duration": "00:02:01",
  "training_start_epoch": 0,
  "training_epochs": 14,
  "epoch": 14,
  "training_start_acc": 0.7906976744186046,
  "training_end_acc": 0.7674418604651163,
  "training_span_acc": 0.7093023255813954,
  "training_em": 0.6976744186046512,
  "training_f1": 0.7776641846675394,
  "training_loss": 1.579724907875061,
  "training_cpu_memory_MB": 3656.296,
  "training_gpu_0_memory_MB": 10,
  "training_gpu_1_memory_MB": 10,
  "training_gpu_2_memory_MB": 10,
  "training_gpu_3_memory_MB": 5711,
  "validation_start_acc": 0.07777777777777778,
  "validation_end_acc": 0.044444444444444446,
  "validation_span_acc": 0.0,
  "validation_em": 0.0,
  "validation_f1": 0.1539100969283771,
  "validation_loss": 10.535664876302084,
  "best_validation_start_acc": 0.06666666666666667,
  "best_validation_end_acc": 0.05555555555555555,
  "best_validation_span_acc": 0.011111111111111112,
  "best_validation_em": 0.022222222222222223,
  "best_validation_f1": 0.17043116552074386,
  "best_validation_loss": 9.633731921513876
}