{
  "best_epoch": 13,
  "peak_cpu_memory_MB": 2739.852,
  "peak_gpu_0_memory_MB": 5473,
  "peak_gpu_1_memory_MB": 0,
  "peak_gpu_2_memory_MB": 0,
  "peak_gpu_3_memory_MB": 607,
  "training_duration": "00:04:34",
  "training_start_epoch": 0,
  "training_epochs": 19,
  "epoch": 19,
  "training_start_acc": 0.9518518518518518,
  "training_end_acc": 0.9567901234567902,
  "training_span_acc": 0.9333333333333333,
  "training_em": 0.928395061728395,
  "training_f1": 0.9683130388016196,
  "training_loss": 0.2469468904914809,
  "training_cpu_memory_MB": 2739.852,
  "training_gpu_0_memory_MB": 5473,
  "training_gpu_1_memory_MB": 0,
  "training_gpu_2_memory_MB": 0,
  "training_gpu_3_memory_MB": 607,
  "validation_start_acc": 0.08888888888888889,
  "validation_end_acc": 0.16666666666666666,
  "validation_span_acc": 0.05555555555555555,
  "validation_em": 0.06666666666666667,
  "validation_f1": 0.2337696344969367,
  "validation_loss": 15.822460015614828,
  "best_validation_start_acc": 0.1111111111111111,
  "best_validation_end_acc": 0.2,
  "best_validation_span_acc": 0.1111111111111111,
  "best_validation_em": 0.12222222222222222,
  "best_validation_f1": 0.2750888015303066,
  "best_validation_loss": 11.824865818023682
}