{
  "best_epoch": 12,
  "peak_cpu_memory_MB": 2709.348,
  "peak_gpu_0_memory_MB": 10,
  "peak_gpu_1_memory_MB": 10,
  "peak_gpu_2_memory_MB": 10,
  "peak_gpu_3_memory_MB": 4223,
  "training_duration": "00:06:03",
  "training_start_epoch": 0,
  "training_epochs": 19,
  "epoch": 19,
  "training_start_acc": 0.6573676680972819,
  "training_end_acc": 0.7560801144492132,
  "training_span_acc": 0.4842632331902718,
  "training_em": 0.49213161659513593,
  "training_f1": 0.809669142902013,
  "training_loss": 1.5238755602728238,
  "training_cpu_memory_MB": 2709.348,
  "training_gpu_0_memory_MB": 10,
  "training_gpu_1_memory_MB": 10,
  "training_gpu_2_memory_MB": 10,
  "training_gpu_3_memory_MB": 4223,
  "validation_start_acc": 0.12087912087912088,
  "validation_end_acc": 0.27472527472527475,
  "validation_span_acc": 0.06593406593406594,
  "validation_em": 0.13186813186813187,
  "validation_f1": 0.37323089724796626,
  "validation_loss": 9.788534164428711,
  "best_validation_start_acc": 0.12087912087912088,
  "best_validation_end_acc": 0.31868131868131866,
  "best_validation_span_acc": 0.08791208791208792,
  "best_validation_em": 0.15384615384615385,
  "best_validation_f1": 0.3851003630137033,
  "best_validation_loss": 8.347560246785482
}