{
  "best_epoch": 9,
  "peak_cpu_memory_MB": 3656.296,
  "peak_gpu_0_memory_MB": 10,
  "peak_gpu_1_memory_MB": 10,
  "peak_gpu_2_memory_MB": 10,
  "peak_gpu_3_memory_MB": 5705,
  "training_duration": "00:10:32",
  "training_start_epoch": 0,
  "training_epochs": 18,
  "epoch": 18,
  "training_start_acc": 0.9934640522875817,
  "training_end_acc": 0.9983660130718954,
  "training_span_acc": 0.9950980392156863,
  "training_em": 0.9575163398692811,
  "training_f1": 0.9821742576623003,
  "training_loss": 0.029482769147039223,
  "training_cpu_memory_MB": 3656.296,
  "training_gpu_0_memory_MB": 10,
  "training_gpu_1_memory_MB": 10,
  "training_gpu_2_memory_MB": 10,
  "training_gpu_3_memory_MB": 5705,
  "validation_start_acc": 0.17777777777777778,
  "validation_end_acc": 0.16666666666666666,
  "validation_span_acc": 0.07777777777777778,
  "validation_em": 0.07777777777777778,
  "validation_f1": 0.23391824828742824,
  "validation_loss": 13.578086376190186,
  "best_validation_start_acc": 0.16666666666666666,
  "best_validation_end_acc": 0.17777777777777778,
  "best_validation_span_acc": 0.1,
  "best_validation_em": 0.1111111111111111,
  "best_validation_f1": 0.2579923440359493,
  "best_validation_loss": 11.122155348459879
}