{
  "best_epoch": 17,
  "peak_cpu_memory_MB": 3621.028,
  "peak_gpu_0_memory_MB": 10787,
  "peak_gpu_1_memory_MB": 6755,
  "peak_gpu_2_memory_MB": 7173,
  "peak_gpu_3_memory_MB": 6755,
  "training_duration": "00:04:11",
  "training_start_epoch": 0,
  "training_epochs": 19,
  "epoch": 19,
  "training_start_acc": 0.9947916666666666,
  "training_end_acc": 1.0,
  "training_span_acc": 0.9947916666666666,
  "training_em": 0.9635416666666666,
  "training_f1": 0.9823750942684765,
  "training_loss": 0.054384457568327584,
  "training_cpu_memory_MB": 3621.028,
  "training_gpu_0_memory_MB": 10787,
  "training_gpu_1_memory_MB": 6755,
  "training_gpu_2_memory_MB": 7173,
  "training_gpu_3_memory_MB": 6755,
  "validation_start_acc": 0.12222222222222222,
  "validation_end_acc": 0.2111111111111111,
  "validation_span_acc": 0.06666666666666667,
  "validation_em": 0.06666666666666667,
  "validation_f1": 0.25182570182352804,
  "validation_loss": 10.948771158854166,
  "best_validation_start_acc": 0.18888888888888888,
  "best_validation_end_acc": 0.24444444444444444,
  "best_validation_span_acc": 0.1,
  "best_validation_em": 0.1,
  "best_validation_f1": 0.28988502869722194,
  "best_validation_loss": 10.815215349197388
}