{
  "best_epoch": 18,
  "peak_cpu_memory_MB": 3856.236,
  "peak_gpu_0_memory_MB": 10,
  "peak_gpu_1_memory_MB": 10,
  "peak_gpu_2_memory_MB": 10,
  "peak_gpu_3_memory_MB": 4237,
  "training_duration": "00:22:50",
  "training_start_epoch": 0,
  "training_epochs": 19,
  "epoch": 19,
  "training_start_acc": 0.6867356538099718,
  "training_end_acc": 0.7187206020696143,
  "training_span_acc": 0.48447789275634995,
  "training_em": 0.4901222953904045,
  "training_f1": 0.8069857759950655,
  "training_loss": 1.0478322163446625,
  "training_cpu_memory_MB": 3856.236,
  "training_gpu_0_memory_MB": 10,
  "training_gpu_1_memory_MB": 10,
  "training_gpu_2_memory_MB": 10,
  "training_gpu_3_memory_MB": 4237,
  "validation_start_acc": 0.2222222222222222,
  "validation_end_acc": 0.3,
  "validation_span_acc": 0.14444444444444443,
  "validation_em": 0.2,
  "validation_f1": 0.3748670397934912,
  "validation_loss": 9.02564024925232,
  "best_validation_start_acc": 0.23333333333333334,
  "best_validation_end_acc": 0.3,
  "best_validation_span_acc": 0.17777777777777778,
  "best_validation_em": 0.2222222222222222,
  "best_validation_f1": 0.39493291701881067,
  "best_validation_loss": 9.420827229817709
}