{
  "best_epoch": 13,
  "peak_cpu_memory_MB": 3866.676,
  "peak_gpu_0_memory_MB": 10,
  "peak_gpu_1_memory_MB": 10,
  "peak_gpu_2_memory_MB": 10,
  "peak_gpu_3_memory_MB": 4237,
  "training_duration": "00:10:13",
  "training_start_epoch": 0,
  "training_epochs": 19,
  "epoch": 19,
  "training_start_acc": 0.7015151515151515,
  "training_end_acc": 0.7787878787878788,
  "training_span_acc": 0.55,
  "training_em": 0.543939393939394,
  "training_f1": 0.8278329956811227,
  "training_loss": 0.9358930857408614,
  "training_cpu_memory_MB": 3866.676,
  "training_gpu_0_memory_MB": 10,
  "training_gpu_1_memory_MB": 10,
  "training_gpu_2_memory_MB": 10,
  "training_gpu_3_memory_MB": 4237,
  "validation_start_acc": 0.2222222222222222,
  "validation_end_acc": 0.2,
  "validation_span_acc": 0.1111111111111111,
  "validation_em": 0.1111111111111111,
  "validation_f1": 0.27123275426544924,
  "validation_loss": 10.688406308492025,
  "best_validation_start_acc": 0.2,
  "best_validation_end_acc": 0.16666666666666666,
  "best_validation_span_acc": 0.14444444444444443,
  "best_validation_em": 0.14444444444444443,
  "best_validation_f1": 0.28035783944604736,
  "best_validation_loss": 10.346327145894369
}