{
  "best_epoch": 5,
  "peak_cpu_memory_MB": 3853.092,
  "peak_gpu_0_memory_MB": 10787,
  "peak_gpu_1_memory_MB": 10,
  "peak_gpu_2_memory_MB": 7173,
  "peak_gpu_3_memory_MB": 10,
  "training_duration": "00:05:06",
  "training_start_epoch": 0,
  "training_epochs": 14,
  "epoch": 14,
  "training_start_acc": 0.6610169491525424,
  "training_end_acc": 0.7853107344632768,
  "training_span_acc": 0.5141242937853108,
  "training_em": 0.5254237288135594,
  "training_f1": 0.8150057381459119,
  "training_loss": 1.2077047151067983,
  "training_cpu_memory_MB": 3853.092,
  "training_gpu_0_memory_MB": 10787,
  "training_gpu_1_memory_MB": 10,
  "training_gpu_2_memory_MB": 7173,
  "training_gpu_3_memory_MB": 10,
  "validation_start_acc": 0.08888888888888889,
  "validation_end_acc": 0.14444444444444443,
  "validation_span_acc": 0.03333333333333333,
  "validation_em": 0.044444444444444446,
  "validation_f1": 0.20732478010597424,
  "validation_loss": 9.946476777394613,
  "best_validation_start_acc": 0.08888888888888889,
  "best_validation_end_acc": 0.15555555555555556,
  "best_validation_span_acc": 0.05555555555555555,
  "best_validation_em": 0.07777777777777778,
  "best_validation_f1": 0.19409357313325942,
  "best_validation_loss": 8.540818293889364
}