{
  "best_epoch": 13,
  "peak_cpu_memory_MB": 3626.016,
  "peak_gpu_0_memory_MB": 10787,
  "peak_gpu_1_memory_MB": 6755,
  "peak_gpu_2_memory_MB": 7173,
  "peak_gpu_3_memory_MB": 6755,
  "training_duration": "00:10:56",
  "training_start_epoch": 0,
  "training_epochs": 19,
  "epoch": 19,
  "training_start_acc": 0.9949664429530202,
  "training_end_acc": 0.9966442953020134,
  "training_span_acc": 0.9949664429530202,
  "training_em": 0.9513422818791947,
  "training_f1": 0.9797431152386737,
  "training_loss": 0.03441772401626957,
  "training_cpu_memory_MB": 3626.016,
  "training_gpu_0_memory_MB": 10787,
  "training_gpu_1_memory_MB": 6755,
  "training_gpu_2_memory_MB": 7173,
  "training_gpu_3_memory_MB": 6755,
  "validation_start_acc": 0.13333333333333333,
  "validation_end_acc": 0.32222222222222224,
  "validation_span_acc": 0.12222222222222222,
  "validation_em": 0.18888888888888888,
  "validation_f1": 0.3416741824667152,
  "validation_loss": 14.752480030059814,
  "best_validation_start_acc": 0.15555555555555556,
  "best_validation_end_acc": 0.2777777777777778,
  "best_validation_span_acc": 0.13333333333333333,
  "best_validation_em": 0.23333333333333334,
  "best_validation_f1": 0.369941902437395,
  "best_validation_loss": 12.240506172180176
}