{
  "best_epoch": 11,
  "peak_cpu_memory_MB": 3656.296,
  "peak_gpu_0_memory_MB": 10,
  "peak_gpu_1_memory_MB": 10,
  "peak_gpu_2_memory_MB": 10,
  "peak_gpu_3_memory_MB": 5705,
  "training_duration": "00:03:53",
  "training_start_epoch": 0,
  "training_epochs": 19,
  "epoch": 19,
  "training_start_acc": 0.968421052631579,
  "training_end_acc": 0.9789473684210527,
  "training_span_acc": 0.9631578947368421,
  "training_em": 0.9263157894736842,
  "training_f1": 0.9552316723329634,
  "training_loss": 0.18963135903080305,
  "training_cpu_memory_MB": 3656.296,
  "training_gpu_0_memory_MB": 10,
  "training_gpu_1_memory_MB": 10,
  "training_gpu_2_memory_MB": 10,
  "training_gpu_3_memory_MB": 5705,
  "validation_start_acc": 0.08888888888888889,
  "validation_end_acc": 0.1,
  "validation_span_acc": 0.022222222222222223,
  "validation_em": 0.03333333333333333,
  "validation_f1": 0.1683087039450405,
  "validation_loss": 9.868903636932373,
  "best_validation_start_acc": 0.14444444444444443,
  "best_validation_end_acc": 0.14444444444444443,
  "best_validation_span_acc": 0.05555555555555555,
  "best_validation_em": 0.06666666666666667,
  "best_validation_f1": 0.22850261274932263,
  "best_validation_loss": 9.434155146280924
}