{
  "best_epoch": 11,
  "peak_cpu_memory_MB": 3866.676,
  "peak_gpu_0_memory_MB": 10,
  "peak_gpu_1_memory_MB": 10,
  "peak_gpu_2_memory_MB": 10,
  "peak_gpu_3_memory_MB": 4237,
  "training_duration": "00:05:57",
  "training_start_epoch": 0,
  "training_epochs": 19,
  "epoch": 19,
  "training_start_acc": 0.6912181303116147,
  "training_end_acc": 0.7818696883852692,
  "training_span_acc": 0.5382436260623229,
  "training_em": 0.5439093484419264,
  "training_f1": 0.8399922874216823,
  "training_loss": 0.9975869189137998,
  "training_cpu_memory_MB": 3866.676,
  "training_gpu_0_memory_MB": 10,
  "training_gpu_1_memory_MB": 10,
  "training_gpu_2_memory_MB": 10,
  "training_gpu_3_memory_MB": 4237,
  "validation_start_acc": 0.0989010989010989,
  "validation_end_acc": 0.13186813186813187,
  "validation_span_acc": 0.04395604395604396,
  "validation_em": 0.054945054945054944,
  "validation_f1": 0.21832022483689031,
  "validation_loss": 11.33547274271647,
  "best_validation_start_acc": 0.0989010989010989,
  "best_validation_end_acc": 0.13186813186813187,
  "best_validation_span_acc": 0.06593406593406594,
  "best_validation_em": 0.08791208791208792,
  "best_validation_f1": 0.23245777852927393,
  "best_validation_loss": 9.60977872212728
}