{
  "best_epoch": 14,
  "peak_cpu_memory_MB": 3866.676,
  "peak_gpu_0_memory_MB": 10,
  "peak_gpu_1_memory_MB": 10,
  "peak_gpu_2_memory_MB": 10,
  "peak_gpu_3_memory_MB": 4237,
  "training_duration": "00:14:48",
  "training_start_epoch": 0,
  "training_epochs": 19,
  "epoch": 19,
  "training_start_acc": 0.6909952606635071,
  "training_end_acc": 0.7611374407582938,
  "training_span_acc": 0.5080568720379147,
  "training_em": 0.5118483412322274,
  "training_f1": 0.8207726790064122,
  "training_loss": 0.9283364848657087,
  "training_cpu_memory_MB": 3866.676,
  "training_gpu_0_memory_MB": 10,
  "training_gpu_1_memory_MB": 10,
  "training_gpu_2_memory_MB": 10,
  "training_gpu_3_memory_MB": 4237,
  "validation_start_acc": 0.15555555555555556,
  "validation_end_acc": 0.17777777777777778,
  "validation_span_acc": 0.07777777777777778,
  "validation_em": 0.07777777777777778,
  "validation_f1": 0.28716791219808074,
  "validation_loss": 12.204952716827393,
  "best_validation_start_acc": 0.2,
  "best_validation_end_acc": 0.18888888888888888,
  "best_validation_span_acc": 0.1111111111111111,
  "best_validation_em": 0.1111111111111111,
  "best_validation_f1": 0.3010076859127781,
  "best_validation_loss": 10.1177126566569
}