{
  "best_epoch": 14,
  "peak_cpu_memory_MB": 2619.184,
  "peak_gpu_0_memory_MB": 10787,
  "peak_gpu_1_memory_MB": 10,
  "peak_gpu_2_memory_MB": 10,
  "peak_gpu_3_memory_MB": 5265,
  "training_duration": "00:04:04",
  "training_start_epoch": 0,
  "training_epochs": 19,
  "epoch": 19,
  "training_start_acc": 0.05555555555555555,
  "training_end_acc": 0.10493827160493827,
  "training_span_acc": 0.0049382716049382715,
  "training_em": 0.011111111111111112,
  "training_f1": 0.15053106306793126,
  "training_loss": 7.787585183685901,
  "training_cpu_memory_MB": 2619.184,
  "training_gpu_0_memory_MB": 10787,
  "training_gpu_1_memory_MB": 10,
  "training_gpu_2_memory_MB": 10,
  "training_gpu_3_memory_MB": 5265,
  "validation_start_acc": 0.07777777777777778,
  "validation_end_acc": 0.12222222222222222,
  "validation_span_acc": 0.044444444444444446,
  "validation_em": 0.044444444444444446,
  "validation_f1": 0.17769504155239646,
  "validation_loss": 8.090230941772461,
  "best_validation_start_acc": 0.05555555555555555,
  "best_validation_end_acc": 0.08888888888888889,
  "best_validation_span_acc": 0.03333333333333333,
  "best_validation_em": 0.05555555555555555,
  "best_validation_f1": 0.1801301134478313,
  "best_validation_loss": 8.204881350199381
}