{
  "best_epoch": 15,
  "peak_cpu_memory_MB": 2708.152,
  "peak_gpu_0_memory_MB": 8903,
  "peak_gpu_1_memory_MB": 10,
  "peak_gpu_2_memory_MB": 10,
  "peak_gpu_3_memory_MB": 4223,
  "training_duration": "00:02:10",
  "training_start_epoch": 0,
  "training_epochs": 19,
  "epoch": 19,
  "training_start_acc": 0.940983606557377,
  "training_end_acc": 0.9344262295081968,
  "training_span_acc": 0.9163934426229509,
  "training_em": 0.9065573770491804,
  "training_f1": 0.9493178715217341,
  "training_loss": 0.4115534734267455,
  "training_cpu_memory_MB": 2708.152,
  "training_gpu_0_memory_MB": 8903,
  "training_gpu_1_memory_MB": 10,
  "training_gpu_2_memory_MB": 10,
  "training_gpu_3_memory_MB": 4223,
  "validation_start_acc": 0.08888888888888889,
  "validation_end_acc": 0.18888888888888888,
  "validation_span_acc": 0.06666666666666667,
  "validation_em": 0.08888888888888889,
  "validation_f1": 0.289787528708085,
  "validation_loss": 15.10623041788737,
  "best_validation_start_acc": 0.1111111111111111,
  "best_validation_end_acc": 0.18888888888888888,
  "best_validation_span_acc": 0.08888888888888889,
  "best_validation_em": 0.1111111111111111,
  "best_validation_f1": 0.2640825595783694,
  "best_validation_loss": 14.003556728363037
}