{
  "best_epoch": 13,
  "peak_cpu_memory_MB": 2739.988,
  "peak_gpu_0_memory_MB": 5473,
  "peak_gpu_1_memory_MB": 0,
  "peak_gpu_2_memory_MB": 0,
  "peak_gpu_3_memory_MB": 607,
  "training_duration": "00:04:34",
  "training_start_epoch": 0,
  "training_epochs": 19,
  "epoch": 19,
  "training_start_acc": 0.8753086419753087,
  "training_end_acc": 0.8975308641975308,
  "training_span_acc": 0.8407407407407408,
  "training_em": 0.837037037037037,
  "training_f1": 0.8969764648967025,
  "training_loss": 0.6500244348072538,
  "training_cpu_memory_MB": 2739.988,
  "training_gpu_0_memory_MB": 5473,
  "training_gpu_1_memory_MB": 0,
  "training_gpu_2_memory_MB": 0,
  "training_gpu_3_memory_MB": 607,
  "validation_start_acc": 0.08888888888888889,
  "validation_end_acc": 0.08888888888888889,
  "validation_span_acc": 0.022222222222222223,
  "validation_em": 0.022222222222222223,
  "validation_f1": 0.17876628415407983,
  "validation_loss": 16.291186809539795,
  "best_validation_start_acc": 0.1,
  "best_validation_end_acc": 0.12222222222222222,
  "best_validation_span_acc": 0.05555555555555555,
  "best_validation_em": 0.05555555555555555,
  "best_validation_f1": 0.17637095792917562,
  "best_validation_loss": 14.449814478556315
}