{
  "best_epoch": 18,
  "peak_cpu_memory_MB": 2666.48,
  "peak_gpu_0_memory_MB": 10787,
  "peak_gpu_1_memory_MB": 10,
  "peak_gpu_2_memory_MB": 10,
  "peak_gpu_3_memory_MB": 8858,
  "training_duration": "00:05:12",
  "training_start_epoch": 0,
  "training_epochs": 19,
  "epoch": 19,
  "training_start_acc": 0.9790123456790123,
  "training_end_acc": 0.9839506172839506,
  "training_span_acc": 0.9765432098765432,
  "training_em": 0.9444444444444444,
  "training_f1": 0.974121217375533,
  "training_loss": 0.12036844598604184,
  "training_cpu_memory_MB": 2666.48,
  "training_gpu_0_memory_MB": 10787,
  "training_gpu_1_memory_MB": 10,
  "training_gpu_2_memory_MB": 10,
  "training_gpu_3_memory_MB": 8858,
  "validation_start_acc": 0.13333333333333333,
  "validation_end_acc": 0.25555555555555554,
  "validation_span_acc": 0.06666666666666667,
  "validation_em": 0.12222222222222222,
  "validation_f1": 0.36400439096317594,
  "validation_loss": 14.41051467259725,
  "best_validation_start_acc": 0.13333333333333333,
  "best_validation_end_acc": 0.2777777777777778,
  "best_validation_span_acc": 0.1,
  "best_validation_em": 0.13333333333333333,
  "best_validation_f1": 0.3357618080712698,
  "best_validation_loss": 14.059622128804525
}