{
  "best_epoch": 16,
  "peak_cpu_memory_MB": 3632.992,
  "peak_gpu_0_memory_MB": 10,
  "peak_gpu_1_memory_MB": 10,
  "peak_gpu_2_memory_MB": 10,
  "peak_gpu_3_memory_MB": 5739,
  "training_duration": "00:01:23",
  "training_start_epoch": 0,
  "training_epochs": 19,
  "epoch": 19,
  "training_start_acc": 0.6582278481012658,
  "training_end_acc": 0.5974683544303797,
  "training_span_acc": 0.5443037974683544,
  "training_em": 0.5392405063291139,
  "training_f1": 0.6554058347790795,
  "training_loss": 2.2432031059265136,
  "training_cpu_memory_MB": 3632.992,
  "training_gpu_0_memory_MB": 10,
  "training_gpu_1_memory_MB": 10,
  "training_gpu_2_memory_MB": 10,
  "training_gpu_3_memory_MB": 5739,
  "validation_start_acc": 0.1111111111111111,
  "validation_end_acc": 0.13333333333333333,
  "validation_span_acc": 0.044444444444444446,
  "validation_em": 0.05555555555555555,
  "validation_f1": 0.19689967057835625,
  "validation_loss": 10.769144376118978,
  "best_validation_start_acc": 0.08888888888888889,
  "best_validation_end_acc": 0.12222222222222222,
  "best_validation_span_acc": 0.05555555555555555,
  "best_validation_em": 0.06666666666666667,
  "best_validation_f1": 0.22574995683280052,
  "best_validation_loss": 10.392637252807617
}