{
  "best_epoch": 11,
  "peak_cpu_memory_MB": 3632.992,
  "peak_gpu_0_memory_MB": 10,
  "peak_gpu_1_memory_MB": 10,
  "peak_gpu_2_memory_MB": 10,
  "peak_gpu_3_memory_MB": 5731,
  "training_duration": "00:02:54",
  "training_start_epoch": 0,
  "training_epochs": 19,
  "epoch": 19,
  "training_start_acc": 0.9146341463414634,
  "training_end_acc": 0.8292682926829268,
  "training_span_acc": 0.9024390243902439,
  "training_em": 0.8902439024390244,
  "training_f1": 0.9019248326995816,
  "training_loss": 0.8926644225915273,
  "training_cpu_memory_MB": 3632.992,
  "training_gpu_0_memory_MB": 10,
  "training_gpu_1_memory_MB": 10,
  "training_gpu_2_memory_MB": 10,
  "training_gpu_3_memory_MB": 5731,
  "validation_start_acc": 0.054945054945054944,
  "validation_end_acc": 0.08791208791208792,
  "validation_span_acc": 0.04395604395604396,
  "validation_em": 0.04395604395604396,
  "validation_f1": 0.16910672246164413,
  "validation_loss": 11.279353300730387,
  "best_validation_start_acc": 0.07692307692307693,
  "best_validation_end_acc": 0.054945054945054944,
  "best_validation_span_acc": 0.054945054945054944,
  "best_validation_em": 0.054945054945054944,
  "best_validation_f1": 0.15702882117840855,
  "best_validation_loss": 11.476652145385742
}