{
  "best_epoch": 10,
  "peak_cpu_memory_MB": 2708.152,
  "peak_gpu_0_memory_MB": 8903,
  "peak_gpu_1_memory_MB": 10,
  "peak_gpu_2_memory_MB": 10,
  "peak_gpu_3_memory_MB": 6195,
  "training_duration": "00:00:28",
  "training_start_epoch": 0,
  "training_epochs": 19,
  "epoch": 19,
  "training_start_acc": 0.43023255813953487,
  "training_end_acc": 0.37209302325581395,
  "training_span_acc": 0.313953488372093,
  "training_em": 0.313953488372093,
  "training_f1": 0.42547079417684336,
  "training_loss": 3.1810200611750283,
  "training_cpu_memory_MB": 2708.152,
  "training_gpu_0_memory_MB": 8903,
  "training_gpu_1_memory_MB": 10,
  "training_gpu_2_memory_MB": 10,
  "training_gpu_3_memory_MB": 6195,
  "validation_start_acc": 0.06666666666666667,
  "validation_end_acc": 0.1,
  "validation_span_acc": 0.03333333333333333,
  "validation_em": 0.03333333333333333,
  "validation_f1": 0.2122071068739715,
  "validation_loss": 12.330179532368978,
  "best_validation_start_acc": 0.05555555555555555,
  "best_validation_end_acc": 0.1111111111111111,
  "best_validation_span_acc": 0.03333333333333333,
  "best_validation_em": 0.03333333333333333,
  "best_validation_f1": 0.2087742428567369,
  "best_validation_loss": 10.407016595204672
}