{
  "best_epoch": 6,
  "peak_cpu_memory_MB": 3632.992,
  "peak_gpu_0_memory_MB": 10,
  "peak_gpu_1_memory_MB": 10,
  "peak_gpu_2_memory_MB": 10,
  "peak_gpu_3_memory_MB": 5739,
  "training_duration": "00:01:35",
  "training_start_epoch": 0,
  "training_epochs": 15,
  "epoch": 15,
  "training_start_acc": 0.7558139534883721,
  "training_end_acc": 0.7441860465116279,
  "training_span_acc": 0.6561461794019934,
  "training_em": 0.6428571428571429,
  "training_f1": 0.7595889734742906,
  "training_loss": 1.5633853720991235,
  "training_cpu_memory_MB": 3632.992,
  "training_gpu_0_memory_MB": 10,
  "training_gpu_1_memory_MB": 10,
  "training_gpu_2_memory_MB": 10,
  "training_gpu_3_memory_MB": 5739,
  "validation_start_acc": 0.06593406593406594,
  "validation_end_acc": 0.07692307692307693,
  "validation_span_acc": 0.03296703296703297,
  "validation_em": 0.03296703296703297,
  "validation_f1": 0.16934507316580044,
  "validation_loss": 12.819785118103027,
  "best_validation_start_acc": 0.08791208791208792,
  "best_validation_end_acc": 0.14285714285714285,
  "best_validation_span_acc": 0.054945054945054944,
  "best_validation_em": 0.054945054945054944,
  "best_validation_f1": 0.17285325502649285,
  "best_validation_loss": 8.28536081314087
}