{
  "best_epoch": 4,
  "peak_cpu_memory_MB": 3626.016,
  "peak_gpu_0_memory_MB": 10787,
  "peak_gpu_1_memory_MB": 4159,
  "peak_gpu_2_memory_MB": 7173,
  "peak_gpu_3_memory_MB": 4159,
  "training_duration": "00:09:04",
  "training_start_epoch": 0,
  "training_epochs": 13,
  "epoch": 13,
  "training_start_acc": 0.9839506172839506,
  "training_end_acc": 0.991358024691358,
  "training_span_acc": 0.9864197530864197,
  "training_em": 0.9469135802469136,
  "training_f1": 0.9734733050568561,
  "training_loss": 0.07900087448640489,
  "training_cpu_memory_MB": 3626.016,
  "training_gpu_0_memory_MB": 10787,
  "training_gpu_1_memory_MB": 4159,
  "training_gpu_2_memory_MB": 7173,
  "training_gpu_3_memory_MB": 4159,
  "validation_start_acc": 0.2,
  "validation_end_acc": 0.32222222222222224,
  "validation_span_acc": 0.1111111111111111,
  "validation_em": 0.13333333333333333,
  "validation_f1": 0.36889732638709727,
  "validation_loss": 10.68018635114034,
  "best_validation_start_acc": 0.2,
  "best_validation_end_acc": 0.2222222222222222,
  "best_validation_span_acc": 0.12222222222222222,
  "best_validation_em": 0.15555555555555556,
  "best_validation_f1": 0.36092390803666424,
  "best_validation_loss": 7.196423451105754
}