{
  "best_epoch": 0,
  "peak_cpu_memory_MB": 2652.268,
  "peak_gpu_0_memory_MB": 10787,
  "peak_gpu_1_memory_MB": 10,
  "peak_gpu_2_memory_MB": 10,
  "peak_gpu_3_memory_MB": 5917,
  "training_duration": "00:00:22",
  "training_start_epoch": 0,
  "training_epochs": 9,
  "epoch": 9,
  "training_start_acc": 0.023255813953488372,
  "training_end_acc": 0.023255813953488372,
  "training_span_acc": 0.0,
  "training_em": 0.0,
  "training_f1": 0.13177070813817315,
  "training_loss": 9.933458805084229,
  "training_cpu_memory_MB": 2652.268,
  "training_gpu_0_memory_MB": 10787,
  "training_gpu_1_memory_MB": 10,
  "training_gpu_2_memory_MB": 10,
  "training_gpu_3_memory_MB": 5917,
  "validation_start_acc": 0.02197802197802198,
  "validation_end_acc": 0.03296703296703297,
  "validation_span_acc": 0.0,
  "validation_em": 0.0,
  "validation_f1": 0.1594228991709496,
  "validation_loss": 9.755833307902018,
  "best_validation_start_acc": 0.02197802197802198,
  "best_validation_end_acc": 0.03296703296703297,
  "best_validation_span_acc": 0.0,
  "best_validation_em": 0.0,
  "best_validation_f1": 0.13526660475063917,
  "best_validation_loss": 9.814956506093344
}