{
  "best_epoch": 4,
  "peak_cpu_memory_MB": 3632.992,
  "peak_gpu_0_memory_MB": 10,
  "peak_gpu_1_memory_MB": 10,
  "peak_gpu_2_memory_MB": 10,
  "peak_gpu_3_memory_MB": 5733,
  "training_duration": "00:01:54",
  "training_start_epoch": 0,
  "training_epochs": 13,
  "epoch": 13,
  "training_start_acc": 0.5348837209302325,
  "training_end_acc": 0.45348837209302323,
  "training_span_acc": 0.38372093023255816,
  "training_em": 0.37209302325581395,
  "training_f1": 0.45706668797704203,
  "training_loss": 2.7760909597078958,
  "training_cpu_memory_MB": 3632.992,
  "training_gpu_0_memory_MB": 10,
  "training_gpu_1_memory_MB": 10,
  "training_gpu_2_memory_MB": 10,
  "training_gpu_3_memory_MB": 5733,
  "validation_start_acc": 0.07777777777777778,
  "validation_end_acc": 0.06666666666666667,
  "validation_span_acc": 0.022222222222222223,
  "validation_em": 0.03333333333333333,
  "validation_f1": 0.1498653064121305,
  "validation_loss": 10.630770365397135,
  "best_validation_start_acc": 0.08888888888888889,
  "best_validation_end_acc": 0.044444444444444446,
  "best_validation_span_acc": 0.022222222222222223,
  "best_validation_em": 0.044444444444444446,
  "best_validation_f1": 0.1583270416346711,
  "best_validation_loss": 9.553319295247396
}