{
  "best_epoch": 8,
  "peak_cpu_memory_MB": 3656.296,
  "peak_gpu_0_memory_MB": 10,
  "peak_gpu_1_memory_MB": 10,
  "peak_gpu_2_memory_MB": 10,
  "peak_gpu_3_memory_MB": 5705,
  "training_duration": "00:08:31",
  "training_start_epoch": 0,
  "training_epochs": 17,
  "epoch": 17,
  "training_start_acc": 0.9899497487437185,
  "training_end_acc": 0.9932998324958124,
  "training_span_acc": 0.9899497487437185,
  "training_em": 0.948073701842546,
  "training_f1": 0.9762231098691045,
  "training_loss": 0.06678938660403028,
  "training_cpu_memory_MB": 3656.296,
  "training_gpu_0_memory_MB": 10,
  "training_gpu_1_memory_MB": 10,
  "training_gpu_2_memory_MB": 10,
  "training_gpu_3_memory_MB": 5705,
  "validation_start_acc": 0.17777777777777778,
  "validation_end_acc": 0.15555555555555556,
  "validation_span_acc": 0.06666666666666667,
  "validation_em": 0.06666666666666667,
  "validation_f1": 0.24422576170789181,
  "validation_loss": 13.636054515838623,
  "best_validation_start_acc": 0.16666666666666666,
  "best_validation_end_acc": 0.15555555555555556,
  "best_validation_span_acc": 0.08888888888888889,
  "best_validation_em": 0.08888888888888889,
  "best_validation_f1": 0.23151222543955427,
  "best_validation_loss": 8.992604414621988
}