{
  "best_epoch": 18,
  "peak_cpu_memory_MB": 3632.992,
  "peak_gpu_0_memory_MB": 10,
  "peak_gpu_1_memory_MB": 10,
  "peak_gpu_2_memory_MB": 10,
  "peak_gpu_3_memory_MB": 5731,
  "training_duration": "00:04:11",
  "training_start_epoch": 0,
  "training_epochs": 19,
  "epoch": 19,
  "training_start_acc": 0.9894736842105263,
  "training_end_acc": 0.9894736842105263,
  "training_span_acc": 0.9947368421052631,
  "training_em": 0.9526315789473684,
  "training_f1": 0.9753372676141556,
  "training_loss": 0.1789072019358476,
  "training_cpu_memory_MB": 3632.992,
  "training_gpu_0_memory_MB": 10,
  "training_gpu_1_memory_MB": 10,
  "training_gpu_2_memory_MB": 10,
  "training_gpu_3_memory_MB": 5731,
  "validation_start_acc": 0.13333333333333333,
  "validation_end_acc": 0.13333333333333333,
  "validation_span_acc": 0.05555555555555555,
  "validation_em": 0.07777777777777778,
  "validation_f1": 0.19833694854633505,
  "validation_loss": 10.612493515014648,
  "best_validation_start_acc": 0.14444444444444443,
  "best_validation_end_acc": 0.1111111111111111,
  "best_validation_span_acc": 0.06666666666666667,
  "best_validation_em": 0.08888888888888889,
  "best_validation_f1": 0.22487067078554687,
  "best_validation_loss": 11.345725218454996
}