{
  "best_epoch": 12,
  "peak_cpu_memory_MB": 3867.7,
  "peak_gpu_0_memory_MB": 10,
  "peak_gpu_1_memory_MB": 10,
  "peak_gpu_2_memory_MB": 10,
  "peak_gpu_3_memory_MB": 6395,
  "training_duration": "00:10:11",
  "training_start_epoch": 0,
  "training_epochs": 19,
  "epoch": 19,
  "training_start_acc": 0.6671597633136095,
  "training_end_acc": 0.7751479289940828,
  "training_span_acc": 0.5044378698224852,
  "training_em": 0.5044378698224852,
  "training_f1": 0.8096514768889264,
  "training_loss": 0.9506700454756271,
  "training_cpu_memory_MB": 3867.7,
  "training_gpu_0_memory_MB": 10,
  "training_gpu_1_memory_MB": 10,
  "training_gpu_2_memory_MB": 10,
  "training_gpu_3_memory_MB": 6395,
  "validation_start_acc": 0.16091954022988506,
  "validation_end_acc": 0.21839080459770116,
  "validation_span_acc": 0.08045977011494253,
  "validation_em": 0.16091954022988506,
  "validation_f1": 0.37247207798886134,
  "validation_loss": 10.602239767710367,
  "best_validation_start_acc": 0.14942528735632185,
  "best_validation_end_acc": 0.20689655172413793,
  "best_validation_span_acc": 0.10344827586206896,
  "best_validation_em": 0.20689655172413793,
  "best_validation_f1": 0.4193250512326165,
  "best_validation_loss": 9.926416397094727
}