{
  "best_epoch": 14,
  "peak_cpu_memory_MB": 2708.152,
  "peak_gpu_0_memory_MB": 8903,
  "peak_gpu_1_memory_MB": 10,
  "peak_gpu_2_memory_MB": 10,
  "peak_gpu_3_memory_MB": 4867,
  "training_duration": "00:02:07",
  "training_start_epoch": 0,
  "training_epochs": 19,
  "epoch": 19,
  "training_start_acc": 0.9253731343283582,
  "training_end_acc": 0.9270315091210614,
  "training_span_acc": 0.8872305140961857,
  "training_em": 0.8888888888888888,
  "training_f1": 0.9531779564468065,
  "training_loss": 0.5589712999368969,
  "training_cpu_memory_MB": 2708.152,
  "training_gpu_0_memory_MB": 8903,
  "training_gpu_1_memory_MB": 10,
  "training_gpu_2_memory_MB": 10,
  "training_gpu_3_memory_MB": 4867,
  "validation_start_acc": 0.1111111111111111,
  "validation_end_acc": 0.16666666666666666,
  "validation_span_acc": 0.07777777777777778,
  "validation_em": 0.1,
  "validation_f1": 0.2477441986254854,
  "validation_loss": 14.214967409769693,
  "best_validation_start_acc": 0.12222222222222222,
  "best_validation_end_acc": 0.16666666666666666,
  "best_validation_span_acc": 0.08888888888888889,
  "best_validation_em": 0.1111111111111111,
  "best_validation_f1": 0.2796459585116223,
  "best_validation_loss": 11.020511468251547
}