{
  "best_epoch": 18,
  "peak_cpu_memory_MB": 3853.092,
  "peak_gpu_0_memory_MB": 10787,
  "peak_gpu_1_memory_MB": 6755,
  "peak_gpu_2_memory_MB": 7173,
  "peak_gpu_3_memory_MB": 6755,
  "training_duration": "00:16:21",
  "training_start_epoch": 0,
  "training_epochs": 19,
  "epoch": 19,
  "training_start_acc": 0.6957364341085271,
  "training_end_acc": 0.7625968992248062,
  "training_span_acc": 0.5242248062015504,
  "training_em": 0.5339147286821705,
  "training_f1": 0.8273320421329206,
  "training_loss": 0.9191983025807601,
  "training_cpu_memory_MB": 3853.092,
  "training_gpu_0_memory_MB": 10787,
  "training_gpu_1_memory_MB": 6755,
  "training_gpu_2_memory_MB": 7173,
  "training_gpu_3_memory_MB": 6755,
  "validation_start_acc": 0.17777777777777778,
  "validation_end_acc": 0.3,
  "validation_span_acc": 0.14444444444444443,
  "validation_em": 0.14444444444444443,
  "validation_f1": 0.3568465670184736,
  "validation_loss": 9.831618070602417,
  "best_validation_start_acc": 0.2111111111111111,
  "best_validation_end_acc": 0.3333333333333333,
  "best_validation_span_acc": 0.15555555555555556,
  "best_validation_em": 0.15555555555555556,
  "best_validation_f1": 0.37287656943559866,
  "best_validation_loss": 9.755872885386148
}