{
  "best_epoch": 7,
  "peak_cpu_memory_MB": 3866.676,
  "peak_gpu_0_memory_MB": 10,
  "peak_gpu_1_memory_MB": 10,
  "peak_gpu_2_memory_MB": 10,
  "peak_gpu_3_memory_MB": 4237,
  "training_duration": "00:12:47",
  "training_start_epoch": 0,
  "training_epochs": 16,
  "epoch": 16,
  "training_start_acc": 0.6857949200376293,
  "training_end_acc": 0.7441204139228599,
  "training_span_acc": 0.5079962370649106,
  "training_em": 0.5183443085606774,
  "training_f1": 0.8112707374122952,
  "training_loss": 1.0106314656449789,
  "training_cpu_memory_MB": 3866.676,
  "training_gpu_0_memory_MB": 10,
  "training_gpu_1_memory_MB": 10,
  "training_gpu_2_memory_MB": 10,
  "training_gpu_3_memory_MB": 4237,
  "validation_start_acc": 0.2222222222222222,
  "validation_end_acc": 0.26666666666666666,
  "validation_span_acc": 0.08888888888888889,
  "validation_em": 0.1111111111111111,
  "validation_f1": 0.32664478648933126,
  "validation_loss": 9.045324166615805,
  "best_validation_start_acc": 0.14444444444444443,
  "best_validation_end_acc": 0.26666666666666666,
  "best_validation_span_acc": 0.1111111111111111,
  "best_validation_em": 0.1111111111111111,
  "best_validation_f1": 0.2849088044217245,
  "best_validation_loss": 7.722401698430379
}