{
  "best_epoch": 12,
  "peak_cpu_memory_MB": 3867.7,
  "peak_gpu_0_memory_MB": 10,
  "peak_gpu_1_memory_MB": 10,
  "peak_gpu_2_memory_MB": 10,
  "peak_gpu_3_memory_MB": 6395,
  "training_duration": "00:10:26",
  "training_start_epoch": 0,
  "training_epochs": 19,
  "epoch": 19,
  "training_start_acc": 0.7021897810218978,
  "training_end_acc": 0.7868613138686131,
  "training_span_acc": 0.5299270072992701,
  "training_em": 0.527007299270073,
  "training_f1": 0.8291797886306242,
  "training_loss": 0.9175516159035438,
  "training_cpu_memory_MB": 3867.7,
  "training_gpu_0_memory_MB": 10,
  "training_gpu_1_memory_MB": 10,
  "training_gpu_2_memory_MB": 10,
  "training_gpu_3_memory_MB": 6395,
  "validation_start_acc": 0.16666666666666666,
  "validation_end_acc": 0.12222222222222222,
  "validation_span_acc": 0.05555555555555555,
  "validation_em": 0.06666666666666667,
  "validation_f1": 0.26995823094807686,
  "validation_loss": 10.627800146738688,
  "best_validation_start_acc": 0.14444444444444443,
  "best_validation_end_acc": 0.16666666666666666,
  "best_validation_span_acc": 0.06666666666666667,
  "best_validation_em": 0.1,
  "best_validation_f1": 0.27547712641283145,
  "best_validation_loss": 9.587842543919882
}