{
  "best_epoch": 17,
  "peak_cpu_memory_MB": 3632.992,
  "peak_gpu_0_memory_MB": 10,
  "peak_gpu_1_memory_MB": 10,
  "peak_gpu_2_memory_MB": 10,
  "peak_gpu_3_memory_MB": 5729,
  "training_duration": "00:12:14",
  "training_start_epoch": 0,
  "training_epochs": 19,
  "epoch": 19,
  "training_start_acc": 0.9850249584026622,
  "training_end_acc": 0.9933444259567388,
  "training_span_acc": 0.9850249584026622,
  "training_em": 0.9434276206322796,
  "training_f1": 0.9769261644738394,
  "training_loss": 0.05853694325349735,
  "training_cpu_memory_MB": 3632.992,
  "training_gpu_0_memory_MB": 10,
  "training_gpu_1_memory_MB": 10,
  "training_gpu_2_memory_MB": 10,
  "training_gpu_3_memory_MB": 5729,
  "validation_start_acc": 0.18681318681318682,
  "validation_end_acc": 0.24175824175824176,
  "validation_span_acc": 0.14285714285714285,
  "validation_em": 0.15384615384615385,
  "validation_f1": 0.30677293851796206,
  "validation_loss": 12.337933540344238,
  "best_validation_start_acc": 0.18681318681318682,
  "best_validation_end_acc": 0.2087912087912088,
  "best_validation_span_acc": 0.15384615384615385,
  "best_validation_em": 0.17582417582417584,
  "best_validation_f1": 0.2988398015059011,
  "best_validation_loss": 12.55611022313436
}