{
  "best_epoch": 14,
  "peak_cpu_memory_MB": 3866.676,
  "peak_gpu_0_memory_MB": 10,
  "peak_gpu_1_memory_MB": 10,
  "peak_gpu_2_memory_MB": 10,
  "peak_gpu_3_memory_MB": 4237,
  "training_duration": "00:05:56",
  "training_start_epoch": 0,
  "training_epochs": 19,
  "epoch": 19,
  "training_start_acc": 0.7079646017699115,
  "training_end_acc": 0.7610619469026548,
  "training_span_acc": 0.5368731563421829,
  "training_em": 0.5486725663716814,
  "training_f1": 0.8123400465080228,
  "training_loss": 1.0169043270024387,
  "training_cpu_memory_MB": 3866.676,
  "training_gpu_0_memory_MB": 10,
  "training_gpu_1_memory_MB": 10,
  "training_gpu_2_memory_MB": 10,
  "training_gpu_3_memory_MB": 4237,
  "validation_start_acc": 0.10344827586206896,
  "validation_end_acc": 0.10344827586206896,
  "validation_span_acc": 0.04597701149425287,
  "validation_em": 0.04597701149425287,
  "validation_f1": 0.20176582878118698,
  "validation_loss": 12.034191926320394,
  "best_validation_start_acc": 0.10344827586206896,
  "best_validation_end_acc": 0.11494252873563218,
  "best_validation_span_acc": 0.05747126436781609,
  "best_validation_em": 0.05747126436781609,
  "best_validation_f1": 0.21292040422367053,
  "best_validation_loss": 11.621941566467285
}