{
  "best_epoch": 12,
  "peak_cpu_memory_MB": 3853.092,
  "peak_gpu_0_memory_MB": 10787,
  "peak_gpu_1_memory_MB": 6755,
  "peak_gpu_2_memory_MB": 7173,
  "peak_gpu_3_memory_MB": 6755,
  "training_duration": "00:16:25",
  "training_start_epoch": 0,
  "training_epochs": 19,
  "epoch": 19,
  "training_start_acc": 0.7105769230769231,
  "training_end_acc": 0.7740384615384616,
  "training_span_acc": 0.5413461538461538,
  "training_em": 0.5471153846153847,
  "training_f1": 0.8314609822191419,
  "training_loss": 0.8807623313023494,
  "training_cpu_memory_MB": 3853.092,
  "training_gpu_0_memory_MB": 10787,
  "training_gpu_1_memory_MB": 6755,
  "training_gpu_2_memory_MB": 7173,
  "training_gpu_3_memory_MB": 6755,
  "validation_start_acc": 0.15555555555555556,
  "validation_end_acc": 0.2222222222222222,
  "validation_span_acc": 0.08888888888888889,
  "validation_em": 0.12222222222222222,
  "validation_f1": 0.3332449528561159,
  "validation_loss": 9.962751706441244,
  "best_validation_start_acc": 0.26666666666666666,
  "best_validation_end_acc": 0.28888888888888886,
  "best_validation_span_acc": 0.13333333333333333,
  "best_validation_em": 0.15555555555555556,
  "best_validation_f1": 0.40233294500435435,
  "best_validation_loss": 8.043467203776041
}