{
  "best_epoch": 10,
  "peak_cpu_memory_MB": 3853.092,
  "peak_gpu_0_memory_MB": 10787,
  "peak_gpu_1_memory_MB": 10,
  "peak_gpu_2_memory_MB": 7173,
  "peak_gpu_3_memory_MB": 10,
  "training_duration": "00:10:32",
  "training_start_epoch": 0,
  "training_epochs": 19,
  "epoch": 19,
  "training_start_acc": 0.6910688140556369,
  "training_end_acc": 0.7686676427525623,
  "training_span_acc": 0.5197657393850659,
  "training_em": 0.5212298682284041,
  "training_f1": 0.8288871009262018,
  "training_loss": 0.9591987590457118,
  "training_cpu_memory_MB": 3853.092,
  "training_gpu_0_memory_MB": 10787,
  "training_gpu_1_memory_MB": 10,
  "training_gpu_2_memory_MB": 7173,
  "training_gpu_3_memory_MB": 10,
  "validation_start_acc": 0.1111111111111111,
  "validation_end_acc": 0.2222222222222222,
  "validation_span_acc": 0.05555555555555555,
  "validation_em": 0.06666666666666667,
  "validation_f1": 0.2810044090850498,
  "validation_loss": 10.022489627202352,
  "best_validation_start_acc": 0.12222222222222222,
  "best_validation_end_acc": 0.2222222222222222,
  "best_validation_span_acc": 0.06666666666666667,
  "best_validation_em": 0.1,
  "best_validation_f1": 0.25417130729202414,
  "best_validation_loss": 8.188411792119345
}