{
  "best_epoch": 0,
  "peak_cpu_memory_MB": 4614.648,
  "peak_gpu_0_memory_MB": 10,
  "peak_gpu_1_memory_MB": 10,
  "peak_gpu_2_memory_MB": 4415,
  "peak_gpu_3_memory_MB": 1993,
  "training_duration": "00:00:32",
  "training_start_epoch": 0,
  "training_epochs": 9,
  "epoch": 9,
  "training_start_acc": 0.025477707006369428,
  "training_end_acc": 0.08917197452229299,
  "training_span_acc": 0.006369426751592357,
  "training_em": 0.006369426751592357,
  "training_f1": 0.11982711110927562,
  "training_loss": 9.264967250823975,
  "training_cpu_memory_MB": 4614.648,
  "training_gpu_0_memory_MB": 10,
  "training_gpu_1_memory_MB": 10,
  "training_gpu_2_memory_MB": 4415,
  "training_gpu_3_memory_MB": 1993,
  "validation_start_acc": 0.022222222222222223,
  "validation_end_acc": 0.044444444444444446,
  "validation_span_acc": 0.0,
  "validation_em": 0.0,
  "validation_f1": 0.14969765693741974,
  "validation_loss": 9.360253969828287,
  "best_validation_start_acc": 0.022222222222222223,
  "best_validation_end_acc": 0.0,
  "best_validation_span_acc": 0.0,
  "best_validation_em": 0.0,
  "best_validation_f1": 0.14261640725463748,
  "best_validation_loss": 9.76884126663208
}