{
  "best_epoch": 6,
  "peak_cpu_memory_MB": 3653.812,
  "peak_gpu_0_memory_MB": 10,
  "peak_gpu_1_memory_MB": 10,
  "peak_gpu_2_memory_MB": 10,
  "peak_gpu_3_memory_MB": 4761,
  "training_duration": "00:09:28",
  "training_start_epoch": 0,
  "training_epochs": 15,
  "epoch": 15,
  "training_start_acc": 0.9925925925925926,
  "training_end_acc": 0.9864197530864197,
  "training_span_acc": 0.9864197530864197,
  "training_em": 0.9493827160493827,
  "training_f1": 0.9733449198008407,
  "training_loss": 0.06775267704335206,
  "training_cpu_memory_MB": 3653.812,
  "training_gpu_0_memory_MB": 10,
  "training_gpu_1_memory_MB": 10,
  "training_gpu_2_memory_MB": 10,
  "training_gpu_3_memory_MB": 4761,
  "validation_start_acc": 0.18888888888888888,
  "validation_end_acc": 0.2777777777777778,
  "validation_span_acc": 0.1111111111111111,
  "validation_em": 0.1111111111111111,
  "validation_f1": 0.3273885199776888,
  "validation_loss": 12.15121571222941,
  "best_validation_start_acc": 0.18888888888888888,
  "best_validation_end_acc": 0.23333333333333334,
  "best_validation_span_acc": 0.12222222222222222,
  "best_validation_em": 0.13333333333333333,
  "best_validation_f1": 0.3127149986787485,
  "best_validation_loss": 7.89965804417928
}