{
  "best_epoch": 1,
  "peak_cpu_memory_MB": 4614.648,
  "peak_gpu_0_memory_MB": 10,
  "peak_gpu_1_memory_MB": 10,
  "peak_gpu_2_memory_MB": 4413,
  "peak_gpu_3_memory_MB": 1993,
  "training_duration": "00:02:03",
  "training_start_epoch": 0,
  "training_epochs": 10,
  "epoch": 10,
  "training_start_acc": 0.020289855072463767,
  "training_end_acc": 0.13043478260869565,
  "training_span_acc": 0.004347826086956522,
  "training_em": 0.005797101449275362,
  "training_f1": 0.17210427133077896,
  "training_loss": 8.281409913843328,
  "training_cpu_memory_MB": 4614.648,
  "training_gpu_0_memory_MB": 10,
  "training_gpu_1_memory_MB": 10,
  "training_gpu_2_memory_MB": 4413,
  "training_gpu_3_memory_MB": 1993,
  "validation_start_acc": 0.0,
  "validation_end_acc": 0.1,
  "validation_span_acc": 0.0,
  "validation_em": 0.0,
  "validation_f1": 0.18038388997821017,
  "validation_loss": 8.381381750106812,
  "best_validation_start_acc": 0.011111111111111112,
  "best_validation_end_acc": 0.1,
  "best_validation_span_acc": 0.0,
  "best_validation_em": 0.011111111111111112,
  "best_validation_f1": 0.19508050402002605,
  "best_validation_loss": 9.025817235310873
}