{
  "best_epoch": 16,
  "peak_cpu_memory_MB": 2658.132,
  "peak_gpu_0_memory_MB": 10787,
  "peak_gpu_1_memory_MB": 10,
  "peak_gpu_2_memory_MB": 10,
  "peak_gpu_3_memory_MB": 8858,
  "training_duration": "00:04:40",
  "training_start_epoch": 0,
  "training_epochs": 19,
  "epoch": 19,
  "training_start_acc": 0.6390605686032138,
  "training_end_acc": 0.7898640296662547,
  "training_span_acc": 0.5661310259579728,
  "training_em": 0.5648949320148331,
  "training_f1": 0.7778338897564031,
  "training_loss": 1.8999713787845536,
  "training_cpu_memory_MB": 2658.132,
  "training_gpu_0_memory_MB": 10787,
  "training_gpu_1_memory_MB": 10,
  "training_gpu_2_memory_MB": 10,
  "training_gpu_3_memory_MB": 8858,
  "validation_start_acc": 0.1978021978021978,
  "validation_end_acc": 0.21978021978021978,
  "validation_span_acc": 0.0989010989010989,
  "validation_em": 0.14285714285714285,
  "validation_f1": 0.3128525706840614,
  "validation_loss": 9.416983842849731,
  "best_validation_start_acc": 0.13186813186813187,
  "best_validation_end_acc": 0.23076923076923078,
  "best_validation_span_acc": 0.07692307692307693,
  "best_validation_em": 0.14285714285714285,
  "best_validation_f1": 0.30197299896570495,
  "best_validation_loss": 9.240384101867676
}