{
  "best_epoch": 12,
  "peak_cpu_memory_MB": 3621.028,
  "peak_gpu_0_memory_MB": 10787,
  "peak_gpu_1_memory_MB": 6755,
  "peak_gpu_2_memory_MB": 7173,
  "peak_gpu_3_memory_MB": 6755,
  "training_duration": "00:04:20",
  "training_start_epoch": 0,
  "training_epochs": 19,
  "epoch": 19,
  "training_start_acc": 0.9903846153846154,
  "training_end_acc": 1.0,
  "training_span_acc": 0.9951923076923077,
  "training_em": 0.9615384615384616,
  "training_f1": 0.9834439784177442,
  "training_loss": 0.0513257749665242,
  "training_cpu_memory_MB": 3621.028,
  "training_gpu_0_memory_MB": 10787,
  "training_gpu_1_memory_MB": 6755,
  "training_gpu_2_memory_MB": 7173,
  "training_gpu_3_memory_MB": 6755,
  "validation_start_acc": 0.07777777777777778,
  "validation_end_acc": 0.12222222222222222,
  "validation_span_acc": 0.03333333333333333,
  "validation_em": 0.03333333333333333,
  "validation_f1": 0.17617703357513478,
  "validation_loss": 12.11397647857666,
  "best_validation_start_acc": 0.1111111111111111,
  "best_validation_end_acc": 0.13333333333333333,
  "best_validation_span_acc": 0.05555555555555555,
  "best_validation_em": 0.05555555555555555,
  "best_validation_f1": 0.21389992864844715,
  "best_validation_loss": 11.18843126296997
}