{
  "best_epoch": 0,
  "peak_cpu_memory_MB": 3656.296,
  "peak_gpu_0_memory_MB": 10,
  "peak_gpu_1_memory_MB": 10,
  "peak_gpu_2_memory_MB": 10,
  "peak_gpu_3_memory_MB": 5713,
  "training_duration": "00:01:20",
  "training_start_epoch": 0,
  "training_epochs": 9,
  "epoch": 9,
  "training_start_acc": 0.3076923076923077,
  "training_end_acc": 0.3076923076923077,
  "training_span_acc": 0.21978021978021978,
  "training_em": 0.21978021978021978,
  "training_f1": 0.30782743430264525,
  "training_loss": 3.450255791346232,
  "training_cpu_memory_MB": 3656.296,
  "training_gpu_0_memory_MB": 10,
  "training_gpu_1_memory_MB": 10,
  "training_gpu_2_memory_MB": 10,
  "training_gpu_3_memory_MB": 5713,
  "validation_start_acc": 0.08045977011494253,
  "validation_end_acc": 0.06896551724137931,
  "validation_span_acc": 0.022988505747126436,
  "validation_em": 0.022988505747126436,
  "validation_f1": 0.16458758148601346,
  "validation_loss": 9.543150901794434,
  "best_validation_start_acc": 0.06896551724137931,
  "best_validation_end_acc": 0.09195402298850575,
  "best_validation_span_acc": 0.034482758620689655,
  "best_validation_em": 0.034482758620689655,
  "best_validation_f1": 0.16737394944630435,
  "best_validation_loss": 9.467529773712158
}