{
  "best_epoch": 8,
  "peak_cpu_memory_MB": 3534.384,
  "peak_gpu_0_memory_MB": 8903,
  "peak_gpu_1_memory_MB": 10,
  "peak_gpu_2_memory_MB": 10,
  "peak_gpu_3_memory_MB": 4785,
  "training_duration": "00:11:02",
  "training_start_epoch": 0,
  "training_epochs": 17,
  "epoch": 17,
  "training_start_acc": 0.9962962962962963,
  "training_end_acc": 0.9950617283950617,
  "training_span_acc": 0.9938271604938271,
  "training_em": 0.9543209876543209,
  "training_f1": 0.9814143250463041,
  "training_loss": 0.038651209744606535,
  "training_cpu_memory_MB": 3534.384,
  "training_gpu_0_memory_MB": 8903,
  "training_gpu_1_memory_MB": 10,
  "training_gpu_2_memory_MB": 10,
  "training_gpu_3_memory_MB": 4785,
  "validation_start_acc": 0.17777777777777778,
  "validation_end_acc": 0.15555555555555556,
  "validation_span_acc": 0.05555555555555555,
  "validation_em": 0.07777777777777778,
  "validation_f1": 0.22705589950063287,
  "validation_loss": 15.807512760162354,
  "best_validation_start_acc": 0.15555555555555556,
  "best_validation_end_acc": 0.15555555555555556,
  "best_validation_span_acc": 0.07777777777777778,
  "best_validation_em": 0.1,
  "best_validation_f1": 0.23259579368187214,
  "best_validation_loss": 11.108298619588217
}