{
  "best_epoch": 14,
  "peak_cpu_memory_MB": 2666.48,
  "peak_gpu_0_memory_MB": 10787,
  "peak_gpu_1_memory_MB": 10,
  "peak_gpu_2_memory_MB": 10,
  "peak_gpu_3_memory_MB": 8858,
  "training_duration": "00:05:15",
  "training_start_epoch": 0,
  "training_epochs": 19,
  "epoch": 19,
  "training_start_acc": 0.8098765432098766,
  "training_end_acc": 0.8827160493827161,
  "training_span_acc": 0.7666666666666667,
  "training_em": 0.7604938271604939,
  "training_f1": 0.8897682824186002,
  "training_loss": 1.0399376107197182,
  "training_cpu_memory_MB": 2666.48,
  "training_gpu_0_memory_MB": 10787,
  "training_gpu_1_memory_MB": 10,
  "training_gpu_2_memory_MB": 10,
  "training_gpu_3_memory_MB": 8858,
  "validation_start_acc": 0.15555555555555556,
  "validation_end_acc": 0.2111111111111111,
  "validation_span_acc": 0.1111111111111111,
  "validation_em": 0.13333333333333333,
  "validation_f1": 0.2637229855064869,
  "validation_loss": 13.312394936879477,
  "best_validation_start_acc": 0.2,
  "best_validation_end_acc": 0.23333333333333334,
  "best_validation_span_acc": 0.15555555555555556,
  "best_validation_em": 0.16666666666666666,
  "best_validation_f1": 0.3064922482577485,
  "best_validation_loss": 10.281407674153646
}