{
  "best_epoch": 8,
  "peak_cpu_memory_MB": 4614.648,
  "peak_gpu_0_memory_MB": 10,
  "peak_gpu_1_memory_MB": 10,
  "peak_gpu_2_memory_MB": 4415,
  "peak_gpu_3_memory_MB": 1993,
  "training_duration": "00:01:38",
  "training_start_epoch": 0,
  "training_epochs": 17,
  "epoch": 17,
  "training_start_acc": 0.012345679012345678,
  "training_end_acc": 0.15432098765432098,
  "training_span_acc": 0.0,
  "training_em": 0.0030864197530864196,
  "training_f1": 0.18959515604756674,
  "training_loss": 8.210004806518555,
  "training_cpu_memory_MB": 4614.648,
  "training_gpu_0_memory_MB": 10,
  "training_gpu_1_memory_MB": 10,
  "training_gpu_2_memory_MB": 4415,
  "training_gpu_3_memory_MB": 1993,
  "validation_start_acc": 0.022222222222222223,
  "validation_end_acc": 0.06666666666666667,
  "validation_span_acc": 0.0,
  "validation_em": 0.011111111111111112,
  "validation_f1": 0.17963317597160613,
  "validation_loss": 8.712910334269205,
  "best_validation_start_acc": 0.011111111111111112,
  "best_validation_end_acc": 0.044444444444444446,
  "best_validation_span_acc": 0.0,
  "best_validation_em": 0.011111111111111112,
  "best_validation_f1": 0.18890918972433607,
  "best_validation_loss": 8.78516944249471
}