{
  "best_epoch": 5,
  "peak_cpu_memory_MB": 3879.86,
  "peak_gpu_0_memory_MB": 10,
  "peak_gpu_1_memory_MB": 10,
  "peak_gpu_2_memory_MB": 10,
  "peak_gpu_3_memory_MB": 4237,
  "training_duration": "00:07:58",
  "training_start_epoch": 0,
  "training_epochs": 14,
  "epoch": 14,
  "training_start_acc": 0.6610407876230661,
  "training_end_acc": 0.7665260196905767,
  "training_span_acc": 0.5021097046413502,
  "training_em": 0.5189873417721519,
  "training_f1": 0.8207175878829713,
  "training_loss": 1.0876559522416858,
  "training_cpu_memory_MB": 3879.86,
  "training_gpu_0_memory_MB": 10,
  "training_gpu_1_memory_MB": 10,
  "training_gpu_2_memory_MB": 10,
  "training_gpu_3_memory_MB": 4237,
  "validation_start_acc": 0.15555555555555556,
  "validation_end_acc": 0.2,
  "validation_span_acc": 0.05555555555555555,
  "validation_em": 0.07777777777777778,
  "validation_f1": 0.3137702287096757,
  "validation_loss": 8.570765733718872,
  "best_validation_start_acc": 0.16666666666666666,
  "best_validation_end_acc": 0.2111111111111111,
  "best_validation_span_acc": 0.07777777777777778,
  "best_validation_em": 0.12222222222222222,
  "best_validation_f1": 0.3269806249452554,
  "best_validation_loss": 7.078804651896159
}