{
  "best_epoch": 6,
  "peak_cpu_memory_MB": 3626.016,
  "peak_gpu_0_memory_MB": 10787,
  "peak_gpu_1_memory_MB": 6755,
  "peak_gpu_2_memory_MB": 7173,
  "peak_gpu_3_memory_MB": 6755,
  "training_duration": "00:02:21",
  "training_start_epoch": 0,
  "training_epochs": 15,
  "epoch": 15,
  "training_start_acc": 0.8823529411764706,
  "training_end_acc": 0.8705882352941177,
  "training_span_acc": 0.8823529411764706,
  "training_em": 0.8352941176470589,
  "training_f1": 0.9060152303577184,
  "training_loss": 1.0179329216480255,
  "training_cpu_memory_MB": 3626.016,
  "training_gpu_0_memory_MB": 10787,
  "training_gpu_1_memory_MB": 6755,
  "training_gpu_2_memory_MB": 7173,
  "training_gpu_3_memory_MB": 6755,
  "validation_start_acc": 0.044444444444444446,
  "validation_end_acc": 0.03333333333333333,
  "validation_span_acc": 0.022222222222222223,
  "validation_em": 0.03333333333333333,
  "validation_f1": 0.17063790975872722,
  "validation_loss": 10.970675945281982,
  "best_validation_start_acc": 0.05555555555555555,
  "best_validation_end_acc": 0.05555555555555555,
  "best_validation_span_acc": 0.044444444444444446,
  "best_validation_em": 0.044444444444444446,
  "best_validation_f1": 0.17112935579359043,
  "best_validation_loss": 10.213092803955078
}