{
  "best_epoch": 12,
  "peak_cpu_memory_MB": 2708.152,
  "peak_gpu_0_memory_MB": 8903,
  "peak_gpu_1_memory_MB": 10,
  "peak_gpu_2_memory_MB": 10,
  "peak_gpu_3_memory_MB": 6195,
  "training_duration": "00:00:52",
  "training_start_epoch": 0,
  "training_epochs": 19,
  "epoch": 19,
  "training_start_acc": 0.5215311004784688,
  "training_end_acc": 0.5023923444976076,
  "training_span_acc": 0.41148325358851673,
  "training_em": 0.4449760765550239,
  "training_f1": 0.5649429089747177,
  "training_loss": 2.807115069457463,
  "training_cpu_memory_MB": 2708.152,
  "training_gpu_0_memory_MB": 8903,
  "training_gpu_1_memory_MB": 10,
  "training_gpu_2_memory_MB": 10,
  "training_gpu_3_memory_MB": 6195,
  "validation_start_acc": 0.08888888888888889,
  "validation_end_acc": 0.1,
  "validation_span_acc": 0.03333333333333333,
  "validation_em": 0.044444444444444446,
  "validation_f1": 0.17407574113906413,
  "validation_loss": 11.917915185292562,
  "best_validation_start_acc": 0.1,
  "best_validation_end_acc": 0.12222222222222222,
  "best_validation_span_acc": 0.05555555555555555,
  "best_validation_em": 0.06666666666666667,
  "best_validation_f1": 0.194019917981693,
  "best_validation_loss": 10.175179481506348
}