{
  "best_epoch": 13,
  "peak_cpu_memory_MB": 3626.016,
  "peak_gpu_0_memory_MB": 10787,
  "peak_gpu_1_memory_MB": 4159,
  "peak_gpu_2_memory_MB": 7173,
  "peak_gpu_3_memory_MB": 4159,
  "training_duration": "00:13:01",
  "training_start_epoch": 0,
  "training_epochs": 19,
  "epoch": 19,
  "training_start_acc": 0.9938271604938271,
  "training_end_acc": 0.9962962962962963,
  "training_span_acc": 0.9950617283950617,
  "training_em": 0.9567901234567902,
  "training_f1": 0.9821921917957501,
  "training_loss": 0.03896070127923261,
  "training_cpu_memory_MB": 3626.016,
  "training_gpu_0_memory_MB": 10787,
  "training_gpu_1_memory_MB": 4159,
  "training_gpu_2_memory_MB": 7173,
  "training_gpu_3_memory_MB": 4159,
  "validation_start_acc": 0.23333333333333334,
  "validation_end_acc": 0.23333333333333334,
  "validation_span_acc": 0.1111111111111111,
  "validation_em": 0.2,
  "validation_f1": 0.3776248472530746,
  "validation_loss": 12.156801223754883,
  "best_validation_start_acc": 0.2222222222222222,
  "best_validation_end_acc": 0.3333333333333333,
  "best_validation_span_acc": 0.15555555555555556,
  "best_validation_em": 0.24444444444444444,
  "best_validation_f1": 0.3906719428954695,
  "best_validation_loss": 11.754247983296713
}