{
  "best_epoch": 17,
  "peak_cpu_memory_MB": 3659.656,
  "peak_gpu_0_memory_MB": 10787,
  "peak_gpu_1_memory_MB": 10,
  "peak_gpu_2_memory_MB": 10,
  "peak_gpu_3_memory_MB": 4761,
  "training_duration": "00:14:14",
  "training_start_epoch": 0,
  "training_epochs": 19,
  "epoch": 19,
  "training_start_acc": 0.9938271604938271,
  "training_end_acc": 0.9962962962962963,
  "training_span_acc": 0.9925925925925926,
  "training_em": 0.9518518518518518,
  "training_f1": 0.977275232867627,
  "training_loss": 0.03420020883683773,
  "training_cpu_memory_MB": 3659.656,
  "training_gpu_0_memory_MB": 10787,
  "training_gpu_1_memory_MB": 10,
  "training_gpu_2_memory_MB": 10,
  "training_gpu_3_memory_MB": 4761,
  "validation_start_acc": 0.2111111111111111,
  "validation_end_acc": 0.32222222222222224,
  "validation_span_acc": 0.14444444444444443,
  "validation_em": 0.17777777777777778,
  "validation_f1": 0.3718542531907158,
  "validation_loss": 11.500217119852701,
  "best_validation_start_acc": 0.2111111111111111,
  "best_validation_end_acc": 0.3111111111111111,
  "best_validation_span_acc": 0.13333333333333333,
  "best_validation_em": 0.18888888888888888,
  "best_validation_f1": 0.4139573498376313,
  "best_validation_loss": 12.460203011830648
}