{
  "best_epoch": 2,
  "peak_cpu_memory_MB": 3856.236,
  "peak_gpu_0_memory_MB": 10,
  "peak_gpu_1_memory_MB": 10,
  "peak_gpu_2_memory_MB": 10,
  "peak_gpu_3_memory_MB": 4237,
  "training_duration": "00:13:42",
  "training_start_epoch": 0,
  "training_epochs": 11,
  "epoch": 11,
  "training_start_acc": 0.6568977841315226,
  "training_end_acc": 0.7555396711937098,
  "training_span_acc": 0.4867762687634024,
  "training_em": 0.49535382416011436,
  "training_f1": 0.8112619288503176,
  "training_loss": 1.1481802300973372,
  "training_cpu_memory_MB": 3856.236,
  "training_gpu_0_memory_MB": 10,
  "training_gpu_1_memory_MB": 10,
  "training_gpu_2_memory_MB": 10,
  "training_gpu_3_memory_MB": 4237,
  "validation_start_acc": 0.3,
  "validation_end_acc": 0.3333333333333333,
  "validation_span_acc": 0.15555555555555556,
  "validation_em": 0.2,
  "validation_f1": 0.4489410691151972,
  "validation_loss": 6.918064037958781,
  "best_validation_start_acc": 0.25555555555555554,
  "best_validation_end_acc": 0.26666666666666666,
  "best_validation_span_acc": 0.15555555555555556,
  "best_validation_em": 0.2,
  "best_validation_f1": 0.4054912095413419,
  "best_validation_loss": 6.099481185277303
}