{
  "best_epoch": 14,
  "peak_cpu_memory_MB": 3659.656,
  "peak_gpu_0_memory_MB": 10787,
  "peak_gpu_1_memory_MB": 10,
  "peak_gpu_2_memory_MB": 10,
  "peak_gpu_3_memory_MB": 5707,
  "training_duration": "00:03:49",
  "training_start_epoch": 0,
  "training_epochs": 19,
  "epoch": 19,
  "training_start_acc": 0.9634146341463414,
  "training_end_acc": 0.9634146341463414,
  "training_span_acc": 0.975609756097561,
  "training_em": 0.9512195121951219,
  "training_f1": 0.961911593905855,
  "training_loss": 0.2844659189383189,
  "training_cpu_memory_MB": 3659.656,
  "training_gpu_0_memory_MB": 10787,
  "training_gpu_1_memory_MB": 10,
  "training_gpu_2_memory_MB": 10,
  "training_gpu_3_memory_MB": 5707,
  "validation_start_acc": 0.06593406593406594,
  "validation_end_acc": 0.07692307692307693,
  "validation_span_acc": 0.03296703296703297,
  "validation_em": 0.04395604395604396,
  "validation_f1": 0.23353871366503215,
  "validation_loss": 10.858614126841227,
  "best_validation_start_acc": 0.0989010989010989,
  "best_validation_end_acc": 0.0989010989010989,
  "best_validation_span_acc": 0.04395604395604396,
  "best_validation_em": 0.07692307692307693,
  "best_validation_f1": 0.24478090052254325,
  "best_validation_loss": 10.610017776489258
}