{
  "best_epoch": 17,
  "peak_cpu_memory_MB": 2708.152,
  "peak_gpu_0_memory_MB": 8903,
  "peak_gpu_1_memory_MB": 10,
  "peak_gpu_2_memory_MB": 10,
  "peak_gpu_3_memory_MB": 3587,
  "training_duration": "00:02:44",
  "training_start_epoch": 0,
  "training_epochs": 19,
  "epoch": 19,
  "training_start_acc": 0.9135802469135802,
  "training_end_acc": 0.9197530864197531,
  "training_span_acc": 0.8790123456790123,
  "training_em": 0.8716049382716049,
  "training_f1": 0.9393400381354137,
  "training_loss": 0.5455183863055473,
  "training_cpu_memory_MB": 2708.152,
  "training_gpu_0_memory_MB": 8903,
  "training_gpu_1_memory_MB": 10,
  "training_gpu_2_memory_MB": 10,
  "training_gpu_3_memory_MB": 3587,
  "validation_start_acc": 0.14444444444444443,
  "validation_end_acc": 0.15555555555555556,
  "validation_span_acc": 0.044444444444444446,
  "validation_em": 0.06666666666666667,
  "validation_f1": 0.25571048531074947,
  "validation_loss": 12.756395022074381,
  "best_validation_start_acc": 0.18888888888888888,
  "best_validation_end_acc": 0.2222222222222222,
  "best_validation_span_acc": 0.1111111111111111,
  "best_validation_em": 0.15555555555555556,
  "best_validation_f1": 0.3424804598486053,
  "best_validation_loss": 13.197986602783203
}