{
  "best_epoch": 7,
  "peak_cpu_memory_MB": 3593.744,
  "peak_gpu_0_memory_MB": 8903,
  "peak_gpu_1_memory_MB": 10,
  "peak_gpu_2_memory_MB": 10,
  "peak_gpu_3_memory_MB": 4001,
  "training_duration": "00:00:43",
  "training_start_epoch": 0,
  "training_epochs": 16,
  "epoch": 16,
  "training_start_acc": 0.7579908675799086,
  "training_end_acc": 0.7671232876712328,
  "training_span_acc": 0.6986301369863014,
  "training_em": 0.6940639269406392,
  "training_f1": 0.7667357791203572,
  "training_loss": 1.1943826121943337,
  "training_cpu_memory_MB": 3593.744,
  "training_gpu_0_memory_MB": 8903,
  "training_gpu_1_memory_MB": 10,
  "training_gpu_2_memory_MB": 10,
  "training_gpu_3_memory_MB": 4001,
  "validation_start_acc": 0.0,
  "validation_end_acc": 0.07936507936507936,
  "validation_span_acc": 0.0,
  "validation_em": 0.015873015873015872,
  "validation_f1": 0.2618729808213288,
  "validation_loss": 15.470250606536865,
  "best_validation_start_acc": 0.031746031746031744,
  "best_validation_end_acc": 0.1111111111111111,
  "best_validation_span_acc": 0.015873015873015872,
  "best_validation_em": 0.06349206349206349,
  "best_validation_f1": 0.28588269722623644,
  "best_validation_loss": 10.15782618522644
}