{
  "best_epoch": 0,
  "peak_cpu_memory_MB": 4614.648,
  "peak_gpu_0_memory_MB": 10,
  "peak_gpu_1_memory_MB": 10,
  "peak_gpu_2_memory_MB": 4415,
  "peak_gpu_3_memory_MB": 1993,
  "training_duration": "00:00:31",
  "training_start_epoch": 0,
  "training_epochs": 9,
  "epoch": 9,
  "training_start_acc": 0.023076923076923078,
  "training_end_acc": 0.06923076923076923,
  "training_span_acc": 0.0,
  "training_em": 0.0,
  "training_f1": 0.1249291181789508,
  "training_loss": 9.921397315131294,
  "training_cpu_memory_MB": 4614.648,
  "training_gpu_0_memory_MB": 10,
  "training_gpu_1_memory_MB": 10,
  "training_gpu_2_memory_MB": 4415,
  "training_gpu_3_memory_MB": 1993,
  "validation_start_acc": 0.02197802197802198,
  "validation_end_acc": 0.04395604395604396,
  "validation_span_acc": 0.0,
  "validation_em": 0.0,
  "validation_f1": 0.15971601142553793,
  "validation_loss": 9.772033532460531,
  "best_validation_start_acc": 0.02197802197802198,
  "best_validation_end_acc": 0.08791208791208792,
  "best_validation_span_acc": 0.0,
  "best_validation_em": 0.0,
  "best_validation_f1": 0.12759087933257,
  "best_validation_loss": 10.018081665039062
}