{
  "best_epoch": 11,
  "peak_cpu_memory_MB": 2739.988,
  "peak_gpu_0_memory_MB": 6121,
  "peak_gpu_1_memory_MB": 0,
  "peak_gpu_2_memory_MB": 0,
  "peak_gpu_3_memory_MB": 607,
  "training_duration": "00:02:42",
  "training_start_epoch": 0,
  "training_epochs": 19,
  "epoch": 19,
  "training_start_acc": 0.34074074074074073,
  "training_end_acc": 0.2962962962962963,
  "training_span_acc": 0.20246913580246914,
  "training_em": 0.20246913580246914,
  "training_f1": 0.29391072296450993,
  "training_loss": 3.1750220243747416,
  "training_cpu_memory_MB": 2739.988,
  "training_gpu_0_memory_MB": 6121,
  "training_gpu_1_memory_MB": 0,
  "training_gpu_2_memory_MB": 0,
  "training_gpu_3_memory_MB": 607,
  "validation_start_acc": 0.07777777777777778,
  "validation_end_acc": 0.1,
  "validation_span_acc": 0.022222222222222223,
  "validation_em": 0.022222222222222223,
  "validation_f1": 0.09986505519688743,
  "validation_loss": 12.67637332280477,
  "best_validation_start_acc": 0.07777777777777778,
  "best_validation_end_acc": 0.06666666666666667,
  "best_validation_span_acc": 0.044444444444444446,
  "best_validation_em": 0.044444444444444446,
  "best_validation_f1": 0.11668278176408793,
  "best_validation_loss": 11.359268029530844
}