{
  "best_epoch": 2,
  "peak_cpu_memory_MB": 2739.988,
  "peak_gpu_0_memory_MB": 6121,
  "peak_gpu_1_memory_MB": 0,
  "peak_gpu_2_memory_MB": 0,
  "peak_gpu_3_memory_MB": 607,
  "training_duration": "00:01:32",
  "training_start_epoch": 0,
  "training_epochs": 11,
  "epoch": 11,
  "training_start_acc": 0.2809278350515464,
  "training_end_acc": 0.29896907216494845,
  "training_span_acc": 0.18041237113402062,
  "training_em": 0.18556701030927836,
  "training_f1": 0.2826900159357899,
  "training_loss": 3.8092525577545167,
  "training_cpu_memory_MB": 2739.988,
  "training_gpu_0_memory_MB": 6121,
  "training_gpu_1_memory_MB": 0,
  "training_gpu_2_memory_MB": 0,
  "training_gpu_3_memory_MB": 607,
  "validation_start_acc": 0.05555555555555555,
  "validation_end_acc": 0.07777777777777778,
  "validation_span_acc": 0.0,
  "validation_em": 0.0,
  "validation_f1": 0.14683442657047496,
  "validation_loss": 11.483423074086508,
  "best_validation_start_acc": 0.1,
  "best_validation_end_acc": 0.1111111111111111,
  "best_validation_span_acc": 0.022222222222222223,
  "best_validation_em": 0.03333333333333333,
  "best_validation_f1": 0.16556290972727625,
  "best_validation_loss": 7.898937225341797
}