{
  "best_epoch": 10,
  "peak_cpu_memory_MB": 3621.028,
  "peak_gpu_0_memory_MB": 10787,
  "peak_gpu_1_memory_MB": 6755,
  "peak_gpu_2_memory_MB": 7173,
  "peak_gpu_3_memory_MB": 6755,
  "training_duration": "00:04:25",
  "training_start_epoch": 0,
  "training_epochs": 19,
  "epoch": 19,
  "training_start_acc": 1.0,
  "training_end_acc": 1.0,
  "training_span_acc": 1.0,
  "training_em": 0.961352657004831,
  "training_f1": 0.9771784585595328,
  "training_loss": 0.01895118734011283,
  "training_cpu_memory_MB": 3621.028,
  "training_gpu_0_memory_MB": 10787,
  "training_gpu_1_memory_MB": 6755,
  "training_gpu_2_memory_MB": 7173,
  "training_gpu_3_memory_MB": 6755,
  "validation_start_acc": 0.05555555555555555,
  "validation_end_acc": 0.16666666666666666,
  "validation_span_acc": 0.022222222222222223,
  "validation_em": 0.022222222222222223,
  "validation_f1": 0.17070920192900382,
  "validation_loss": 12.713448206583658,
  "best_validation_start_acc": 0.07777777777777778,
  "best_validation_end_acc": 0.14444444444444443,
  "best_validation_span_acc": 0.044444444444444446,
  "best_validation_em": 0.044444444444444446,
  "best_validation_f1": 0.17104628676749323,
  "best_validation_loss": 10.994842052459717
}