{
  "best_epoch": 9,
  "peak_cpu_memory_MB": 3853.092,
  "peak_gpu_0_memory_MB": 10787,
  "peak_gpu_1_memory_MB": 4979,
  "peak_gpu_2_memory_MB": 7173,
  "peak_gpu_3_memory_MB": 6755,
  "training_duration": "00:20:14",
  "training_start_epoch": 0,
  "training_epochs": 18,
  "epoch": 18,
  "training_start_acc": 0.7077922077922078,
  "training_end_acc": 0.7734487734487735,
  "training_span_acc": 0.5310245310245311,
  "training_em": 0.5367965367965368,
  "training_f1": 0.8310287023974091,
  "training_loss": 0.8967464840275118,
  "training_cpu_memory_MB": 3853.092,
  "training_gpu_0_memory_MB": 10787,
  "training_gpu_1_memory_MB": 4979,
  "training_gpu_2_memory_MB": 7173,
  "training_gpu_3_memory_MB": 6755,
  "validation_start_acc": 0.17777777777777778,
  "validation_end_acc": 0.3,
  "validation_span_acc": 0.12222222222222222,
  "validation_em": 0.14444444444444443,
  "validation_f1": 0.35129517960922213,
  "validation_loss": 9.16688903172811,
  "best_validation_start_acc": 0.2222222222222222,
  "best_validation_end_acc": 0.2777777777777778,
  "best_validation_span_acc": 0.15555555555555556,
  "best_validation_em": 0.16666666666666666,
  "best_validation_f1": 0.3637548351790364,
  "best_validation_loss": 7.647278467814128
}