{
  "best_epoch": 8,
  "peak_cpu_memory_MB": 3659.656,
  "peak_gpu_0_memory_MB": 10787,
  "peak_gpu_1_memory_MB": 10,
  "peak_gpu_2_memory_MB": 10,
  "peak_gpu_3_memory_MB": 5705,
  "training_duration": "00:07:20",
  "training_start_epoch": 0,
  "training_epochs": 17,
  "epoch": 17,
  "training_start_acc": 0.9950124688279302,
  "training_end_acc": 0.9925187032418953,
  "training_span_acc": 0.9925187032418953,
  "training_em": 0.9576059850374065,
  "training_f1": 0.9820433721551796,
  "training_loss": 0.0592115124902473,
  "training_cpu_memory_MB": 3659.656,
  "training_gpu_0_memory_MB": 10787,
  "training_gpu_1_memory_MB": 10,
  "training_gpu_2_memory_MB": 10,
  "training_gpu_3_memory_MB": 5705,
  "validation_start_acc": 0.0989010989010989,
  "validation_end_acc": 0.17582417582417584,
  "validation_span_acc": 0.054945054945054944,
  "validation_em": 0.06593406593406594,
  "validation_f1": 0.2722420088638566,
  "validation_loss": 14.699344158172607,
  "best_validation_start_acc": 0.12087912087912088,
  "best_validation_end_acc": 0.16483516483516483,
  "best_validation_span_acc": 0.04395604395604396,
  "best_validation_em": 0.0989010989010989,
  "best_validation_f1": 0.26704189499307723,
  "best_validation_loss": 9.901478290557861
}