{
  "best_epoch": 7,
  "peak_cpu_memory_MB": 3867.7,
  "peak_gpu_0_memory_MB": 10,
  "peak_gpu_1_memory_MB": 10,
  "peak_gpu_2_memory_MB": 10,
  "peak_gpu_3_memory_MB": 6395,
  "training_duration": "00:12:24",
  "training_start_epoch": 0,
  "training_epochs": 16,
  "epoch": 16,
  "training_start_acc": 0.6954413191076625,
  "training_end_acc": 0.7439379243452958,
  "training_span_acc": 0.5121241513094084,
  "training_em": 0.5140640155189137,
  "training_f1": 0.8175188185969331,
  "training_loss": 0.9728929162025451,
  "training_cpu_memory_MB": 3867.7,
  "training_gpu_0_memory_MB": 10,
  "training_gpu_1_memory_MB": 10,
  "training_gpu_2_memory_MB": 10,
  "training_gpu_3_memory_MB": 6395,
  "validation_start_acc": 0.14285714285714285,
  "validation_end_acc": 0.3076923076923077,
  "validation_span_acc": 0.06593406593406594,
  "validation_em": 0.12087912087912088,
  "validation_f1": 0.3283567520317372,
  "validation_loss": 11.428889274597168,
  "best_validation_start_acc": 0.12087912087912088,
  "best_validation_end_acc": 0.2857142857142857,
  "best_validation_span_acc": 0.07692307692307693,
  "best_validation_em": 0.15384615384615385,
  "best_validation_f1": 0.3564640491818354,
  "best_validation_loss": 8.718171914418539
}