{
  "best_epoch": 12,
  "peak_cpu_memory_MB": 3659.656,
  "peak_gpu_0_memory_MB": 10787,
  "peak_gpu_1_memory_MB": 10,
  "peak_gpu_2_memory_MB": 10,
  "peak_gpu_3_memory_MB": 5705,
  "training_duration": "00:08:04",
  "training_start_epoch": 0,
  "training_epochs": 19,
  "epoch": 19,
  "training_start_acc": 0.9874371859296482,
  "training_end_acc": 0.9849246231155779,
  "training_span_acc": 0.9874371859296482,
  "training_em": 0.9422110552763819,
  "training_f1": 0.972200775405556,
  "training_loss": 0.08235610458999872,
  "training_cpu_memory_MB": 3659.656,
  "training_gpu_0_memory_MB": 10787,
  "training_gpu_1_memory_MB": 10,
  "training_gpu_2_memory_MB": 10,
  "training_gpu_3_memory_MB": 5705,
  "validation_start_acc": 0.15555555555555556,
  "validation_end_acc": 0.18888888888888888,
  "validation_span_acc": 0.08888888888888889,
  "validation_em": 0.12222222222222222,
  "validation_f1": 0.2833848574764843,
  "validation_loss": 14.050548871358236,
  "best_validation_start_acc": 0.17777777777777778,
  "best_validation_end_acc": 0.2111111111111111,
  "best_validation_span_acc": 0.1111111111111111,
  "best_validation_em": 0.14444444444444443,
  "best_validation_f1": 0.31089800066833234,
  "best_validation_loss": 11.70210854212443
}