{
  "best_epoch": 2,
  "peak_cpu_memory_MB": 3656.94,
  "peak_gpu_0_memory_MB": 8903,
  "peak_gpu_1_memory_MB": 10,
  "peak_gpu_2_memory_MB": 10,
  "peak_gpu_3_memory_MB": 5731,
  "training_duration": "00:01:27",
  "training_start_epoch": 0,
  "training_epochs": 11,
  "epoch": 11,
  "training_start_acc": 0.4375,
  "training_end_acc": 0.4,
  "training_span_acc": 0.3,
  "training_em": 0.275,
  "training_f1": 0.4554916857676585,
  "training_loss": 2.823679208755493,
  "training_cpu_memory_MB": 3656.94,
  "training_gpu_0_memory_MB": 8903,
  "training_gpu_1_memory_MB": 10,
  "training_gpu_2_memory_MB": 10,
  "training_gpu_3_memory_MB": 5731,
  "validation_start_acc": 0.07777777777777778,
  "validation_end_acc": 0.08888888888888889,
  "validation_span_acc": 0.022222222222222223,
  "validation_em": 0.044444444444444446,
  "validation_f1": 0.22980865746540854,
  "validation_loss": 9.893741448720297,
  "best_validation_start_acc": 0.022222222222222223,
  "best_validation_end_acc": 0.07777777777777778,
  "best_validation_span_acc": 0.011111111111111112,
  "best_validation_em": 0.044444444444444446,
  "best_validation_f1": 0.2106654900520612,
  "best_validation_loss": 8.323463678359985
}