{
  "best_epoch": 13,
  "peak_cpu_memory_MB": 2666.48,
  "peak_gpu_0_memory_MB": 10787,
  "peak_gpu_1_memory_MB": 10,
  "peak_gpu_2_memory_MB": 10,
  "peak_gpu_3_memory_MB": 8858,
  "training_duration": "00:03:54",
  "training_start_epoch": 0,
  "training_epochs": 19,
  "epoch": 19,
  "training_start_acc": 0.9381953028430161,
  "training_end_acc": 0.9480840543881335,
  "training_span_acc": 0.9097651421508035,
  "training_em": 0.892459826946848,
  "training_f1": 0.9508403091772404,
  "training_loss": 0.4060065712706715,
  "training_cpu_memory_MB": 2666.48,
  "training_gpu_0_memory_MB": 10787,
  "training_gpu_1_memory_MB": 10,
  "training_gpu_2_memory_MB": 10,
  "training_gpu_3_memory_MB": 8858,
  "validation_start_acc": 0.10989010989010989,
  "validation_end_acc": 0.21978021978021978,
  "validation_span_acc": 0.06593406593406594,
  "validation_em": 0.13186813186813187,
  "validation_f1": 0.3328421272102295,
  "validation_loss": 13.548234303792318,
  "best_validation_start_acc": 0.08791208791208792,
  "best_validation_end_acc": 0.23076923076923078,
  "best_validation_span_acc": 0.07692307692307693,
  "best_validation_em": 0.13186813186813187,
  "best_validation_f1": 0.2948907356816605,
  "best_validation_loss": 11.262205441792807
}