{
  "best_epoch": 11,
  "peak_cpu_memory_MB": 3538.728,
  "peak_gpu_0_memory_MB": 10787,
  "peak_gpu_1_memory_MB": 4159,
  "peak_gpu_2_memory_MB": 7173,
  "peak_gpu_3_memory_MB": 4159,
  "training_duration": "00:13:00",
  "training_start_epoch": 0,
  "training_epochs": 19,
  "epoch": 19,
  "training_start_acc": 0.9938271604938271,
  "training_end_acc": 0.9950617283950617,
  "training_span_acc": 0.9925925925925926,
  "training_em": 0.9543209876543209,
  "training_f1": 0.9791606995533969,
  "training_loss": 0.035198281277153715,
  "training_cpu_memory_MB": 3538.728,
  "training_gpu_0_memory_MB": 10787,
  "training_gpu_1_memory_MB": 4159,
  "training_gpu_2_memory_MB": 7173,
  "training_gpu_3_memory_MB": 4159,
  "validation_start_acc": 0.24444444444444444,
  "validation_end_acc": 0.2777777777777778,
  "validation_span_acc": 0.1111111111111111,
  "validation_em": 0.16666666666666666,
  "validation_f1": 0.427730078248693,
  "validation_loss": 14.21414566040039,
  "best_validation_start_acc": 0.24444444444444444,
  "best_validation_end_acc": 0.3333333333333333,
  "best_validation_span_acc": 0.15555555555555556,
  "best_validation_em": 0.24444444444444444,
  "best_validation_f1": 0.4239224863567302,
  "best_validation_loss": 9.949889659881592
}