{
  "best_epoch": 19,
  "peak_cpu_memory_MB": 2710.964,
  "peak_gpu_0_memory_MB": 10,
  "peak_gpu_1_memory_MB": 10,
  "peak_gpu_2_memory_MB": 10,
  "peak_gpu_3_memory_MB": 4223,
  "training_duration": "00:05:31",
  "training_start_epoch": 0,
  "training_epochs": 19,
  "epoch": 19,
  "training_start_acc": 0.5965166908563135,
  "training_end_acc": 0.7489114658925979,
  "training_span_acc": 0.4346879535558781,
  "training_em": 0.45428156748911463,
  "training_f1": 0.7916417483430441,
  "training_loss": 1.7494992099959275,
  "training_cpu_memory_MB": 2710.964,
  "training_gpu_0_memory_MB": 10,
  "training_gpu_1_memory_MB": 10,
  "training_gpu_2_memory_MB": 10,
  "training_gpu_3_memory_MB": 4223,
  "validation_start_acc": 0.14942528735632185,
  "validation_end_acc": 0.21839080459770116,
  "validation_span_acc": 0.08045977011494253,
  "validation_em": 0.1724137931034483,
  "validation_f1": 0.3528563879386311,
  "validation_loss": 10.562912940979004,
  "best_validation_start_acc": 0.14942528735632185,
  "best_validation_end_acc": 0.21839080459770116,
  "best_validation_span_acc": 0.08045977011494253,
  "best_validation_em": 0.1724137931034483,
  "best_validation_f1": 0.3528563879386311,
  "best_validation_loss": 10.562912940979004
}