{
  "best_epoch": 6,
  "peak_cpu_memory_MB": 3866.676,
  "peak_gpu_0_memory_MB": 10,
  "peak_gpu_1_memory_MB": 10,
  "peak_gpu_2_memory_MB": 10,
  "peak_gpu_3_memory_MB": 4237,
  "training_duration": "00:11:59",
  "training_start_epoch": 0,
  "training_epochs": 15,
  "epoch": 15,
  "training_start_acc": 0.6845637583892618,
  "training_end_acc": 0.75071907957814,
  "training_span_acc": 0.5033557046979866,
  "training_em": 0.5081495685522531,
  "training_f1": 0.8101413739092248,
  "training_loss": 1.0267186562220256,
  "training_cpu_memory_MB": 3866.676,
  "training_gpu_0_memory_MB": 10,
  "training_gpu_1_memory_MB": 10,
  "training_gpu_2_memory_MB": 10,
  "training_gpu_3_memory_MB": 4237,
  "validation_start_acc": 0.17777777777777778,
  "validation_end_acc": 0.23333333333333334,
  "validation_span_acc": 0.06666666666666667,
  "validation_em": 0.06666666666666667,
  "validation_f1": 0.274501925116251,
  "validation_loss": 10.000975926717123,
  "best_validation_start_acc": 0.17777777777777778,
  "best_validation_end_acc": 0.25555555555555554,
  "best_validation_span_acc": 0.12222222222222222,
  "best_validation_em": 0.12222222222222222,
  "best_validation_f1": 0.2815121257425359,
  "best_validation_loss": 7.262121756871541
}