{
  "best_epoch": 19,
  "peak_cpu_memory_MB": 2739.852,
  "peak_gpu_0_memory_MB": 5473,
  "peak_gpu_1_memory_MB": 0,
  "peak_gpu_2_memory_MB": 0,
  "peak_gpu_3_memory_MB": 607,
  "training_duration": "00:04:33",
  "training_start_epoch": 0,
  "training_epochs": 19,
  "epoch": 19,
  "training_start_acc": 0.8864197530864197,
  "training_end_acc": 0.8962962962962963,
  "training_span_acc": 0.8395061728395061,
  "training_em": 0.8382716049382716,
  "training_f1": 0.8984322748040856,
  "training_loss": 0.6432872177923427,
  "training_cpu_memory_MB": 2739.852,
  "training_gpu_0_memory_MB": 5473,
  "training_gpu_1_memory_MB": 0,
  "training_gpu_2_memory_MB": 0,
  "training_gpu_3_memory_MB": 607,
  "validation_start_acc": 0.18888888888888888,
  "validation_end_acc": 0.2222222222222222,
  "validation_span_acc": 0.15555555555555556,
  "validation_em": 0.15555555555555556,
  "validation_f1": 0.27172193207243517,
  "validation_loss": 14.833265622456869,
  "best_validation_start_acc": 0.18888888888888888,
  "best_validation_end_acc": 0.2222222222222222,
  "best_validation_span_acc": 0.15555555555555556,
  "best_validation_em": 0.15555555555555556,
  "best_validation_f1": 0.27172193207243517,
  "best_validation_loss": 14.833265622456869
}