{
  "best_epoch": 18,
  "peak_cpu_memory_MB": 3879.86,
  "peak_gpu_0_memory_MB": 10,
  "peak_gpu_1_memory_MB": 10,
  "peak_gpu_2_memory_MB": 10,
  "peak_gpu_3_memory_MB": 4237,
  "training_duration": "00:03:27",
  "training_start_epoch": 0,
  "training_epochs": 19,
  "epoch": 19,
  "training_start_acc": 0.6878980891719745,
  "training_end_acc": 0.821656050955414,
  "training_span_acc": 0.535031847133758,
  "training_em": 0.5414012738853503,
  "training_f1": 0.8619267697674207,
  "training_loss": 1.025124728679657,
  "training_cpu_memory_MB": 3879.86,
  "training_gpu_0_memory_MB": 10,
  "training_gpu_1_memory_MB": 10,
  "training_gpu_2_memory_MB": 10,
  "training_gpu_3_memory_MB": 4237,
  "validation_start_acc": 0.05555555555555555,
  "validation_end_acc": 0.1111111111111111,
  "validation_span_acc": 0.03333333333333333,
  "validation_em": 0.03333333333333333,
  "validation_f1": 0.22778818413450178,
  "validation_loss": 9.869290908177694,
  "best_validation_start_acc": 0.07777777777777778,
  "best_validation_end_acc": 0.1111111111111111,
  "best_validation_span_acc": 0.044444444444444446,
  "best_validation_em": 0.044444444444444446,
  "best_validation_f1": 0.23485385411012194,
  "best_validation_loss": 9.832168896993002
}