{
  "best_epoch": 17,
  "peak_cpu_memory_MB": 3656.94,
  "peak_gpu_0_memory_MB": 8903,
  "peak_gpu_1_memory_MB": 10,
  "peak_gpu_2_memory_MB": 10,
  "peak_gpu_3_memory_MB": 4785,
  "training_duration": "00:18:20",
  "training_start_epoch": 0,
  "training_epochs": 19,
  "epoch": 19,
  "training_start_acc": 0.9827160493827161,
  "training_end_acc": 0.9753086419753086,
  "training_span_acc": 0.971604938271605,
  "training_em": 0.937037037037037,
  "training_f1": 0.9720136073711073,
  "training_loss": 0.15191234151522318,
  "training_cpu_memory_MB": 3656.94,
  "training_gpu_0_memory_MB": 8903,
  "training_gpu_1_memory_MB": 10,
  "training_gpu_2_memory_MB": 10,
  "training_gpu_3_memory_MB": 4785,
  "validation_start_acc": 0.14444444444444443,
  "validation_end_acc": 0.2222222222222222,
  "validation_span_acc": 0.07777777777777778,
  "validation_em": 0.14444444444444443,
  "validation_f1": 0.3751395402494042,
  "validation_loss": 13.255454063415527,
  "best_validation_start_acc": 0.23333333333333334,
  "best_validation_end_acc": 0.2,
  "best_validation_span_acc": 0.14444444444444443,
  "best_validation_em": 0.2,
  "best_validation_f1": 0.3580781920676045,
  "best_validation_loss": 12.08930746714274
}