{
  "best_epoch": 16,
  "peak_cpu_memory_MB": 2739.988,
  "peak_gpu_0_memory_MB": 6121,
  "peak_gpu_1_memory_MB": 0,
  "peak_gpu_2_memory_MB": 0,
  "peak_gpu_3_memory_MB": 607,
  "training_duration": "00:03:42",
  "training_start_epoch": 0,
  "training_epochs": 19,
  "epoch": 19,
  "training_start_acc": 0.866231647634584,
  "training_end_acc": 0.8564437194127243,
  "training_span_acc": 0.8254486133768353,
  "training_em": 0.8221859706362153,
  "training_f1": 0.8674364505482416,
  "training_loss": 0.8254348024343833,
  "training_cpu_memory_MB": 2739.988,
  "training_gpu_0_memory_MB": 6121,
  "training_gpu_1_memory_MB": 0,
  "training_gpu_2_memory_MB": 0,
  "training_gpu_3_memory_MB": 607,
  "validation_start_acc": 0.1111111111111111,
  "validation_end_acc": 0.16666666666666666,
  "validation_span_acc": 0.07777777777777778,
  "validation_em": 0.07777777777777778,
  "validation_f1": 0.22902035155645983,
  "validation_loss": 15.014591852823893,
  "best_validation_start_acc": 0.13333333333333333,
  "best_validation_end_acc": 0.16666666666666666,
  "best_validation_span_acc": 0.08888888888888889,
  "best_validation_em": 0.08888888888888889,
  "best_validation_f1": 0.19211820487271158,
  "best_validation_loss": 13.990573406219482
}