{
  "best_epoch": 0,
  "peak_cpu_memory_MB": 3632.992,
  "peak_gpu_0_memory_MB": 10,
  "peak_gpu_1_memory_MB": 10,
  "peak_gpu_2_memory_MB": 10,
  "peak_gpu_3_memory_MB": 5739,
  "training_duration": "00:01:19",
  "training_start_epoch": 0,
  "training_epochs": 9,
  "epoch": 9,
  "training_start_acc": 0.3076923076923077,
  "training_end_acc": 0.2967032967032967,
  "training_span_acc": 0.17582417582417584,
  "training_em": 0.17582417582417584,
  "training_f1": 0.25694836631621143,
  "training_loss": 3.3924132585525513,
  "training_cpu_memory_MB": 3632.992,
  "training_gpu_0_memory_MB": 10,
  "training_gpu_1_memory_MB": 10,
  "training_gpu_2_memory_MB": 10,
  "training_gpu_3_memory_MB": 5739,
  "validation_start_acc": 0.10344827586206896,
  "validation_end_acc": 0.034482758620689655,
  "validation_span_acc": 0.011494252873563218,
  "validation_em": 0.011494252873563218,
  "validation_f1": 0.1584475121828749,
  "validation_loss": 9.750722726186117,
  "best_validation_start_acc": 0.06896551724137931,
  "best_validation_end_acc": 0.09195402298850575,
  "best_validation_span_acc": 0.034482758620689655,
  "best_validation_em": 0.034482758620689655,
  "best_validation_f1": 0.1780902537657442,
  "best_validation_loss": 9.293097654978434
}