{
  "best_epoch": 5,
  "peak_cpu_memory_MB": 3853.092,
  "peak_gpu_0_memory_MB": 10787,
  "peak_gpu_1_memory_MB": 4159,
  "peak_gpu_2_memory_MB": 7173,
  "peak_gpu_3_memory_MB": 4159,
  "training_duration": "00:15:44",
  "training_start_epoch": 0,
  "training_epochs": 14,
  "epoch": 14,
  "training_start_acc": 0.683754512635379,
  "training_end_acc": 0.7790613718411552,
  "training_span_acc": 0.527797833935018,
  "training_em": 0.5350180505415163,
  "training_f1": 0.8268793965055493,
  "training_loss": 0.993079574628808,
  "training_cpu_memory_MB": 3853.092,
  "training_gpu_0_memory_MB": 10787,
  "training_gpu_1_memory_MB": 4159,
  "training_gpu_2_memory_MB": 7173,
  "training_gpu_3_memory_MB": 4159,
  "validation_start_acc": 0.3111111111111111,
  "validation_end_acc": 0.2777777777777778,
  "validation_span_acc": 0.12222222222222222,
  "validation_em": 0.14444444444444443,
  "validation_f1": 0.37059792307806544,
  "validation_loss": 8.357479254404703,
  "best_validation_start_acc": 0.26666666666666666,
  "best_validation_end_acc": 0.2777777777777778,
  "best_validation_span_acc": 0.16666666666666666,
  "best_validation_em": 0.17777777777777778,
  "best_validation_f1": 0.35725933047389113,
  "best_validation_loss": 6.73444922765096
}