{
  "best_epoch": 7,
  "peak_cpu_memory_MB": 2739.988,
  "peak_gpu_0_memory_MB": 6121,
  "peak_gpu_1_memory_MB": 0,
  "peak_gpu_2_memory_MB": 0,
  "peak_gpu_3_memory_MB": 607,
  "training_duration": "00:01:00",
  "training_start_epoch": 0,
  "training_epochs": 16,
  "epoch": 16,
  "training_start_acc": 0.2413793103448276,
  "training_end_acc": 0.22988505747126436,
  "training_span_acc": 0.08045977011494253,
  "training_em": 0.08045977011494253,
  "training_f1": 0.21710004874663913,
  "training_loss": 5.090168873469035,
  "training_cpu_memory_MB": 2739.988,
  "training_gpu_0_memory_MB": 6121,
  "training_gpu_1_memory_MB": 0,
  "training_gpu_2_memory_MB": 0,
  "training_gpu_3_memory_MB": 607,
  "validation_start_acc": 0.022222222222222223,
  "validation_end_acc": 0.044444444444444446,
  "validation_span_acc": 0.0,
  "validation_em": 0.0,
  "validation_f1": 0.0828440304579921,
  "validation_loss": 11.378118673960367,
  "best_validation_start_acc": 0.011111111111111112,
  "best_validation_end_acc": 0.07777777777777778,
  "best_validation_span_acc": 0.011111111111111112,
  "best_validation_em": 0.011111111111111112,
  "best_validation_f1": 0.09725597765221475,
  "best_validation_loss": 9.896751085917154
}