{
  "best_epoch": 11,
  "peak_cpu_memory_MB": 3632.992,
  "peak_gpu_0_memory_MB": 10,
  "peak_gpu_1_memory_MB": 10,
  "peak_gpu_2_memory_MB": 10,
  "peak_gpu_3_memory_MB": 5739,
  "training_duration": "00:02:35",
  "training_start_epoch": 0,
  "training_epochs": 19,
  "epoch": 19,
  "training_start_acc": 0.9592592592592593,
  "training_end_acc": 0.9580246913580247,
  "training_span_acc": 0.9358024691358025,
  "training_em": 0.9135802469135802,
  "training_f1": 0.9636270315733505,
  "training_loss": 0.31814703951571505,
  "training_cpu_memory_MB": 3632.992,
  "training_gpu_0_memory_MB": 10,
  "training_gpu_1_memory_MB": 10,
  "training_gpu_2_memory_MB": 10,
  "training_gpu_3_memory_MB": 5739,
  "validation_start_acc": 0.17777777777777778,
  "validation_end_acc": 0.17777777777777778,
  "validation_span_acc": 0.06666666666666667,
  "validation_em": 0.06666666666666667,
  "validation_f1": 0.2387591086828163,
  "validation_loss": 13.761858781178793,
  "best_validation_start_acc": 0.15555555555555556,
  "best_validation_end_acc": 0.15555555555555556,
  "best_validation_span_acc": 0.06666666666666667,
  "best_validation_em": 0.08888888888888889,
  "best_validation_f1": 0.26762121366835967,
  "best_validation_loss": 10.806814352671305
}