{
  "best_epoch": 7,
  "peak_cpu_memory_MB": 3656.94,
  "peak_gpu_0_memory_MB": 8903,
  "peak_gpu_1_memory_MB": 10,
  "peak_gpu_2_memory_MB": 10,
  "peak_gpu_3_memory_MB": 5729,
  "training_duration": "00:07:35",
  "training_start_epoch": 0,
  "training_epochs": 16,
  "epoch": 16,
  "training_start_acc": 0.9848101265822785,
  "training_end_acc": 0.979746835443038,
  "training_span_acc": 0.9772151898734177,
  "training_em": 0.9443037974683545,
  "training_f1": 0.9794148650961707,
  "training_loss": 0.13691163077950477,
  "training_cpu_memory_MB": 3656.94,
  "training_gpu_0_memory_MB": 8903,
  "training_gpu_1_memory_MB": 10,
  "training_gpu_2_memory_MB": 10,
  "training_gpu_3_memory_MB": 5729,
  "validation_start_acc": 0.12222222222222222,
  "validation_end_acc": 0.13333333333333333,
  "validation_span_acc": 0.011111111111111112,
  "validation_em": 0.06666666666666667,
  "validation_f1": 0.2577290393072416,
  "validation_loss": 13.226012229919434,
  "best_validation_start_acc": 0.1111111111111111,
  "best_validation_end_acc": 0.12222222222222222,
  "best_validation_span_acc": 0.011111111111111112,
  "best_validation_em": 0.06666666666666667,
  "best_validation_f1": 0.20857420772192556,
  "best_validation_loss": 9.898093382517496
}