{
  "best_epoch": 16,
  "peak_cpu_memory_MB": 3593.744,
  "peak_gpu_0_memory_MB": 8903,
  "peak_gpu_1_memory_MB": 10,
  "peak_gpu_2_memory_MB": 10,
  "peak_gpu_3_memory_MB": 4001,
  "training_duration": "00:01:42",
  "training_start_epoch": 0,
  "training_epochs": 19,
  "epoch": 19,
  "training_start_acc": 0.9402985074626866,
  "training_end_acc": 0.9466950959488273,
  "training_span_acc": 0.908315565031983,
  "training_em": 0.9040511727078892,
  "training_f1": 0.9506731669340456,
  "training_loss": 0.36309930806358653,
  "training_cpu_memory_MB": 3593.744,
  "training_gpu_0_memory_MB": 8903,
  "training_gpu_1_memory_MB": 10,
  "training_gpu_2_memory_MB": 10,
  "training_gpu_3_memory_MB": 4001,
  "validation_start_acc": 0.1111111111111111,
  "validation_end_acc": 0.2222222222222222,
  "validation_span_acc": 0.047619047619047616,
  "validation_em": 0.09523809523809523,
  "validation_f1": 0.38277105722182264,
  "validation_loss": 14.344180822372437,
  "best_validation_start_acc": 0.1111111111111111,
  "best_validation_end_acc": 0.2222222222222222,
  "best_validation_span_acc": 0.06349206349206349,
  "best_validation_em": 0.15873015873015872,
  "best_validation_f1": 0.38969952023863047,
  "best_validation_loss": 12.856513977050781
}