{
  "best_epoch": 2,
  "peak_cpu_memory_MB": 3867.7,
  "peak_gpu_0_memory_MB": 10,
  "peak_gpu_1_memory_MB": 10,
  "peak_gpu_2_memory_MB": 10,
  "peak_gpu_3_memory_MB": 6399,
  "training_duration": "00:01:49",
  "training_start_epoch": 0,
  "training_epochs": 11,
  "epoch": 11,
  "training_start_acc": 0.5808823529411765,
  "training_end_acc": 0.7573529411764706,
  "training_span_acc": 0.47058823529411764,
  "training_em": 0.47058823529411764,
  "training_f1": 0.7807560243312063,
  "training_loss": 1.6842035320070055,
  "training_cpu_memory_MB": 3867.7,
  "training_gpu_0_memory_MB": 10,
  "training_gpu_1_memory_MB": 10,
  "training_gpu_2_memory_MB": 10,
  "training_gpu_3_memory_MB": 6399,
  "validation_start_acc": 0.02197802197802198,
  "validation_end_acc": 0.06593406593406594,
  "validation_span_acc": 0.0,
  "validation_em": 0.0,
  "validation_f1": 0.17334271722696673,
  "validation_loss": 9.923993587493896,
  "best_validation_start_acc": 0.01098901098901099,
  "best_validation_end_acc": 0.054945054945054944,
  "best_validation_span_acc": 0.02197802197802198,
  "best_validation_em": 0.03296703296703297,
  "best_validation_f1": 0.13598338012248526,
  "best_validation_loss": 8.78863525390625
}