{
  "best_epoch": 8,
  "peak_cpu_memory_MB": 3025.012,
  "peak_gpu_0_memory_MB": 10,
  "peak_gpu_1_memory_MB": 10,
  "peak_gpu_2_memory_MB": 10,
  "peak_gpu_3_memory_MB": 4761,
  "training_duration": "00:10:33",
  "training_start_epoch": 0,
  "training_epochs": 17,
  "epoch": 17,
  "training_start_acc": 0.9938195302843016,
  "training_end_acc": 0.9913473423980222,
  "training_span_acc": 0.9901112484548825,
  "training_em": 0.9493201483312732,
  "training_f1": 0.9776120083310919,
  "training_loss": 0.044534040578440126,
  "training_cpu_memory_MB": 3025.012,
  "training_gpu_0_memory_MB": 10,
  "training_gpu_1_memory_MB": 10,
  "training_gpu_2_memory_MB": 10,
  "training_gpu_3_memory_MB": 4761,
  "validation_start_acc": 0.0989010989010989,
  "validation_end_acc": 0.2087912087912088,
  "validation_span_acc": 0.07692307692307693,
  "validation_em": 0.08791208791208792,
  "validation_f1": 0.26790841039150776,
  "validation_loss": 13.823208649953207,
  "best_validation_start_acc": 0.15384615384615385,
  "best_validation_end_acc": 0.1978021978021978,
  "best_validation_span_acc": 0.08791208791208792,
  "best_validation_em": 0.0989010989010989,
  "best_validation_f1": 0.24376255868282493,
  "best_validation_loss": 10.267513275146484
}