{
  "best_epoch": 8,
  "peak_cpu_memory_MB": 3722.34,
  "peak_gpu_0_memory_MB": 10,
  "peak_gpu_1_memory_MB": 10,
  "peak_gpu_2_memory_MB": 10,
  "peak_gpu_3_memory_MB": 6395,
  "training_duration": "00:21:19",
  "training_start_epoch": 0,
  "training_epochs": 17,
  "epoch": 17,
  "training_start_acc": 0.6845493562231759,
  "training_end_acc": 0.7496423462088698,
  "training_span_acc": 0.5007153075822603,
  "training_em": 0.5042918454935622,
  "training_f1": 0.8174842652708014,
  "training_loss": 0.974923599511385,
  "training_cpu_memory_MB": 3722.34,
  "training_gpu_0_memory_MB": 10,
  "training_gpu_1_memory_MB": 10,
  "training_gpu_2_memory_MB": 10,
  "training_gpu_3_memory_MB": 6395,
  "validation_start_acc": 0.25274725274725274,
  "validation_end_acc": 0.37362637362637363,
  "validation_span_acc": 0.14285714285714285,
  "validation_em": 0.25274725274725274,
  "validation_f1": 0.4926703432186724,
  "validation_loss": 9.122932195663452,
  "best_validation_start_acc": 0.24175824175824176,
  "best_validation_end_acc": 0.3516483516483517,
  "best_validation_span_acc": 0.17582417582417584,
  "best_validation_em": 0.2857142857142857,
  "best_validation_f1": 0.5114575832666555,
  "best_validation_loss": 7.295680205027263
}