{
  "best_epoch": 11,
  "peak_cpu_memory_MB": 3876.204,
  "peak_gpu_0_memory_MB": 10,
  "peak_gpu_1_memory_MB": 10,
  "peak_gpu_2_memory_MB": 10,
  "peak_gpu_3_memory_MB": 6395,
  "training_duration": "00:21:23",
  "training_start_epoch": 0,
  "training_epochs": 19,
  "epoch": 19,
  "training_start_acc": 0.7017045454545454,
  "training_end_acc": 0.7741477272727273,
  "training_span_acc": 0.5305397727272727,
  "training_em": 0.5390625,
  "training_f1": 0.8300464692636788,
  "training_loss": 0.901665289293636,
  "training_cpu_memory_MB": 3876.204,
  "training_gpu_0_memory_MB": 10,
  "training_gpu_1_memory_MB": 10,
  "training_gpu_2_memory_MB": 10,
  "training_gpu_3_memory_MB": 6395,
  "validation_start_acc": 0.28888888888888886,
  "validation_end_acc": 0.32222222222222224,
  "validation_span_acc": 0.18888888888888888,
  "validation_em": 0.23333333333333334,
  "validation_f1": 0.39967686605460023,
  "validation_loss": 8.564672549565634,
  "best_validation_start_acc": 0.2222222222222222,
  "best_validation_end_acc": 0.3111111111111111,
  "best_validation_span_acc": 0.2,
  "best_validation_em": 0.24444444444444444,
  "best_validation_f1": 0.3905439641172066,
  "best_validation_loss": 7.394651095072429
}