{
  "best_epoch": 16,
  "peak_cpu_memory_MB": 3626.016,
  "peak_gpu_0_memory_MB": 10787,
  "peak_gpu_1_memory_MB": 6755,
  "peak_gpu_2_memory_MB": 7173,
  "peak_gpu_3_memory_MB": 6755,
  "training_duration": "00:05:01",
  "training_start_epoch": 0,
  "training_epochs": 19,
  "epoch": 19,
  "training_start_acc": 0.9901477832512315,
  "training_end_acc": 0.9802955665024631,
  "training_span_acc": 0.9802955665024631,
  "training_em": 0.9211822660098522,
  "training_f1": 0.9557475561131786,
  "training_loss": 0.07693694395801196,
  "training_cpu_memory_MB": 3626.016,
  "training_gpu_0_memory_MB": 10787,
  "training_gpu_1_memory_MB": 6755,
  "training_gpu_2_memory_MB": 7173,
  "training_gpu_3_memory_MB": 6755,
  "validation_start_acc": 0.07777777777777778,
  "validation_end_acc": 0.13333333333333333,
  "validation_span_acc": 0.011111111111111112,
  "validation_em": 0.05555555555555555,
  "validation_f1": 0.23443824566149477,
  "validation_loss": 13.602104028066,
  "best_validation_start_acc": 0.07777777777777778,
  "best_validation_end_acc": 0.16666666666666666,
  "best_validation_span_acc": 0.044444444444444446,
  "best_validation_em": 0.1,
  "best_validation_f1": 0.28378464657553665,
  "best_validation_loss": 14.096034208933512
}