{
  "best_epoch": 17,
  "peak_cpu_memory_MB": 3656.296,
  "peak_gpu_0_memory_MB": 10,
  "peak_gpu_1_memory_MB": 10,
  "peak_gpu_2_memory_MB": 10,
  "peak_gpu_3_memory_MB": 5705,
  "training_duration": "00:09:42",
  "training_start_epoch": 0,
  "training_epochs": 19,
  "epoch": 19,
  "training_start_acc": 0.9975247524752475,
  "training_end_acc": 0.9975247524752475,
  "training_span_acc": 0.9975247524752475,
  "training_em": 0.9381188118811881,
  "training_f1": 0.9773196228817088,
  "training_loss": 0.026580417313827917,
  "training_cpu_memory_MB": 3656.296,
  "training_gpu_0_memory_MB": 10,
  "training_gpu_1_memory_MB": 10,
  "training_gpu_2_memory_MB": 10,
  "training_gpu_3_memory_MB": 5705,
  "validation_start_acc": 0.16483516483516483,
  "validation_end_acc": 0.17582417582417584,
  "validation_span_acc": 0.0989010989010989,
  "validation_em": 0.0989010989010989,
  "validation_f1": 0.2853618322810031,
  "validation_loss": 13.293844858805338,
  "best_validation_start_acc": 0.14285714285714285,
  "best_validation_end_acc": 0.1978021978021978,
  "best_validation_span_acc": 0.0989010989010989,
  "best_validation_em": 0.0989010989010989,
  "best_validation_f1": 0.29073482706020287,
  "best_validation_loss": 12.597807089487711
}