{
  "best_epoch": 4,
  "peak_cpu_memory_MB": 3656.296,
  "peak_gpu_0_memory_MB": 10,
  "peak_gpu_1_memory_MB": 10,
  "peak_gpu_2_memory_MB": 10,
  "peak_gpu_3_memory_MB": 5707,
  "training_duration": "00:03:02",
  "training_start_epoch": 0,
  "training_epochs": 13,
  "epoch": 13,
  "training_start_acc": 0.9425837320574163,
  "training_end_acc": 0.9090909090909091,
  "training_span_acc": 0.9186602870813397,
  "training_em": 0.9043062200956937,
  "training_f1": 0.9283431669089772,
  "training_loss": 0.4528869071177074,
  "training_cpu_memory_MB": 3656.296,
  "training_gpu_0_memory_MB": 10,
  "training_gpu_1_memory_MB": 10,
  "training_gpu_2_memory_MB": 10,
  "training_gpu_3_memory_MB": 5707,
  "validation_start_acc": 0.05555555555555555,
  "validation_end_acc": 0.06666666666666667,
  "validation_span_acc": 0.022222222222222223,
  "validation_em": 0.022222222222222223,
  "validation_f1": 0.12905735670453672,
  "validation_loss": 11.60100825627645,
  "best_validation_start_acc": 0.06666666666666667,
  "best_validation_end_acc": 0.06666666666666667,
  "best_validation_span_acc": 0.044444444444444446,
  "best_validation_em": 0.05555555555555555,
  "best_validation_f1": 0.17480170155934627,
  "best_validation_loss": 8.346422036488852
}