{
  "best_epoch": 19,
  "peak_cpu_memory_MB": 3632.992,
  "peak_gpu_0_memory_MB": 10,
  "peak_gpu_1_memory_MB": 10,
  "peak_gpu_2_memory_MB": 10,
  "peak_gpu_3_memory_MB": 5739,
  "training_duration": "00:01:57",
  "training_start_epoch": 0,
  "training_epochs": 19,
  "epoch": 19,
  "training_start_acc": 0.9170812603648425,
  "training_end_acc": 0.9237147595356551,
  "training_span_acc": 0.8839137645107794,
  "training_em": 0.8606965174129353,
  "training_f1": 0.934594578657165,
  "training_loss": 0.5234944561594411,
  "training_cpu_memory_MB": 3632.992,
  "training_gpu_0_memory_MB": 10,
  "training_gpu_1_memory_MB": 10,
  "training_gpu_2_memory_MB": 10,
  "training_gpu_3_memory_MB": 5739,
  "validation_start_acc": 0.13186813186813187,
  "validation_end_acc": 0.16483516483516483,
  "validation_span_acc": 0.06593406593406594,
  "validation_em": 0.07692307692307693,
  "validation_f1": 0.25562688409005346,
  "validation_loss": 14.28972085316976,
  "best_validation_start_acc": 0.13186813186813187,
  "best_validation_end_acc": 0.16483516483516483,
  "best_validation_span_acc": 0.06593406593406594,
  "best_validation_em": 0.07692307692307693,
  "best_validation_f1": 0.25562688409005346,
  "best_validation_loss": 14.28972085316976
}