{
  "best_epoch": 12,
  "peak_cpu_memory_MB": 3524.072,
  "peak_gpu_0_memory_MB": 10,
  "peak_gpu_1_memory_MB": 10,
  "peak_gpu_2_memory_MB": 10,
  "peak_gpu_3_memory_MB": 4785,
  "training_duration": "00:16:52",
  "training_start_epoch": 0,
  "training_epochs": 19,
  "epoch": 19,
  "training_start_acc": 0.9962917181705809,
  "training_end_acc": 0.992583436341162,
  "training_span_acc": 0.992583436341162,
  "training_em": 0.9567367119901112,
  "training_f1": 0.9800741045906503,
  "training_loss": 0.04683612129997974,
  "training_cpu_memory_MB": 3524.072,
  "training_gpu_0_memory_MB": 10,
  "training_gpu_1_memory_MB": 10,
  "training_gpu_2_memory_MB": 10,
  "training_gpu_3_memory_MB": 4785,
  "validation_start_acc": 0.1978021978021978,
  "validation_end_acc": 0.26373626373626374,
  "validation_span_acc": 0.14285714285714285,
  "validation_em": 0.15384615384615385,
  "validation_f1": 0.31610605403591735,
  "validation_loss": 13.44676160812378,
  "best_validation_start_acc": 0.23076923076923078,
  "best_validation_end_acc": 0.1978021978021978,
  "best_validation_span_acc": 0.16483516483516483,
  "best_validation_em": 0.16483516483516483,
  "best_validation_f1": 0.2959604192873356,
  "best_validation_loss": 10.761627674102783
}