{
  "best_epoch": 14,
  "peak_cpu_memory_MB": 3593.744,
  "peak_gpu_0_memory_MB": 8903,
  "peak_gpu_1_memory_MB": 10,
  "peak_gpu_2_memory_MB": 10,
  "peak_gpu_3_memory_MB": 4001,
  "training_duration": "00:02:25",
  "training_start_epoch": 0,
  "training_epochs": 19,
  "epoch": 19,
  "training_start_acc": 0.934156378600823,
  "training_end_acc": 0.9506172839506173,
  "training_span_acc": 0.9094650205761317,
  "training_em": 0.897119341563786,
  "training_f1": 0.9560872600763132,
  "training_loss": 0.41025705020064895,
  "training_cpu_memory_MB": 3593.744,
  "training_gpu_0_memory_MB": 8903,
  "training_gpu_1_memory_MB": 10,
  "training_gpu_2_memory_MB": 10,
  "training_gpu_3_memory_MB": 4001,
  "validation_start_acc": 0.1111111111111111,
  "validation_end_acc": 0.2857142857142857,
  "validation_span_acc": 0.06349206349206349,
  "validation_em": 0.15873015873015872,
  "validation_f1": 0.40660230422351723,
  "validation_loss": 13.54296875,
  "best_validation_start_acc": 0.1111111111111111,
  "best_validation_end_acc": 0.30158730158730157,
  "best_validation_span_acc": 0.09523809523809523,
  "best_validation_em": 0.19047619047619047,
  "best_validation_f1": 0.40064340082029676,
  "best_validation_loss": 12.619495153427124
}