{
  "best_epoch": 7,
  "peak_cpu_memory_MB": 3866.676,
  "peak_gpu_0_memory_MB": 10,
  "peak_gpu_1_memory_MB": 10,
  "peak_gpu_2_memory_MB": 10,
  "peak_gpu_3_memory_MB": 4237,
  "training_duration": "00:03:01",
  "training_start_epoch": 0,
  "training_epochs": 16,
  "epoch": 16,
  "training_start_acc": 0.7046979865771812,
  "training_end_acc": 0.8322147651006712,
  "training_span_acc": 0.5704697986577181,
  "training_em": 0.5906040268456376,
  "training_f1": 0.8579237356565546,
  "training_loss": 0.9689301311969757,
  "training_cpu_memory_MB": 3866.676,
  "training_gpu_0_memory_MB": 10,
  "training_gpu_1_memory_MB": 10,
  "training_gpu_2_memory_MB": 10,
  "training_gpu_3_memory_MB": 4237,
  "validation_start_acc": 0.08045977011494253,
  "validation_end_acc": 0.10344827586206896,
  "validation_span_acc": 0.022988505747126436,
  "validation_em": 0.022988505747126436,
  "validation_f1": 0.19069306619761733,
  "validation_loss": 10.397505124409994,
  "best_validation_start_acc": 0.10344827586206896,
  "best_validation_end_acc": 0.09195402298850575,
  "best_validation_span_acc": 0.04597701149425287,
  "best_validation_em": 0.04597701149425287,
  "best_validation_f1": 0.18603870771127048,
  "best_validation_loss": 9.309961636861166
}