{
  "best_epoch": 19,
  "peak_cpu_memory_MB": 3656.94,
  "peak_gpu_0_memory_MB": 8903,
  "peak_gpu_1_memory_MB": 10,
  "peak_gpu_2_memory_MB": 10,
  "peak_gpu_3_memory_MB": 5729,
  "training_duration": "00:14:06",
  "training_start_epoch": 0,
  "training_epochs": 19,
  "epoch": 19,
  "training_start_acc": 0.9867330016583747,
  "training_end_acc": 0.9767827529021559,
  "training_span_acc": 0.9751243781094527,
  "training_em": 0.9336650082918739,
  "training_f1": 0.9748401073325104,
  "training_loss": 0.12842514493355625,
  "training_cpu_memory_MB": 3656.94,
  "training_gpu_0_memory_MB": 8903,
  "training_gpu_1_memory_MB": 10,
  "training_gpu_2_memory_MB": 10,
  "training_gpu_3_memory_MB": 5729,
  "validation_start_acc": 0.1978021978021978,
  "validation_end_acc": 0.18681318681318682,
  "validation_span_acc": 0.0989010989010989,
  "validation_em": 0.16483516483516483,
  "validation_f1": 0.3429492600579926,
  "validation_loss": 13.942573547363281,
  "best_validation_start_acc": 0.1978021978021978,
  "best_validation_end_acc": 0.18681318681318682,
  "best_validation_span_acc": 0.0989010989010989,
  "best_validation_em": 0.16483516483516483,
  "best_validation_f1": 0.3429492600579926,
  "best_validation_loss": 13.942573547363281
}