{
  "best_epoch": 19,
  "peak_cpu_memory_MB": 3659.656,
  "peak_gpu_0_memory_MB": 10787,
  "peak_gpu_1_memory_MB": 10,
  "peak_gpu_2_memory_MB": 10,
  "peak_gpu_3_memory_MB": 5705,
  "training_duration": "00:08:02",
  "training_start_epoch": 0,
  "training_epochs": 19,
  "epoch": 19,
  "training_start_acc": 0.9949367088607595,
  "training_end_acc": 0.9974683544303797,
  "training_span_acc": 0.9949367088607595,
  "training_em": 0.9518987341772152,
  "training_f1": 0.983156864737675,
  "training_loss": 0.04167312989011407,
  "training_cpu_memory_MB": 3659.656,
  "training_gpu_0_memory_MB": 10787,
  "training_gpu_1_memory_MB": 10,
  "training_gpu_2_memory_MB": 10,
  "training_gpu_3_memory_MB": 5705,
  "validation_start_acc": 0.14444444444444443,
  "validation_end_acc": 0.14444444444444443,
  "validation_span_acc": 0.1,
  "validation_em": 0.13333333333333333,
  "validation_f1": 0.2797070121700154,
  "validation_loss": 12.687516212463379,
  "best_validation_start_acc": 0.14444444444444443,
  "best_validation_end_acc": 0.14444444444444443,
  "best_validation_span_acc": 0.1,
  "best_validation_em": 0.13333333333333333,
  "best_validation_f1": 0.2797070121700154,
  "best_validation_loss": 12.687516212463379
}