{
  "best_epoch": 4,
  "peak_cpu_memory_MB": 3879.86,
  "peak_gpu_0_memory_MB": 10,
  "peak_gpu_1_memory_MB": 10,
  "peak_gpu_2_memory_MB": 10,
  "peak_gpu_3_memory_MB": 4237,
  "training_duration": "00:10:07",
  "training_start_epoch": 0,
  "training_epochs": 13,
  "epoch": 13,
  "training_start_acc": 0.6772639691714836,
  "training_end_acc": 0.7427745664739884,
  "training_span_acc": 0.4903660886319846,
  "training_em": 0.4951830443159923,
  "training_f1": 0.8113664325695312,
  "training_loss": 1.0640243099286006,
  "training_cpu_memory_MB": 3879.86,
  "training_gpu_0_memory_MB": 10,
  "training_gpu_1_memory_MB": 10,
  "training_gpu_2_memory_MB": 10,
  "training_gpu_3_memory_MB": 4237,
  "validation_start_acc": 0.15555555555555556,
  "validation_end_acc": 0.2,
  "validation_span_acc": 0.05555555555555555,
  "validation_em": 0.08888888888888889,
  "validation_f1": 0.3332820466697883,
  "validation_loss": 10.420334180196127,
  "best_validation_start_acc": 0.16666666666666666,
  "best_validation_end_acc": 0.18888888888888888,
  "best_validation_span_acc": 0.07777777777777778,
  "best_validation_em": 0.1111111111111111,
  "best_validation_f1": 0.3246426824317156,
  "best_validation_loss": 7.491095066070557
}