{
  "best_epoch": 10,
  "peak_cpu_memory_MB": 3879.86,
  "peak_gpu_0_memory_MB": 10,
  "peak_gpu_1_memory_MB": 10,
  "peak_gpu_2_memory_MB": 10,
  "peak_gpu_3_memory_MB": 4237,
  "training_duration": "00:10:04",
  "training_start_epoch": 0,
  "training_epochs": 19,
  "epoch": 19,
  "training_start_acc": 0.6788856304985337,
  "training_end_acc": 0.8093841642228738,
  "training_span_acc": 0.5278592375366569,
  "training_em": 0.5381231671554252,
  "training_f1": 0.8359428566315743,
  "training_loss": 0.9162676375965739,
  "training_cpu_memory_MB": 3879.86,
  "training_gpu_0_memory_MB": 10,
  "training_gpu_1_memory_MB": 10,
  "training_gpu_2_memory_MB": 10,
  "training_gpu_3_memory_MB": 4237,
  "validation_start_acc": 0.16666666666666666,
  "validation_end_acc": 0.16666666666666666,
  "validation_span_acc": 0.044444444444444446,
  "validation_em": 0.05555555555555555,
  "validation_f1": 0.26943701263114855,
  "validation_loss": 11.748491128285727,
  "best_validation_start_acc": 0.15555555555555556,
  "best_validation_end_acc": 0.14444444444444443,
  "best_validation_span_acc": 0.05555555555555555,
  "best_validation_em": 0.07777777777777778,
  "best_validation_f1": 0.2765744434478154,
  "best_validation_loss": 10.088765780131022
}