{
  "best_epoch": 0,
  "peak_cpu_memory_MB": 2618.208,
  "peak_gpu_0_memory_MB": 10787,
  "peak_gpu_1_memory_MB": 10,
  "peak_gpu_2_memory_MB": 10,
  "peak_gpu_3_memory_MB": 5265,
  "training_duration": "00:02:03",
  "training_start_epoch": 0,
  "training_epochs": 9,
  "epoch": 9,
  "training_start_acc": 0.03584672435105068,
  "training_end_acc": 0.10259579728059333,
  "training_span_acc": 0.014833127317676144,
  "training_em": 0.016069221260815822,
  "training_f1": 0.15298707506270706,
  "training_loss": 8.152794492010976,
  "training_cpu_memory_MB": 2618.208,
  "training_gpu_0_memory_MB": 10787,
  "training_gpu_1_memory_MB": 10,
  "training_gpu_2_memory_MB": 10,
  "training_gpu_3_memory_MB": 5265,
  "validation_start_acc": 0.02197802197802198,
  "validation_end_acc": 0.054945054945054944,
  "validation_span_acc": 0.0,
  "validation_em": 0.0,
  "validation_f1": 0.153838669065051,
  "validation_loss": 8.186431646347046,
  "best_validation_start_acc": 0.03296703296703297,
  "best_validation_end_acc": 0.07692307692307693,
  "best_validation_span_acc": 0.0,
  "best_validation_em": 0.0,
  "best_validation_f1": 0.13484065442537455,
  "best_validation_loss": 9.471787293752035
}