{
  "best_epoch": 6,
  "peak_cpu_memory_MB": 3856.236,
  "peak_gpu_0_memory_MB": 10,
  "peak_gpu_1_memory_MB": 10,
  "peak_gpu_2_memory_MB": 10,
  "peak_gpu_3_memory_MB": 4237,
  "training_duration": "00:03:20",
  "training_start_epoch": 0,
  "training_epochs": 15,
  "epoch": 15,
  "training_start_acc": 0.676056338028169,
  "training_end_acc": 0.7676056338028169,
  "training_span_acc": 0.5140845070422535,
  "training_em": 0.5140845070422535,
  "training_f1": 0.8149886902456014,
  "training_loss": 1.3171868324279785,
  "training_cpu_memory_MB": 3856.236,
  "training_gpu_0_memory_MB": 10,
  "training_gpu_1_memory_MB": 10,
  "training_gpu_2_memory_MB": 10,
  "training_gpu_3_memory_MB": 4237,
  "validation_start_acc": 0.05555555555555555,
  "validation_end_acc": 0.12222222222222222,
  "validation_span_acc": 0.0,
  "validation_em": 0.05555555555555555,
  "validation_f1": 0.24003967182531863,
  "validation_loss": 9.923253377278646,
  "best_validation_start_acc": 0.03333333333333333,
  "best_validation_end_acc": 0.1,
  "best_validation_span_acc": 0.011111111111111112,
  "best_validation_em": 0.06666666666666667,
  "best_validation_f1": 0.21649237371227364,
  "best_validation_loss": 9.095587889353434
}