{
  "best_epoch": 10,
  "peak_cpu_memory_MB": 3659.656,
  "peak_gpu_0_memory_MB": 10787,
  "peak_gpu_1_memory_MB": 10,
  "peak_gpu_2_memory_MB": 10,
  "peak_gpu_3_memory_MB": 5707,
  "training_duration": "00:02:48",
  "training_start_epoch": 0,
  "training_epochs": 19,
  "epoch": 19,
  "training_start_acc": 0.9,
  "training_end_acc": 0.9375,
  "training_span_acc": 0.925,
  "training_em": 0.875,
  "training_f1": 0.9149797789929369,
  "training_loss": 0.788756811618805,
  "training_cpu_memory_MB": 3659.656,
  "training_gpu_0_memory_MB": 10787,
  "training_gpu_1_memory_MB": 10,
  "training_gpu_2_memory_MB": 10,
  "training_gpu_3_memory_MB": 5707,
  "validation_start_acc": 0.08888888888888889,
  "validation_end_acc": 0.1111111111111111,
  "validation_span_acc": 0.022222222222222223,
  "validation_em": 0.06666666666666667,
  "validation_f1": 0.22142533541862,
  "validation_loss": 9.602129141489664,
  "best_validation_start_acc": 0.06666666666666667,
  "best_validation_end_acc": 0.1,
  "best_validation_span_acc": 0.022222222222222223,
  "best_validation_em": 0.07777777777777778,
  "best_validation_f1": 0.2422279141524684,
  "best_validation_loss": 9.817650953928629
}