{
  "best_epoch": 2,
  "peak_cpu_memory_MB": 2708.152,
  "peak_gpu_0_memory_MB": 8903,
  "peak_gpu_1_memory_MB": 10,
  "peak_gpu_2_memory_MB": 10,
  "peak_gpu_3_memory_MB": 5519,
  "training_duration": "00:00:29",
  "training_start_epoch": 0,
  "training_epochs": 11,
  "epoch": 11,
  "training_start_acc": 0.2639593908629442,
  "training_end_acc": 0.27918781725888325,
  "training_span_acc": 0.16751269035532995,
  "training_em": 0.17258883248730963,
  "training_f1": 0.27184102538108806,
  "training_loss": 4.354493948129507,
  "training_cpu_memory_MB": 2708.152,
  "training_gpu_0_memory_MB": 8903,
  "training_gpu_1_memory_MB": 10,
  "training_gpu_2_memory_MB": 10,
  "training_gpu_3_memory_MB": 5519,
  "validation_start_acc": 0.06593406593406594,
  "validation_end_acc": 0.08791208791208792,
  "validation_span_acc": 0.01098901098901099,
  "validation_em": 0.01098901098901099,
  "validation_f1": 0.14493144365398183,
  "validation_loss": 10.511256694793701,
  "best_validation_start_acc": 0.01098901098901099,
  "best_validation_end_acc": 0.08791208791208792,
  "best_validation_span_acc": 0.03296703296703297,
  "best_validation_em": 0.03296703296703297,
  "best_validation_f1": 0.17500317911334073,
  "best_validation_loss": 8.724750916163126
}