{
  "best_epoch": 4,
  "peak_cpu_memory_MB": 3867.7,
  "peak_gpu_0_memory_MB": 10,
  "peak_gpu_1_memory_MB": 10,
  "peak_gpu_2_memory_MB": 10,
  "peak_gpu_3_memory_MB": 6395,
  "training_duration": "00:07:06",
  "training_start_epoch": 0,
  "training_epochs": 13,
  "epoch": 13,
  "training_start_acc": 0.6540697674418605,
  "training_end_acc": 0.7558139534883721,
  "training_span_acc": 0.49273255813953487,
  "training_em": 0.5058139534883721,
  "training_f1": 0.8128647663722839,
  "training_loss": 1.1457885254261106,
  "training_cpu_memory_MB": 3867.7,
  "training_gpu_0_memory_MB": 10,
  "training_gpu_1_memory_MB": 10,
  "training_gpu_2_memory_MB": 10,
  "training_gpu_3_memory_MB": 6395,
  "validation_start_acc": 0.15555555555555556,
  "validation_end_acc": 0.17777777777777778,
  "validation_span_acc": 0.05555555555555555,
  "validation_em": 0.08888888888888889,
  "validation_f1": 0.2957973535639192,
  "validation_loss": 9.613479137420654,
  "best_validation_start_acc": 0.17777777777777778,
  "best_validation_end_acc": 0.18888888888888888,
  "best_validation_span_acc": 0.08888888888888889,
  "best_validation_em": 0.14444444444444443,
  "best_validation_f1": 0.3141676231098505,
  "best_validation_loss": 7.437745491663615
}