{
  "best_epoch": 8,
  "peak_cpu_memory_MB": 3626.016,
  "peak_gpu_0_memory_MB": 10787,
  "peak_gpu_1_memory_MB": 4159,
  "peak_gpu_2_memory_MB": 7173,
  "peak_gpu_3_memory_MB": 4159,
  "training_duration": "00:11:35",
  "training_start_epoch": 0,
  "training_epochs": 17,
  "epoch": 17,
  "training_start_acc": 0.9987654320987654,
  "training_end_acc": 0.9950617283950617,
  "training_span_acc": 0.9938271604938271,
  "training_em": 0.9555555555555556,
  "training_f1": 0.9807644357247141,
  "training_loss": 0.02677553076315306,
  "training_cpu_memory_MB": 3626.016,
  "training_gpu_0_memory_MB": 10787,
  "training_gpu_1_memory_MB": 4159,
  "training_gpu_2_memory_MB": 7173,
  "training_gpu_3_memory_MB": 4159,
  "validation_start_acc": 0.17777777777777778,
  "validation_end_acc": 0.17777777777777778,
  "validation_span_acc": 0.05555555555555555,
  "validation_em": 0.1111111111111111,
  "validation_f1": 0.28878698901083155,
  "validation_loss": 12.755096594492594,
  "best_validation_start_acc": 0.2222222222222222,
  "best_validation_end_acc": 0.2222222222222222,
  "best_validation_span_acc": 0.1111111111111111,
  "best_validation_em": 0.13333333333333333,
  "best_validation_f1": 0.3199196976615037,
  "best_validation_loss": 9.18881106376648
}