{
  "best_epoch": 3,
  "peak_cpu_memory_MB": 3632.992,
  "peak_gpu_0_memory_MB": 10,
  "peak_gpu_1_memory_MB": 10,
  "peak_gpu_2_memory_MB": 10,
  "peak_gpu_3_memory_MB": 5739,
  "training_duration": "00:00:18",
  "training_start_epoch": 0,
  "training_epochs": 12,
  "epoch": 12,
  "training_start_acc": 0.23170731707317074,
  "training_end_acc": 0.32926829268292684,
  "training_span_acc": 0.15853658536585366,
  "training_em": 0.15853658536585366,
  "training_f1": 0.2731254063758637,
  "training_loss": 4.466286142667134,
  "training_cpu_memory_MB": 3632.992,
  "training_gpu_0_memory_MB": 10,
  "training_gpu_1_memory_MB": 10,
  "training_gpu_2_memory_MB": 10,
  "training_gpu_3_memory_MB": 5739,
  "validation_start_acc": 0.01098901098901099,
  "validation_end_acc": 0.054945054945054944,
  "validation_span_acc": 0.0,
  "validation_em": 0.01098901098901099,
  "validation_f1": 0.11544754341479571,
  "validation_loss": 11.180116176605225,
  "best_validation_start_acc": 0.0,
  "best_validation_end_acc": 0.04395604395604396,
  "best_validation_span_acc": 0.0,
  "best_validation_em": 0.03296703296703297,
  "best_validation_f1": 0.14104932438442827,
  "best_validation_loss": 8.994399229685465
}