{
  "best_epoch": 18,
  "peak_cpu_memory_MB": 3656.296,
  "peak_gpu_0_memory_MB": 10,
  "peak_gpu_1_memory_MB": 10,
  "peak_gpu_2_memory_MB": 10,
  "peak_gpu_3_memory_MB": 5705,
  "training_duration": "00:09:27",
  "training_start_epoch": 0,
  "training_epochs": 19,
  "epoch": 19,
  "training_start_acc": 0.9901639344262295,
  "training_end_acc": 0.9934426229508196,
  "training_span_acc": 0.9885245901639345,
  "training_em": 0.9491803278688524,
  "training_f1": 0.9744266886689826,
  "training_loss": 0.04258092230138106,
  "training_cpu_memory_MB": 3656.296,
  "training_gpu_0_memory_MB": 10,
  "training_gpu_1_memory_MB": 10,
  "training_gpu_2_memory_MB": 10,
  "training_gpu_3_memory_MB": 5705,
  "validation_start_acc": 0.13333333333333333,
  "validation_end_acc": 0.15555555555555556,
  "validation_span_acc": 0.08888888888888889,
  "validation_em": 0.1111111111111111,
  "validation_f1": 0.24837356836425736,
  "validation_loss": 14.216854413350424,
  "best_validation_start_acc": 0.17777777777777778,
  "best_validation_end_acc": 0.2,
  "best_validation_span_acc": 0.1,
  "best_validation_em": 0.1111111111111111,
  "best_validation_f1": 0.26584338091798165,
  "best_validation_loss": 13.239618301391602
}