{
  "best_epoch": 15,
  "peak_cpu_memory_MB": 2721.744,
  "peak_gpu_0_memory_MB": 10,
  "peak_gpu_1_memory_MB": 10,
  "peak_gpu_2_memory_MB": 10,
  "peak_gpu_3_memory_MB": 4867,
  "training_duration": "00:01:25",
  "training_start_epoch": 0,
  "training_epochs": 19,
  "epoch": 19,
  "training_start_acc": 0.5092348284960422,
  "training_end_acc": 0.7229551451187335,
  "training_span_acc": 0.34564643799472294,
  "training_em": 0.35092348284960423,
  "training_f1": 0.7412639473801589,
  "training_loss": 2.3354249000549316,
  "training_cpu_memory_MB": 2721.744,
  "training_gpu_0_memory_MB": 10,
  "training_gpu_1_memory_MB": 10,
  "training_gpu_2_memory_MB": 10,
  "training_gpu_3_memory_MB": 4867,
  "validation_start_acc": 0.03296703296703297,
  "validation_end_acc": 0.10989010989010989,
  "validation_span_acc": 0.02197802197802198,
  "validation_em": 0.04395604395604396,
  "validation_f1": 0.21662824160328412,
  "validation_loss": 11.802607218424479,
  "best_validation_start_acc": 0.054945054945054944,
  "best_validation_end_acc": 0.12087912087912088,
  "best_validation_span_acc": 0.04395604395604396,
  "best_validation_em": 0.054945054945054944,
  "best_validation_f1": 0.2214534585534572,
  "best_validation_loss": 10.966799894968668
}