{
  "best_epoch": 10,
  "peak_cpu_memory_MB": 3659.656,
  "peak_gpu_0_memory_MB": 10787,
  "peak_gpu_1_memory_MB": 10,
  "peak_gpu_2_memory_MB": 10,
  "peak_gpu_3_memory_MB": 5707,
  "training_duration": "00:04:58",
  "training_start_epoch": 0,
  "training_epochs": 19,
  "epoch": 19,
  "training_start_acc": 0.9705882352941176,
  "training_end_acc": 0.946078431372549,
  "training_span_acc": 0.9509803921568627,
  "training_em": 0.9215686274509803,
  "training_f1": 0.9662422713130635,
  "training_loss": 0.3759540216280864,
  "training_cpu_memory_MB": 3659.656,
  "training_gpu_0_memory_MB": 10787,
  "training_gpu_1_memory_MB": 10,
  "training_gpu_2_memory_MB": 10,
  "training_gpu_3_memory_MB": 5707,
  "validation_start_acc": 0.03333333333333333,
  "validation_end_acc": 0.15555555555555556,
  "validation_span_acc": 0.011111111111111112,
  "validation_em": 0.022222222222222223,
  "validation_f1": 0.23259048681709293,
  "validation_loss": 10.069793065388998,
  "best_validation_start_acc": 0.044444444444444446,
  "best_validation_end_acc": 0.14444444444444443,
  "best_validation_span_acc": 0.0,
  "best_validation_em": 0.03333333333333333,
  "best_validation_f1": 0.22351521608558902,
  "best_validation_loss": 9.40121603012085
}