{
  "best_epoch": 6,
  "peak_cpu_memory_MB": 3866.676,
  "peak_gpu_0_memory_MB": 10,
  "peak_gpu_1_memory_MB": 10,
  "peak_gpu_2_memory_MB": 10,
  "peak_gpu_3_memory_MB": 4237,
  "training_duration": "00:08:27",
  "training_start_epoch": 0,
  "training_epochs": 15,
  "epoch": 15,
  "training_start_acc": 0.6822695035460993,
  "training_end_acc": 0.7702127659574468,
  "training_span_acc": 0.5134751773049645,
  "training_em": 0.5163120567375886,
  "training_f1": 0.8288515836469743,
  "training_loss": 1.0429880023002625,
  "training_cpu_memory_MB": 3866.676,
  "training_gpu_0_memory_MB": 10,
  "training_gpu_1_memory_MB": 10,
  "training_gpu_2_memory_MB": 10,
  "training_gpu_3_memory_MB": 4237,
  "validation_start_acc": 0.17582417582417584,
  "validation_end_acc": 0.17582417582417584,
  "validation_span_acc": 0.06593406593406594,
  "validation_em": 0.06593406593406594,
  "validation_f1": 0.28642651537851654,
  "validation_loss": 10.652837753295898,
  "best_validation_start_acc": 0.15384615384615385,
  "best_validation_end_acc": 0.18681318681318682,
  "best_validation_span_acc": 0.08791208791208792,
  "best_validation_em": 0.0989010989010989,
  "best_validation_f1": 0.3005725743112775,
  "best_validation_loss": 8.710153897603353
}