{
  "best_epoch": 14,
  "peak_cpu_memory_MB": 3621.028,
  "peak_gpu_0_memory_MB": 10787,
  "peak_gpu_1_memory_MB": 4159,
  "peak_gpu_2_memory_MB": 7173,
  "peak_gpu_3_memory_MB": 4159,
  "training_duration": "00:12:59",
  "training_start_epoch": 0,
  "training_epochs": 19,
  "epoch": 19,
  "training_start_acc": 0.991358024691358,
  "training_end_acc": 0.9876543209876543,
  "training_span_acc": 0.9851851851851852,
  "training_em": 0.9444444444444444,
  "training_f1": 0.9728708374157952,
  "training_loss": 0.051151305683614576,
  "training_cpu_memory_MB": 3621.028,
  "training_gpu_0_memory_MB": 10787,
  "training_gpu_1_memory_MB": 4159,
  "training_gpu_2_memory_MB": 7173,
  "training_gpu_3_memory_MB": 4159,
  "validation_start_acc": 0.13333333333333333,
  "validation_end_acc": 0.18888888888888888,
  "validation_span_acc": 0.05555555555555555,
  "validation_em": 0.06666666666666667,
  "validation_f1": 0.2579404930288418,
  "validation_loss": 14.030758539835611,
  "best_validation_start_acc": 0.15555555555555556,
  "best_validation_end_acc": 0.3,
  "best_validation_span_acc": 0.12222222222222222,
  "best_validation_em": 0.12222222222222222,
  "best_validation_f1": 0.3108101729496611,
  "best_validation_loss": 11.713026682535807
}