{
  "best_epoch": 0,
  "peak_cpu_memory_MB": 2739.988,
  "peak_gpu_0_memory_MB": 5473,
  "peak_gpu_1_memory_MB": 0,
  "peak_gpu_2_memory_MB": 0,
  "peak_gpu_3_memory_MB": 607,
  "training_duration": "00:01:48",
  "training_start_epoch": 0,
  "training_epochs": 9,
  "epoch": 9,
  "training_start_acc": 0.20770519262981574,
  "training_end_acc": 0.24958123953098826,
  "training_span_acc": 0.1323283082077052,
  "training_em": 0.1407035175879397,
  "training_f1": 0.2560130507432231,
  "training_loss": 4.575945703606856,
  "training_cpu_memory_MB": 2739.988,
  "training_gpu_0_memory_MB": 5473,
  "training_gpu_1_memory_MB": 0,
  "training_gpu_2_memory_MB": 0,
  "training_gpu_3_memory_MB": 607,
  "validation_start_acc": 0.05555555555555555,
  "validation_end_acc": 0.06666666666666667,
  "validation_span_acc": 0.011111111111111112,
  "validation_em": 0.011111111111111112,
  "validation_f1": 0.10455600355868412,
  "validation_loss": 10.534164110819498,
  "best_validation_start_acc": 0.044444444444444446,
  "best_validation_end_acc": 0.05555555555555555,
  "best_validation_span_acc": 0.0,
  "best_validation_em": 0.011111111111111112,
  "best_validation_f1": 0.13390499685791793,
  "best_validation_loss": 8.528465429941813
}