{
  "best_epoch": 5,
  "peak_cpu_memory_MB": 3626.016,
  "peak_gpu_0_memory_MB": 10787,
  "peak_gpu_1_memory_MB": 4979,
  "peak_gpu_2_memory_MB": 7173,
  "peak_gpu_3_memory_MB": 4979,
  "training_duration": "00:07:34",
  "training_start_epoch": 0,
  "training_epochs": 14,
  "epoch": 14,
  "training_start_acc": 0.9865771812080537,
  "training_end_acc": 0.9848993288590604,
  "training_span_acc": 0.9798657718120806,
  "training_em": 0.9412751677852349,
  "training_f1": 0.9706821469758997,
  "training_loss": 0.09645729833037446,
  "training_cpu_memory_MB": 3626.016,
  "training_gpu_0_memory_MB": 10787,
  "training_gpu_1_memory_MB": 4979,
  "training_gpu_2_memory_MB": 7173,
  "training_gpu_3_memory_MB": 4979,
  "validation_start_acc": 0.1,
  "validation_end_acc": 0.18888888888888888,
  "validation_span_acc": 0.03333333333333333,
  "validation_em": 0.08888888888888889,
  "validation_f1": 0.3156993422877846,
  "validation_loss": 13.069778601328531,
  "best_validation_start_acc": 0.1111111111111111,
  "best_validation_end_acc": 0.13333333333333333,
  "best_validation_span_acc": 0.044444444444444446,
  "best_validation_em": 0.12222222222222222,
  "best_validation_f1": 0.3255347105430643,
  "best_validation_loss": 8.169925848642984
}