{
  "best_epoch": 15,
  "peak_cpu_memory_MB": 2739.988,
  "peak_gpu_0_memory_MB": 6121,
  "peak_gpu_1_memory_MB": 0,
  "peak_gpu_2_memory_MB": 0,
  "peak_gpu_3_memory_MB": 607,
  "training_duration": "00:02:39",
  "training_start_epoch": 0,
  "training_epochs": 19,
  "epoch": 19,
  "training_start_acc": 0.2813299232736573,
  "training_end_acc": 0.2966751918158568,
  "training_span_acc": 0.1483375959079284,
  "training_em": 0.15601023017902813,
  "training_f1": 0.2727270079242272,
  "training_loss": 3.800649471282959,
  "training_cpu_memory_MB": 2739.988,
  "training_gpu_0_memory_MB": 6121,
  "training_gpu_1_memory_MB": 0,
  "training_gpu_2_memory_MB": 0,
  "training_gpu_3_memory_MB": 607,
  "validation_start_acc": 0.1111111111111111,
  "validation_end_acc": 0.13333333333333333,
  "validation_span_acc": 0.011111111111111112,
  "validation_em": 0.011111111111111112,
  "validation_f1": 0.16542057469222607,
  "validation_loss": 10.844568093617758,
  "best_validation_start_acc": 0.12222222222222222,
  "best_validation_end_acc": 0.14444444444444443,
  "best_validation_span_acc": 0.03333333333333333,
  "best_validation_em": 0.03333333333333333,
  "best_validation_f1": 0.17964356338654142,
  "best_validation_loss": 10.3365478515625
}