{
  "best_epoch": 7,
  "peak_cpu_memory_MB": 2666.48,
  "peak_gpu_0_memory_MB": 10787,
  "peak_gpu_1_memory_MB": 10,
  "peak_gpu_2_memory_MB": 10,
  "peak_gpu_3_memory_MB": 8858,
  "training_duration": "00:04:35",
  "training_start_epoch": 0,
  "training_epochs": 16,
  "epoch": 16,
  "training_start_acc": 0.8765432098765432,
  "training_end_acc": 0.9074074074074074,
  "training_span_acc": 0.8296296296296296,
  "training_em": 0.8222222222222222,
  "training_f1": 0.920044890288253,
  "training_loss": 0.7031300161399093,
  "training_cpu_memory_MB": 2666.48,
  "training_gpu_0_memory_MB": 10787,
  "training_gpu_1_memory_MB": 10,
  "training_gpu_2_memory_MB": 10,
  "training_gpu_3_memory_MB": 8858,
  "validation_start_acc": 0.08888888888888889,
  "validation_end_acc": 0.2222222222222222,
  "validation_span_acc": 0.06666666666666667,
  "validation_em": 0.08888888888888889,
  "validation_f1": 0.30653300621995383,
  "validation_loss": 12.359485308329264,
  "best_validation_start_acc": 0.13333333333333333,
  "best_validation_end_acc": 0.2,
  "best_validation_span_acc": 0.07777777777777778,
  "best_validation_em": 0.1,
  "best_validation_f1": 0.29308914874073905,
  "best_validation_loss": 7.645384391148885
}