{
  "best_epoch": 2,
  "peak_cpu_memory_MB": 3659.656,
  "peak_gpu_0_memory_MB": 10787,
  "peak_gpu_1_memory_MB": 10,
  "peak_gpu_2_memory_MB": 10,
  "peak_gpu_3_memory_MB": 5711,
  "training_duration": "00:01:35",
  "training_start_epoch": 0,
  "training_epochs": 11,
  "epoch": 11,
  "training_start_acc": 0.4358974358974359,
  "training_end_acc": 0.3333333333333333,
  "training_span_acc": 0.20512820512820512,
  "training_em": 0.20512820512820512,
  "training_f1": 0.34738981932274265,
  "training_loss": 2.8970819473266602,
  "training_cpu_memory_MB": 3659.656,
  "training_gpu_0_memory_MB": 10787,
  "training_gpu_1_memory_MB": 10,
  "training_gpu_2_memory_MB": 10,
  "training_gpu_3_memory_MB": 5711,
  "validation_start_acc": 0.04395604395604396,
  "validation_end_acc": 0.03296703296703297,
  "validation_span_acc": 0.02197802197802198,
  "validation_em": 0.02197802197802198,
  "validation_f1": 0.14210897225780073,
  "validation_loss": 10.22038459777832,
  "best_validation_start_acc": 0.04395604395604396,
  "best_validation_end_acc": 0.10989010989010989,
  "best_validation_span_acc": 0.03296703296703297,
  "best_validation_em": 0.03296703296703297,
  "best_validation_f1": 0.15932990544209916,
  "best_validation_loss": 8.208904107411703
}