{
  "best_epoch": 1,
  "peak_cpu_memory_MB": 3856.236,
  "peak_gpu_0_memory_MB": 10,
  "peak_gpu_1_memory_MB": 10,
  "peak_gpu_2_memory_MB": 10,
  "peak_gpu_3_memory_MB": 4237,
  "training_duration": "00:02:07",
  "training_start_epoch": 0,
  "training_epochs": 10,
  "epoch": 10,
  "training_start_acc": 0.6470588235294118,
  "training_end_acc": 0.75,
  "training_span_acc": 0.47058823529411764,
  "training_em": 0.47058823529411764,
  "training_f1": 0.7760852854882373,
  "training_loss": 1.6645828088124592,
  "training_cpu_memory_MB": 3856.236,
  "training_gpu_0_memory_MB": 10,
  "training_gpu_1_memory_MB": 10,
  "training_gpu_2_memory_MB": 10,
  "training_gpu_3_memory_MB": 4237,
  "validation_start_acc": 0.03296703296703297,
  "validation_end_acc": 0.08791208791208792,
  "validation_span_acc": 0.03296703296703297,
  "validation_em": 0.03296703296703297,
  "validation_f1": 0.20363528471898398,
  "validation_loss": 9.94506311416626,
  "best_validation_start_acc": 0.03296703296703297,
  "best_validation_end_acc": 0.06593406593406594,
  "best_validation_span_acc": 0.03296703296703297,
  "best_validation_em": 0.04395604395604396,
  "best_validation_f1": 0.14782017187061905,
  "best_validation_loss": 8.237082958221436
}