{
  "best_epoch": 0,
  "peak_cpu_memory_MB": 4614.648,
  "peak_gpu_0_memory_MB": 10,
  "peak_gpu_1_memory_MB": 10,
  "peak_gpu_2_memory_MB": 4415,
  "peak_gpu_3_memory_MB": 1993,
  "training_duration": "00:00:53",
  "training_start_epoch": 0,
  "training_epochs": 9,
  "epoch": 9,
  "training_start_acc": 0.021604938271604937,
  "training_end_acc": 0.14814814814814814,
  "training_span_acc": 0.009259259259259259,
  "training_em": 0.009259259259259259,
  "training_f1": 0.1949686190684383,
  "training_loss": 8.238560404096331,
  "training_cpu_memory_MB": 4614.648,
  "training_gpu_0_memory_MB": 10,
  "training_gpu_1_memory_MB": 10,
  "training_gpu_2_memory_MB": 4415,
  "training_gpu_3_memory_MB": 1993,
  "validation_start_acc": 0.011111111111111112,
  "validation_end_acc": 0.05555555555555555,
  "validation_span_acc": 0.011111111111111112,
  "validation_em": 0.011111111111111112,
  "validation_f1": 0.17267667407554002,
  "validation_loss": 9.191409905751547,
  "best_validation_start_acc": 0.05555555555555555,
  "best_validation_end_acc": 0.011111111111111112,
  "best_validation_span_acc": 0.0,
  "best_validation_em": 0.011111111111111112,
  "best_validation_f1": 0.14038579141514246,
  "best_validation_loss": 10.193355242411295
}