{
  "best_epoch": 11,
  "peak_cpu_memory_MB": 2721.744,
  "peak_gpu_0_memory_MB": 10,
  "peak_gpu_1_memory_MB": 10,
  "peak_gpu_2_memory_MB": 10,
  "peak_gpu_3_memory_MB": 4869,
  "training_duration": "00:00:39",
  "training_start_epoch": 0,
  "training_epochs": 19,
  "epoch": 19,
  "training_start_acc": 0.2112676056338028,
  "training_end_acc": 0.4154929577464789,
  "training_span_acc": 0.09154929577464789,
  "training_em": 0.1056338028169014,
  "training_f1": 0.42653898050263356,
  "training_loss": 5.261081960466173,
  "training_cpu_memory_MB": 2721.744,
  "training_gpu_0_memory_MB": 10,
  "training_gpu_1_memory_MB": 10,
  "training_gpu_2_memory_MB": 10,
  "training_gpu_3_memory_MB": 4869,
  "validation_start_acc": 0.011111111111111112,
  "validation_end_acc": 0.044444444444444446,
  "validation_span_acc": 0.0,
  "validation_em": 0.011111111111111112,
  "validation_f1": 0.14731942907298493,
  "validation_loss": 10.651483217875162,
  "best_validation_start_acc": 0.0,
  "best_validation_end_acc": 0.044444444444444446,
  "best_validation_span_acc": 0.0,
  "best_validation_em": 0.03333333333333333,
  "best_validation_f1": 0.1616636670433954,
  "best_validation_loss": 9.908462206522623
}