{
  "best_epoch": 15,
  "peak_cpu_memory_MB": 3656.296,
  "peak_gpu_0_memory_MB": 10,
  "peak_gpu_1_memory_MB": 10,
  "peak_gpu_2_memory_MB": 10,
  "peak_gpu_3_memory_MB": 5705,
  "training_duration": "00:09:14",
  "training_start_epoch": 0,
  "training_epochs": 19,
  "epoch": 19,
  "training_start_acc": 0.9850746268656716,
  "training_end_acc": 0.9817578772802653,
  "training_span_acc": 0.9767827529021559,
  "training_em": 0.9369817578772802,
  "training_f1": 0.9715209735752637,
  "training_loss": 0.10061725575820003,
  "training_cpu_memory_MB": 3656.296,
  "training_gpu_0_memory_MB": 10,
  "training_gpu_1_memory_MB": 10,
  "training_gpu_2_memory_MB": 10,
  "training_gpu_3_memory_MB": 5705,
  "validation_start_acc": 0.14444444444444443,
  "validation_end_acc": 0.2222222222222222,
  "validation_span_acc": 0.03333333333333333,
  "validation_em": 0.044444444444444446,
  "validation_f1": 0.26238500529441344,
  "validation_loss": 12.57880942026774,
  "best_validation_start_acc": 0.2,
  "best_validation_end_acc": 0.2111111111111111,
  "best_validation_span_acc": 0.1,
  "best_validation_em": 0.12222222222222222,
  "best_validation_f1": 0.27546857012505865,
  "best_validation_loss": 11.08069658279419
}