{
  "best_epoch": 1,
  "peak_cpu_memory_MB": 3879.86,
  "peak_gpu_0_memory_MB": 10,
  "peak_gpu_1_memory_MB": 10,
  "peak_gpu_2_memory_MB": 10,
  "peak_gpu_3_memory_MB": 4237,
  "training_duration": "00:01:38",
  "training_start_epoch": 0,
  "training_epochs": 10,
  "epoch": 10,
  "training_start_acc": 0.5808823529411765,
  "training_end_acc": 0.6691176470588235,
  "training_span_acc": 0.4338235294117647,
  "training_em": 0.4411764705882353,
  "training_f1": 0.7459270056348977,
  "training_loss": 1.9263003004921808,
  "training_cpu_memory_MB": 3879.86,
  "training_gpu_0_memory_MB": 10,
  "training_gpu_1_memory_MB": 10,
  "training_gpu_2_memory_MB": 10,
  "training_gpu_3_memory_MB": 4237,
  "validation_start_acc": 0.01098901098901099,
  "validation_end_acc": 0.08791208791208792,
  "validation_span_acc": 0.01098901098901099,
  "validation_em": 0.01098901098901099,
  "validation_f1": 0.16113103188030495,
  "validation_loss": 9.778287569681803,
  "best_validation_start_acc": 0.04395604395604396,
  "best_validation_end_acc": 0.06593406593406594,
  "best_validation_span_acc": 0.03296703296703297,
  "best_validation_em": 0.04395604395604396,
  "best_validation_f1": 0.13831248519385564,
  "best_validation_loss": 8.264854907989502
}