{
  "best_epoch": 7,
  "peak_cpu_memory_MB": 3853.092,
  "peak_gpu_0_memory_MB": 10787,
  "peak_gpu_1_memory_MB": 4979,
  "peak_gpu_2_memory_MB": 7173,
  "peak_gpu_3_memory_MB": 4979,
  "training_duration": "00:17:53",
  "training_start_epoch": 0,
  "training_epochs": 16,
  "epoch": 16,
  "training_start_acc": 0.6988472622478387,
  "training_end_acc": 0.7593659942363112,
  "training_span_acc": 0.515850144092219,
  "training_em": 0.521613832853026,
  "training_f1": 0.820811622838276,
  "training_loss": 0.9498046896923548,
  "training_cpu_memory_MB": 3853.092,
  "training_gpu_0_memory_MB": 10787,
  "training_gpu_1_memory_MB": 4979,
  "training_gpu_2_memory_MB": 7173,
  "training_gpu_3_memory_MB": 4979,
  "validation_start_acc": 0.25555555555555554,
  "validation_end_acc": 0.3,
  "validation_span_acc": 0.15555555555555556,
  "validation_em": 0.15555555555555556,
  "validation_f1": 0.38260855439299885,
  "validation_loss": 8.797880252202352,
  "best_validation_start_acc": 0.2111111111111111,
  "best_validation_end_acc": 0.36666666666666664,
  "best_validation_span_acc": 0.17777777777777778,
  "best_validation_em": 0.18888888888888888,
  "best_validation_f1": 0.3751385462367414,
  "best_validation_loss": 7.090368429819743
}