{
  "best_epoch": 12,
  "peak_cpu_memory_MB": 3632.992,
  "peak_gpu_0_memory_MB": 10,
  "peak_gpu_1_memory_MB": 10,
  "peak_gpu_2_memory_MB": 10,
  "peak_gpu_3_memory_MB": 5731,
  "training_duration": "00:02:26",
  "training_start_epoch": 0,
  "training_epochs": 19,
  "epoch": 19,
  "training_start_acc": 0.8625,
  "training_end_acc": 0.775,
  "training_span_acc": 0.775,
  "training_em": 0.7375,
  "training_f1": 0.8086331071504024,
  "training_loss": 1.2783221483230591,
  "training_cpu_memory_MB": 3632.992,
  "training_gpu_0_memory_MB": 10,
  "training_gpu_1_memory_MB": 10,
  "training_gpu_2_memory_MB": 10,
  "training_gpu_3_memory_MB": 5731,
  "validation_start_acc": 0.08888888888888889,
  "validation_end_acc": 0.1111111111111111,
  "validation_span_acc": 0.022222222222222223,
  "validation_em": 0.044444444444444446,
  "validation_f1": 0.18853682653251838,
  "validation_loss": 9.987801869710287,
  "best_validation_start_acc": 0.05555555555555555,
  "best_validation_end_acc": 0.08888888888888889,
  "best_validation_span_acc": 0.022222222222222223,
  "best_validation_em": 0.044444444444444446,
  "best_validation_f1": 0.17638854466431036,
  "best_validation_loss": 10.058805465698242
}