{
  "best_epoch": 16,
  "peak_cpu_memory_MB": 2729.584,
  "peak_gpu_0_memory_MB": 5473,
  "peak_gpu_1_memory_MB": 0,
  "peak_gpu_2_memory_MB": 0,
  "peak_gpu_3_memory_MB": 1204,
  "training_duration": "00:05:08",
  "training_start_epoch": 0,
  "training_epochs": 19,
  "epoch": 19,
  "training_start_acc": 0.8728395061728395,
  "training_end_acc": 0.9024691358024691,
  "training_span_acc": 0.8530864197530864,
  "training_em": 0.845679012345679,
  "training_f1": 0.8991497467698172,
  "training_loss": 0.7356409664247551,
  "training_cpu_memory_MB": 2729.584,
  "training_gpu_0_memory_MB": 5473,
  "training_gpu_1_memory_MB": 0,
  "training_gpu_2_memory_MB": 0,
  "training_gpu_3_memory_MB": 1204,
  "validation_start_acc": 0.1111111111111111,
  "validation_end_acc": 0.15555555555555556,
  "validation_span_acc": 0.044444444444444446,
  "validation_em": 0.06666666666666667,
  "validation_f1": 0.23359172329466327,
  "validation_loss": 15.870402336120605,
  "best_validation_start_acc": 0.1111111111111111,
  "best_validation_end_acc": 0.17777777777777778,
  "best_validation_span_acc": 0.07777777777777778,
  "best_validation_em": 0.08888888888888889,
  "best_validation_f1": 0.22391634684311046,
  "best_validation_loss": 13.89087168375651
}