{
  "best_epoch": 19,
  "peak_cpu_memory_MB": 4614.648,
  "peak_gpu_0_memory_MB": 10,
  "peak_gpu_1_memory_MB": 10,
  "peak_gpu_2_memory_MB": 4413,
  "peak_gpu_3_memory_MB": 1993,
  "training_duration": "00:03:37",
  "training_start_epoch": 0,
  "training_epochs": 19,
  "epoch": 19,
  "training_start_acc": 0.033576642335766425,
  "training_end_acc": 0.14014598540145987,
  "training_span_acc": 0.01167883211678832,
  "training_em": 0.01167883211678832,
  "training_f1": 0.17664738299170188,
  "training_loss": 7.96725226557532,
  "training_cpu_memory_MB": 4614.648,
  "training_gpu_0_memory_MB": 10,
  "training_gpu_1_memory_MB": 10,
  "training_gpu_2_memory_MB": 4413,
  "training_gpu_3_memory_MB": 1993,
  "validation_start_acc": 0.044444444444444446,
  "validation_end_acc": 0.13333333333333333,
  "validation_span_acc": 0.022222222222222223,
  "validation_em": 0.03333333333333333,
  "validation_f1": 0.20621577139745,
  "validation_loss": 8.297548214594523,
  "best_validation_start_acc": 0.044444444444444446,
  "best_validation_end_acc": 0.13333333333333333,
  "best_validation_span_acc": 0.022222222222222223,
  "best_validation_em": 0.03333333333333333,
  "best_validation_f1": 0.20621577139745,
  "best_validation_loss": 8.297548214594523
}