{
  "best_epoch": 13,
  "peak_cpu_memory_MB": 3867.7,
  "peak_gpu_0_memory_MB": 10,
  "peak_gpu_1_memory_MB": 10,
  "peak_gpu_2_memory_MB": 10,
  "peak_gpu_3_memory_MB": 6395,
  "training_duration": "00:10:11",
  "training_start_epoch": 0,
  "training_epochs": 19,
  "epoch": 19,
  "training_start_acc": 0.6935483870967742,
  "training_end_acc": 0.8064516129032258,
  "training_span_acc": 0.5454545454545454,
  "training_em": 0.5513196480938416,
  "training_f1": 0.8366772832063935,
  "training_loss": 0.8686899362608443,
  "training_cpu_memory_MB": 3867.7,
  "training_gpu_0_memory_MB": 10,
  "training_gpu_1_memory_MB": 10,
  "training_gpu_2_memory_MB": 10,
  "training_gpu_3_memory_MB": 6395,
  "validation_start_acc": 0.14444444444444443,
  "validation_end_acc": 0.2,
  "validation_span_acc": 0.03333333333333333,
  "validation_em": 0.06666666666666667,
  "validation_f1": 0.3151516802713821,
  "validation_loss": 10.824133475621542,
  "best_validation_start_acc": 0.2111111111111111,
  "best_validation_end_acc": 0.17777777777777778,
  "best_validation_span_acc": 0.06666666666666667,
  "best_validation_em": 0.1111111111111111,
  "best_validation_f1": 0.33578426441154696,
  "best_validation_loss": 9.712963898976644
}