{
  "best_epoch": 9,
  "peak_cpu_memory_MB": 3866.676,
  "peak_gpu_0_memory_MB": 10,
  "peak_gpu_1_memory_MB": 10,
  "peak_gpu_2_memory_MB": 10,
  "peak_gpu_3_memory_MB": 4237,
  "training_duration": "00:05:19",
  "training_start_epoch": 0,
  "training_epochs": 18,
  "epoch": 18,
  "training_start_acc": 0.7037037037037037,
  "training_end_acc": 0.7901234567901234,
  "training_span_acc": 0.5401234567901234,
  "training_em": 0.5493827160493827,
  "training_f1": 0.8238467631938162,
  "training_loss": 0.940362830956777,
  "training_cpu_memory_MB": 3866.676,
  "training_gpu_0_memory_MB": 10,
  "training_gpu_1_memory_MB": 10,
  "training_gpu_2_memory_MB": 10,
  "training_gpu_3_memory_MB": 4237,
  "validation_start_acc": 0.1111111111111111,
  "validation_end_acc": 0.12222222222222222,
  "validation_span_acc": 0.03333333333333333,
  "validation_em": 0.044444444444444446,
  "validation_f1": 0.21454998826164792,
  "validation_loss": 10.491146723429361,
  "best_validation_start_acc": 0.13333333333333333,
  "best_validation_end_acc": 0.13333333333333333,
  "best_validation_span_acc": 0.044444444444444446,
  "best_validation_em": 0.05555555555555555,
  "best_validation_f1": 0.2242662703486436,
  "best_validation_loss": 9.950738747914633
}