{
  "best_epoch": 5,
  "peak_cpu_memory_MB": 3853.092,
  "peak_gpu_0_memory_MB": 10787,
  "peak_gpu_1_memory_MB": 10,
  "peak_gpu_2_memory_MB": 7173,
  "peak_gpu_3_memory_MB": 10,
  "training_duration": "00:04:57",
  "training_start_epoch": 0,
  "training_epochs": 14,
  "epoch": 14,
  "training_start_acc": 0.616,
  "training_end_acc": 0.808,
  "training_span_acc": 0.496,
  "training_em": 0.5093333333333333,
  "training_f1": 0.8224745342297324,
  "training_loss": 1.064935716489951,
  "training_cpu_memory_MB": 3853.092,
  "training_gpu_0_memory_MB": 10787,
  "training_gpu_1_memory_MB": 10,
  "training_gpu_2_memory_MB": 7173,
  "training_gpu_3_memory_MB": 10,
  "validation_start_acc": 0.06666666666666667,
  "validation_end_acc": 0.18888888888888888,
  "validation_span_acc": 0.03333333333333333,
  "validation_em": 0.044444444444444446,
  "validation_f1": 0.23523224537229742,
  "validation_loss": 10.463754812876383,
  "best_validation_start_acc": 0.08888888888888889,
  "best_validation_end_acc": 0.18888888888888888,
  "best_validation_span_acc": 0.044444444444444446,
  "best_validation_em": 0.05555555555555555,
  "best_validation_f1": 0.24377738608070607,
  "best_validation_loss": 9.068345387776693
}