{
  "best_epoch": 16,
  "peak_cpu_memory_MB": 3626.016,
  "peak_gpu_0_memory_MB": 10787,
  "peak_gpu_1_memory_MB": 6755,
  "peak_gpu_2_memory_MB": 7173,
  "peak_gpu_3_memory_MB": 6755,
  "training_duration": "00:10:23",
  "training_start_epoch": 0,
  "training_epochs": 19,
  "epoch": 19,
  "training_start_acc": 0.9933333333333333,
  "training_end_acc": 0.9916666666666667,
  "training_span_acc": 0.9916666666666667,
  "training_em": 0.9516666666666667,
  "training_f1": 0.9778940780407782,
  "training_loss": 0.05906805223295171,
  "training_cpu_memory_MB": 3626.016,
  "training_gpu_0_memory_MB": 10787,
  "training_gpu_1_memory_MB": 6755,
  "training_gpu_2_memory_MB": 7173,
  "training_gpu_3_memory_MB": 6755,
  "validation_start_acc": 0.16666666666666666,
  "validation_end_acc": 0.28888888888888886,
  "validation_span_acc": 0.12222222222222222,
  "validation_em": 0.14444444444444443,
  "validation_f1": 0.3597402617341242,
  "validation_loss": 12.365365505218506,
  "best_validation_start_acc": 0.2,
  "best_validation_end_acc": 0.28888888888888886,
  "best_validation_span_acc": 0.14444444444444443,
  "best_validation_em": 0.17777777777777778,
  "best_validation_f1": 0.38252804055713974,
  "best_validation_loss": 11.765674908955893
}