{
  "best_epoch": 1,
  "peak_cpu_memory_MB": 3656.296,
  "peak_gpu_0_memory_MB": 10,
  "peak_gpu_1_memory_MB": 10,
  "peak_gpu_2_memory_MB": 10,
  "peak_gpu_3_memory_MB": 5705,
  "training_duration": "00:02:15",
  "training_start_epoch": 0,
  "training_epochs": 10,
  "epoch": 10,
  "training_start_acc": 0.5989847715736041,
  "training_end_acc": 0.4720812182741117,
  "training_span_acc": 0.4619289340101523,
  "training_em": 0.4416243654822335,
  "training_f1": 0.5147385892009549,
  "training_loss": 2.3630728079722476,
  "training_cpu_memory_MB": 3656.296,
  "training_gpu_0_memory_MB": 10,
  "training_gpu_1_memory_MB": 10,
  "training_gpu_2_memory_MB": 10,
  "training_gpu_3_memory_MB": 5705,
  "validation_start_acc": 0.10989010989010989,
  "validation_end_acc": 0.0989010989010989,
  "validation_span_acc": 0.03296703296703297,
  "validation_em": 0.03296703296703297,
  "validation_f1": 0.14202201715585144,
  "validation_loss": 10.168520291646322,
  "best_validation_start_acc": 0.054945054945054944,
  "best_validation_end_acc": 0.07692307692307693,
  "best_validation_span_acc": 0.03296703296703297,
  "best_validation_em": 0.03296703296703297,
  "best_validation_f1": 0.1301030660270575,
  "best_validation_loss": 8.00166098276774
}