{
  "best_epoch": 11,
  "peak_cpu_memory_MB": 2666.48,
  "peak_gpu_0_memory_MB": 10787,
  "peak_gpu_1_memory_MB": 10,
  "peak_gpu_2_memory_MB": 10,
  "peak_gpu_3_memory_MB": 9802,
  "training_duration": "00:05:24",
  "training_start_epoch": 0,
  "training_epochs": 19,
  "epoch": 19,
  "training_start_acc": 0.982779827798278,
  "training_end_acc": 0.971709717097171,
  "training_span_acc": 0.9618696186961869,
  "training_em": 0.940959409594096,
  "training_f1": 0.973474914179379,
  "training_loss": 0.18185962042679973,
  "training_cpu_memory_MB": 2666.48,
  "training_gpu_0_memory_MB": 10787,
  "training_gpu_1_memory_MB": 10,
  "training_gpu_2_memory_MB": 10,
  "training_gpu_3_memory_MB": 9802,
  "validation_start_acc": 0.09195402298850575,
  "validation_end_acc": 0.14942528735632185,
  "validation_span_acc": 0.04597701149425287,
  "validation_em": 0.09195402298850575,
  "validation_f1": 0.3340397898928409,
  "validation_loss": 14.383434295654297,
  "best_validation_start_acc": 0.14942528735632185,
  "best_validation_end_acc": 0.1839080459770115,
  "best_validation_span_acc": 0.09195402298850575,
  "best_validation_em": 0.13793103448275862,
  "best_validation_f1": 0.3708785540959934,
  "best_validation_loss": 10.367197831471762
}