{
  "best_epoch": 14,
  "peak_cpu_memory_MB": 3853.092,
  "peak_gpu_0_memory_MB": 10787,
  "peak_gpu_1_memory_MB": 10,
  "peak_gpu_2_memory_MB": 7173,
  "peak_gpu_3_memory_MB": 10,
  "training_duration": "00:05:53",
  "training_start_epoch": 0,
  "training_epochs": 19,
  "epoch": 19,
  "training_start_acc": 0.7275541795665634,
  "training_end_acc": 0.826625386996904,
  "training_span_acc": 0.5913312693498453,
  "training_em": 0.5975232198142415,
  "training_f1": 0.8503318287119978,
  "training_loss": 0.919118793237777,
  "training_cpu_memory_MB": 3853.092,
  "training_gpu_0_memory_MB": 10787,
  "training_gpu_1_memory_MB": 10,
  "training_gpu_2_memory_MB": 7173,
  "training_gpu_3_memory_MB": 10,
  "validation_start_acc": 0.2,
  "validation_end_acc": 0.2111111111111111,
  "validation_span_acc": 0.1111111111111111,
  "validation_em": 0.1,
  "validation_f1": 0.23761640238313173,
  "validation_loss": 9.86711072921753,
  "best_validation_start_acc": 0.17777777777777778,
  "best_validation_end_acc": 0.2111111111111111,
  "best_validation_span_acc": 0.13333333333333333,
  "best_validation_em": 0.12222222222222222,
  "best_validation_f1": 0.2645749013349688,
  "best_validation_loss": 8.909375349680582
}