{
  "best_epoch": 9,
  "peak_cpu_memory_MB": 3632.992,
  "peak_gpu_0_memory_MB": 10,
  "peak_gpu_1_memory_MB": 10,
  "peak_gpu_2_memory_MB": 10,
  "peak_gpu_3_memory_MB": 5731,
  "training_duration": "00:06:26",
  "training_start_epoch": 0,
  "training_epochs": 18,
  "epoch": 18,
  "training_start_acc": 0.995049504950495,
  "training_end_acc": 0.9876237623762376,
  "training_span_acc": 0.9851485148514851,
  "training_em": 0.9306930693069307,
  "training_f1": 0.9759059147857689,
  "training_loss": 0.05942791807823456,
  "training_cpu_memory_MB": 3632.992,
  "training_gpu_0_memory_MB": 10,
  "training_gpu_1_memory_MB": 10,
  "training_gpu_2_memory_MB": 10,
  "training_gpu_3_memory_MB": 5731,
  "validation_start_acc": 0.08791208791208792,
  "validation_end_acc": 0.12087912087912088,
  "validation_span_acc": 0.02197802197802198,
  "validation_em": 0.02197802197802198,
  "validation_f1": 0.195424252127237,
  "validation_loss": 13.97126833597819,
  "best_validation_start_acc": 0.12087912087912088,
  "best_validation_end_acc": 0.16483516483516483,
  "best_validation_span_acc": 0.04395604395604396,
  "best_validation_em": 0.04395604395604396,
  "best_validation_f1": 0.2093401456242788,
  "best_validation_loss": 10.677107493082682
}