{
  "best_epoch": 11,
  "peak_cpu_memory_MB": 3632.992,
  "peak_gpu_0_memory_MB": 10,
  "peak_gpu_1_memory_MB": 10,
  "peak_gpu_2_memory_MB": 10,
  "peak_gpu_3_memory_MB": 5731,
  "training_duration": "00:06:47",
  "training_start_epoch": 0,
  "training_epochs": 19,
  "epoch": 19,
  "training_start_acc": 0.9849246231155779,
  "training_end_acc": 0.9949748743718593,
  "training_span_acc": 0.9824120603015075,
  "training_em": 0.9396984924623115,
  "training_f1": 0.9718489067551044,
  "training_loss": 0.06780444122850895,
  "training_cpu_memory_MB": 3632.992,
  "training_gpu_0_memory_MB": 10,
  "training_gpu_1_memory_MB": 10,
  "training_gpu_2_memory_MB": 10,
  "training_gpu_3_memory_MB": 5731,
  "validation_start_acc": 0.2,
  "validation_end_acc": 0.16666666666666666,
  "validation_span_acc": 0.08888888888888889,
  "validation_em": 0.08888888888888889,
  "validation_f1": 0.2398804055578365,
  "validation_loss": 13.245535373687744,
  "best_validation_start_acc": 0.16666666666666666,
  "best_validation_end_acc": 0.18888888888888888,
  "best_validation_span_acc": 0.08888888888888889,
  "best_validation_em": 0.08888888888888889,
  "best_validation_f1": 0.23532242174538112,
  "best_validation_loss": 10.315290292104086
}