{
  "best_epoch": 16,
  "peak_cpu_memory_MB": 2656.58,
  "peak_gpu_0_memory_MB": 8903,
  "peak_gpu_1_memory_MB": 10,
  "peak_gpu_2_memory_MB": 10,
  "peak_gpu_3_memory_MB": 3587,
  "training_duration": "00:02:43",
  "training_start_epoch": 0,
  "training_epochs": 19,
  "epoch": 19,
  "training_start_acc": 0.9740420271940667,
  "training_end_acc": 0.9752781211372065,
  "training_span_acc": 0.9616810877626699,
  "training_em": 0.9320148331273177,
  "training_f1": 0.9752032196563154,
  "training_loss": 0.19204329224485978,
  "training_cpu_memory_MB": 2656.58,
  "training_gpu_0_memory_MB": 8903,
  "training_gpu_1_memory_MB": 10,
  "training_gpu_2_memory_MB": 10,
  "training_gpu_3_memory_MB": 3587,
  "validation_start_acc": 0.0989010989010989,
  "validation_end_acc": 0.18681318681318682,
  "validation_span_acc": 0.06593406593406594,
  "validation_em": 0.12087912087912088,
  "validation_f1": 0.3098815858477937,
  "validation_loss": 15.814754168192545,
  "best_validation_start_acc": 0.10989010989010989,
  "best_validation_end_acc": 0.2087912087912088,
  "best_validation_span_acc": 0.07692307692307693,
  "best_validation_em": 0.12087912087912088,
  "best_validation_f1": 0.31012375275711823,
  "best_validation_loss": 15.035112539927164
}