{
  "best_epoch": 8,
  "peak_cpu_memory_MB": 3621.028,
  "peak_gpu_0_memory_MB": 10787,
  "peak_gpu_1_memory_MB": 6755,
  "peak_gpu_2_memory_MB": 7173,
  "peak_gpu_3_memory_MB": 6755,
  "training_duration": "00:06:17",
  "training_start_epoch": 0,
  "training_epochs": 17,
  "epoch": 17,
  "training_start_acc": 0.9947643979057592,
  "training_end_acc": 0.9895287958115183,
  "training_span_acc": 0.9869109947643979,
  "training_em": 0.9554973821989529,
  "training_f1": 0.9788182958295565,
  "training_loss": 0.0578410659218207,
  "training_cpu_memory_MB": 3621.028,
  "training_gpu_0_memory_MB": 10787,
  "training_gpu_1_memory_MB": 6755,
  "training_gpu_2_memory_MB": 7173,
  "training_gpu_3_memory_MB": 6755,
  "validation_start_acc": 0.06666666666666667,
  "validation_end_acc": 0.12222222222222222,
  "validation_span_acc": 0.022222222222222223,
  "validation_em": 0.044444444444444446,
  "validation_f1": 0.20527566968906055,
  "validation_loss": 13.830451806386312,
  "best_validation_start_acc": 0.12222222222222222,
  "best_validation_end_acc": 0.14444444444444443,
  "best_validation_span_acc": 0.05555555555555555,
  "best_validation_em": 0.06666666666666667,
  "best_validation_f1": 0.1912781645155188,
  "best_validation_loss": 11.107622305552164
}