{
  "best_epoch": 2,
  "peak_cpu_memory_MB": 3874.62,
  "peak_gpu_0_memory_MB": 10,
  "peak_gpu_1_memory_MB": 10,
  "peak_gpu_2_memory_MB": 10,
  "peak_gpu_3_memory_MB": 4237,
  "training_duration": "00:11:11",
  "training_start_epoch": 0,
  "training_epochs": 11,
  "epoch": 11,
  "training_start_acc": 0.6678571428571428,
  "training_end_acc": 0.7357142857142858,
  "training_span_acc": 0.4835714285714286,
  "training_em": 0.49142857142857144,
  "training_f1": 0.8014646419373024,
  "training_loss": 1.1897854385050861,
  "training_cpu_memory_MB": 3874.62,
  "training_gpu_0_memory_MB": 10,
  "training_gpu_1_memory_MB": 10,
  "training_gpu_2_memory_MB": 10,
  "training_gpu_3_memory_MB": 4237,
  "validation_start_acc": 0.2111111111111111,
  "validation_end_acc": 0.16666666666666666,
  "validation_span_acc": 0.08888888888888889,
  "validation_em": 0.12222222222222222,
  "validation_f1": 0.3032661338574481,
  "validation_loss": 9.26047650973002,
  "best_validation_start_acc": 0.16666666666666666,
  "best_validation_end_acc": 0.14444444444444443,
  "best_validation_span_acc": 0.07777777777777778,
  "best_validation_em": 0.12222222222222222,
  "best_validation_f1": 0.27518329041348155,
  "best_validation_loss": 7.3934305508931475
}