{
  "best_epoch": 13,
  "peak_cpu_memory_MB": 2721.744,
  "peak_gpu_0_memory_MB": 10,
  "peak_gpu_1_memory_MB": 10,
  "peak_gpu_2_memory_MB": 10,
  "peak_gpu_3_memory_MB": 4867,
  "training_duration": "00:01:24",
  "training_start_epoch": 0,
  "training_epochs": 19,
  "epoch": 19,
  "training_start_acc": 0.27548209366391185,
  "training_end_acc": 0.6115702479338843,
  "training_span_acc": 0.1763085399449036,
  "training_em": 0.18457300275482094,
  "training_f1": 0.5821482239468252,
  "training_loss": 3.6910070543703823,
  "training_cpu_memory_MB": 2721.744,
  "training_gpu_0_memory_MB": 10,
  "training_gpu_1_memory_MB": 10,
  "training_gpu_2_memory_MB": 10,
  "training_gpu_3_memory_MB": 4867,
  "validation_start_acc": 0.03333333333333333,
  "validation_end_acc": 0.1111111111111111,
  "validation_span_acc": 0.022222222222222223,
  "validation_em": 0.03333333333333333,
  "validation_f1": 0.176619368492476,
  "validation_loss": 11.179078896840414,
  "best_validation_start_acc": 0.05555555555555555,
  "best_validation_end_acc": 0.14444444444444443,
  "best_validation_span_acc": 0.03333333333333333,
  "best_validation_em": 0.05555555555555555,
  "best_validation_f1": 0.21680455127902398,
  "best_validation_loss": 9.306953032811483
}