{
  "best_epoch": 1,
  "peak_cpu_memory_MB": 3659.656,
  "peak_gpu_0_memory_MB": 10787,
  "peak_gpu_1_memory_MB": 10,
  "peak_gpu_2_memory_MB": 10,
  "peak_gpu_3_memory_MB": 5709,
  "training_duration": "00:01:39",
  "training_start_epoch": 0,
  "training_epochs": 10,
  "epoch": 10,
  "training_start_acc": 0.5116279069767442,
  "training_end_acc": 0.4418604651162791,
  "training_span_acc": 0.4069767441860465,
  "training_em": 0.3953488372093023,
  "training_f1": 0.4965665311015215,
  "training_loss": 2.7126598755518594,
  "training_cpu_memory_MB": 3659.656,
  "training_gpu_0_memory_MB": 10787,
  "training_gpu_1_memory_MB": 10,
  "training_gpu_2_memory_MB": 10,
  "training_gpu_3_memory_MB": 5709,
  "validation_start_acc": 0.054945054945054944,
  "validation_end_acc": 0.06593406593406594,
  "validation_span_acc": 0.01098901098901099,
  "validation_em": 0.01098901098901099,
  "validation_f1": 0.15064444554805398,
  "validation_loss": 11.154218355814615,
  "best_validation_start_acc": 0.03296703296703297,
  "best_validation_end_acc": 0.01098901098901099,
  "best_validation_span_acc": 0.02197802197802198,
  "best_validation_em": 0.02197802197802198,
  "best_validation_f1": 0.17318207804463676,
  "best_validation_loss": 8.599939823150635
}