{
  "best_epoch": 12,
  "peak_cpu_memory_MB": 3856.236,
  "peak_gpu_0_memory_MB": 10,
  "peak_gpu_1_memory_MB": 10,
  "peak_gpu_2_memory_MB": 10,
  "peak_gpu_3_memory_MB": 4237,
  "training_duration": "00:15:46",
  "training_start_epoch": 0,
  "training_epochs": 19,
  "epoch": 19,
  "training_start_acc": 0.7035460992907802,
  "training_end_acc": 0.7730496453900709,
  "training_span_acc": 0.5347517730496454,
  "training_em": 0.5347517730496454,
  "training_f1": 0.8336279401914071,
  "training_loss": 0.956329435772366,
  "training_cpu_memory_MB": 3856.236,
  "training_gpu_0_memory_MB": 10,
  "training_gpu_1_memory_MB": 10,
  "training_gpu_2_memory_MB": 10,
  "training_gpu_3_memory_MB": 4237,
  "validation_start_acc": 0.13186813186813187,
  "validation_end_acc": 0.15384615384615385,
  "validation_span_acc": 0.02197802197802198,
  "validation_em": 0.06593406593406594,
  "validation_f1": 0.28928442081586814,
  "validation_loss": 12.444010098775228,
  "best_validation_start_acc": 0.0989010989010989,
  "best_validation_end_acc": 0.17582417582417584,
  "best_validation_span_acc": 0.06593406593406594,
  "best_validation_em": 0.0989010989010989,
  "best_validation_f1": 0.3164671246471442,
  "best_validation_loss": 10.775736172993978
}