{
  "best_epoch": 14,
  "peak_cpu_memory_MB": 3621.028,
  "peak_gpu_0_memory_MB": 10787,
  "peak_gpu_1_memory_MB": 4159,
  "peak_gpu_2_memory_MB": 7173,
  "peak_gpu_3_memory_MB": 4979,
  "training_duration": "00:13:04",
  "training_start_epoch": 0,
  "training_epochs": 19,
  "epoch": 19,
  "training_start_acc": 0.9975308641975309,
  "training_end_acc": 0.9925925925925926,
  "training_span_acc": 0.9938271604938271,
  "training_em": 0.9555555555555556,
  "training_f1": 0.9807862220193053,
  "training_loss": 0.024794478784315288,
  "training_cpu_memory_MB": 3621.028,
  "training_gpu_0_memory_MB": 10787,
  "training_gpu_1_memory_MB": 4159,
  "training_gpu_2_memory_MB": 7173,
  "training_gpu_3_memory_MB": 4979,
  "validation_start_acc": 0.2777777777777778,
  "validation_end_acc": 0.28888888888888886,
  "validation_span_acc": 0.18888888888888888,
  "validation_em": 0.2,
  "validation_f1": 0.3947060078153949,
  "validation_loss": 12.462004661560059,
  "best_validation_start_acc": 0.24444444444444444,
  "best_validation_end_acc": 0.3111111111111111,
  "best_validation_span_acc": 0.18888888888888888,
  "best_validation_em": 0.2111111111111111,
  "best_validation_f1": 0.37104624274268105,
  "best_validation_loss": 11.823303699493408
}