{
  "best_epoch": 2,
  "peak_cpu_memory_MB": 2708.152,
  "peak_gpu_0_memory_MB": 8903,
  "peak_gpu_1_memory_MB": 10,
  "peak_gpu_2_memory_MB": 10,
  "peak_gpu_3_memory_MB": 5519,
  "training_duration": "00:00:55",
  "training_start_epoch": 0,
  "training_epochs": 11,
  "epoch": 11,
  "training_start_acc": 0.38480392156862747,
  "training_end_acc": 0.39705882352941174,
  "training_span_acc": 0.2696078431372549,
  "training_em": 0.29411764705882354,
  "training_f1": 0.43236177751739957,
  "training_loss": 3.792994838494521,
  "training_cpu_memory_MB": 2708.152,
  "training_gpu_0_memory_MB": 8903,
  "training_gpu_1_memory_MB": 10,
  "training_gpu_2_memory_MB": 10,
  "training_gpu_3_memory_MB": 5519,
  "validation_start_acc": 0.03296703296703297,
  "validation_end_acc": 0.06593406593406594,
  "validation_span_acc": 0.01098901098901099,
  "validation_em": 0.01098901098901099,
  "validation_f1": 0.16993804874914883,
  "validation_loss": 10.739948431650797,
  "best_validation_start_acc": 0.03296703296703297,
  "best_validation_end_acc": 0.0989010989010989,
  "best_validation_span_acc": 0.02197802197802198,
  "best_validation_em": 0.02197802197802198,
  "best_validation_f1": 0.15669792665292068,
  "best_validation_loss": 8.148022810618082
}