{
  "best_epoch": 12,
  "peak_cpu_memory_MB": 2666.48,
  "peak_gpu_0_memory_MB": 10787,
  "peak_gpu_1_memory_MB": 10,
  "peak_gpu_2_memory_MB": 10,
  "peak_gpu_3_memory_MB": 8858,
  "training_duration": "00:05:34",
  "training_start_epoch": 0,
  "training_epochs": 19,
  "epoch": 19,
  "training_start_acc": 0.8683886838868389,
  "training_end_acc": 0.923739237392374,
  "training_span_acc": 0.8364083640836408,
  "training_em": 0.8277982779827798,
  "training_f1": 0.9160699255817508,
  "training_loss": 0.6723939945884779,
  "training_cpu_memory_MB": 2666.48,
  "training_gpu_0_memory_MB": 10787,
  "training_gpu_1_memory_MB": 10,
  "training_gpu_2_memory_MB": 10,
  "training_gpu_3_memory_MB": 8858,
  "validation_start_acc": 0.16091954022988506,
  "validation_end_acc": 0.21839080459770116,
  "validation_span_acc": 0.11494252873563218,
  "validation_em": 0.13793103448275862,
  "validation_f1": 0.3652545953939952,
  "validation_loss": 12.196559270222982,
  "best_validation_start_acc": 0.1724137931034483,
  "best_validation_end_acc": 0.2413793103448276,
  "best_validation_span_acc": 0.12643678160919541,
  "best_validation_em": 0.13793103448275862,
  "best_validation_f1": 0.39130513115422405,
  "best_validation_loss": 9.493234634399414
}