{
  "best_epoch": 2,
  "peak_cpu_memory_MB": 3523.364,
  "peak_gpu_0_memory_MB": 8903,
  "peak_gpu_1_memory_MB": 10,
  "peak_gpu_2_memory_MB": 10,
  "peak_gpu_3_memory_MB": 3995,
  "training_duration": "00:08:07",
  "training_start_epoch": 0,
  "training_epochs": 11,
  "epoch": 11,
  "training_start_acc": 0.9129032258064517,
  "training_end_acc": 0.8790322580645161,
  "training_span_acc": 0.8758064516129033,
  "training_em": 0.853225806451613,
  "training_f1": 0.8982384740373061,
  "training_loss": 0.6118068060813806,
  "training_cpu_memory_MB": 3523.364,
  "training_gpu_0_memory_MB": 8903,
  "training_gpu_1_memory_MB": 10,
  "training_gpu_2_memory_MB": 10,
  "training_gpu_3_memory_MB": 3995,
  "validation_start_acc": 0.06349206349206349,
  "validation_end_acc": 0.09523809523809523,
  "validation_span_acc": 0.0,
  "validation_em": 0.06349206349206349,
  "validation_f1": 0.3618478241972242,
  "validation_loss": 13.878522396087646,
  "best_validation_start_acc": 0.06349206349206349,
  "best_validation_end_acc": 0.047619047619047616,
  "best_validation_span_acc": 0.015873015873015872,
  "best_validation_em": 0.1111111111111111,
  "best_validation_f1": 0.3324791345698703,
  "best_validation_loss": 8.495206832885742
}