{
  "best_epoch": 2,
  "peak_cpu_memory_MB": 3659.656,
  "peak_gpu_0_memory_MB": 10787,
  "peak_gpu_1_memory_MB": 10,
  "peak_gpu_2_memory_MB": 10,
  "peak_gpu_3_memory_MB": 5711,
  "training_duration": "00:01:54",
  "training_start_epoch": 0,
  "training_epochs": 11,
  "epoch": 11,
  "training_start_acc": 0.5760869565217391,
  "training_end_acc": 0.44565217391304346,
  "training_span_acc": 0.44565217391304346,
  "training_em": 0.45652173913043476,
  "training_f1": 0.5686143152013544,
  "training_loss": 2.781897862752279,
  "training_cpu_memory_MB": 3659.656,
  "training_gpu_0_memory_MB": 10787,
  "training_gpu_1_memory_MB": 10,
  "training_gpu_2_memory_MB": 10,
  "training_gpu_3_memory_MB": 5711,
  "validation_start_acc": 0.044444444444444446,
  "validation_end_acc": 0.08888888888888889,
  "validation_span_acc": 0.03333333333333333,
  "validation_em": 0.044444444444444446,
  "validation_f1": 0.1949699304988499,
  "validation_loss": 10.734655380249023,
  "best_validation_start_acc": 0.03333333333333333,
  "best_validation_end_acc": 0.1,
  "best_validation_span_acc": 0.011111111111111112,
  "best_validation_em": 0.044444444444444446,
  "best_validation_f1": 0.18562414929977508,
  "best_validation_loss": 8.439374526341757
}