{
  "best_epoch": 7,
  "peak_cpu_memory_MB": 3621.028,
  "peak_gpu_0_memory_MB": 10787,
  "peak_gpu_1_memory_MB": 6755,
  "peak_gpu_2_memory_MB": 7173,
  "peak_gpu_3_memory_MB": 6755,
  "training_duration": "00:06:38",
  "training_start_epoch": 0,
  "training_epochs": 16,
  "epoch": 16,
  "training_start_acc": 0.9899244332493703,
  "training_end_acc": 0.9924433249370277,
  "training_span_acc": 0.9874055415617129,
  "training_em": 0.9546599496221663,
  "training_f1": 0.9808539849825365,
  "training_loss": 0.04543504549190402,
  "training_cpu_memory_MB": 3621.028,
  "training_gpu_0_memory_MB": 10787,
  "training_gpu_1_memory_MB": 6755,
  "training_gpu_2_memory_MB": 7173,
  "training_gpu_3_memory_MB": 6755,
  "validation_start_acc": 0.13333333333333333,
  "validation_end_acc": 0.18888888888888888,
  "validation_span_acc": 0.05555555555555555,
  "validation_em": 0.07777777777777778,
  "validation_f1": 0.23555653549912903,
  "validation_loss": 13.36238718032837,
  "best_validation_start_acc": 0.17777777777777778,
  "best_validation_end_acc": 0.23333333333333334,
  "best_validation_span_acc": 0.1,
  "best_validation_em": 0.12222222222222222,
  "best_validation_f1": 0.2928254965339195,
  "best_validation_loss": 8.866400400797525
}