{
  "best_epoch": 5,
  "peak_cpu_memory_MB": 3867.7,
  "peak_gpu_0_memory_MB": 10,
  "peak_gpu_1_memory_MB": 10,
  "peak_gpu_2_memory_MB": 10,
  "peak_gpu_3_memory_MB": 6395,
  "training_duration": "00:11:26",
  "training_start_epoch": 0,
  "training_epochs": 14,
  "epoch": 14,
  "training_start_acc": 0.6559546313799622,
  "training_end_acc": 0.7457466918714556,
  "training_span_acc": 0.4763705103969754,
  "training_em": 0.4810964083175803,
  "training_f1": 0.8057306479474222,
  "training_loss": 1.0808807406852494,
  "training_cpu_memory_MB": 3867.7,
  "training_gpu_0_memory_MB": 10,
  "training_gpu_1_memory_MB": 10,
  "training_gpu_2_memory_MB": 10,
  "training_gpu_3_memory_MB": 6395,
  "validation_start_acc": 0.13186813186813187,
  "validation_end_acc": 0.25274725274725274,
  "validation_span_acc": 0.0989010989010989,
  "validation_em": 0.13186813186813187,
  "validation_f1": 0.2764766800390632,
  "validation_loss": 9.22569990158081,
  "best_validation_start_acc": 0.1978021978021978,
  "best_validation_end_acc": 0.25274725274725274,
  "best_validation_span_acc": 0.15384615384615385,
  "best_validation_em": 0.17582417582417584,
  "best_validation_f1": 0.34235582983034496,
  "best_validation_loss": 7.755984783172607
}