{
  "best_epoch": 13,
  "peak_cpu_memory_MB": 3659.656,
  "peak_gpu_0_memory_MB": 10787,
  "peak_gpu_1_memory_MB": 10,
  "peak_gpu_2_memory_MB": 10,
  "peak_gpu_3_memory_MB": 5707,
  "training_duration": "00:04:45",
  "training_start_epoch": 0,
  "training_epochs": 19,
  "epoch": 19,
  "training_start_acc": 0.9655172413793104,
  "training_end_acc": 0.9458128078817734,
  "training_span_acc": 0.9408866995073891,
  "training_em": 0.9261083743842364,
  "training_f1": 0.9525271349248017,
  "training_loss": 0.2651655702636792,
  "training_cpu_memory_MB": 3659.656,
  "training_gpu_0_memory_MB": 10787,
  "training_gpu_1_memory_MB": 10,
  "training_gpu_2_memory_MB": 10,
  "training_gpu_3_memory_MB": 5707,
  "validation_start_acc": 0.07692307692307693,
  "validation_end_acc": 0.13186813186813187,
  "validation_span_acc": 0.03296703296703297,
  "validation_em": 0.054945054945054944,
  "validation_f1": 0.21351136232216059,
  "validation_loss": 11.06520382563273,
  "best_validation_start_acc": 0.06593406593406594,
  "best_validation_end_acc": 0.10989010989010989,
  "best_validation_span_acc": 0.03296703296703297,
  "best_validation_em": 0.06593406593406594,
  "best_validation_f1": 0.22718986399862365,
  "best_validation_loss": 9.823183218638102
}