{
  "best_epoch": 6,
  "peak_cpu_memory_MB": 3856.236,
  "peak_gpu_0_memory_MB": 10,
  "peak_gpu_1_memory_MB": 10,
  "peak_gpu_2_memory_MB": 10,
  "peak_gpu_3_memory_MB": 4237,
  "training_duration": "00:06:47",
  "training_start_epoch": 0,
  "training_epochs": 15,
  "epoch": 15,
  "training_start_acc": 0.6798866855524079,
  "training_end_acc": 0.7677053824362606,
  "training_span_acc": 0.5212464589235127,
  "training_em": 0.5269121813031161,
  "training_f1": 0.8253942539194121,
  "training_loss": 1.0902481545572695,
  "training_cpu_memory_MB": 3856.236,
  "training_gpu_0_memory_MB": 10,
  "training_gpu_1_memory_MB": 10,
  "training_gpu_2_memory_MB": 10,
  "training_gpu_3_memory_MB": 4237,
  "validation_start_acc": 0.08791208791208792,
  "validation_end_acc": 0.17582417582417584,
  "validation_span_acc": 0.04395604395604396,
  "validation_em": 0.07692307692307693,
  "validation_f1": 0.2592538749913825,
  "validation_loss": 9.842928409576416,
  "best_validation_start_acc": 0.0989010989010989,
  "best_validation_end_acc": 0.10989010989010989,
  "best_validation_span_acc": 0.054945054945054944,
  "best_validation_em": 0.07692307692307693,
  "best_validation_f1": 0.22604252938747613,
  "best_validation_loss": 9.015846570332846
}