{
  "best_epoch": 1,
  "peak_cpu_memory_MB": 3853.092,
  "peak_gpu_0_memory_MB": 10787,
  "peak_gpu_1_memory_MB": 10,
  "peak_gpu_2_memory_MB": 7173,
  "peak_gpu_3_memory_MB": 10,
  "training_duration": "00:01:50",
  "training_start_epoch": 0,
  "training_epochs": 10,
  "epoch": 10,
  "training_start_acc": 0.5454545454545454,
  "training_end_acc": 0.4825174825174825,
  "training_span_acc": 0.32867132867132864,
  "training_em": 0.32867132867132864,
  "training_f1": 0.6343459183104447,
  "training_loss": 2.6653026474846735,
  "training_cpu_memory_MB": 3853.092,
  "training_gpu_0_memory_MB": 10787,
  "training_gpu_1_memory_MB": 10,
  "training_gpu_2_memory_MB": 7173,
  "training_gpu_3_memory_MB": 10,
  "validation_start_acc": 0.06666666666666667,
  "validation_end_acc": 0.07777777777777778,
  "validation_span_acc": 0.011111111111111112,
  "validation_em": 0.011111111111111112,
  "validation_f1": 0.14545455543535812,
  "validation_loss": 10.028022289276123,
  "best_validation_start_acc": 0.07777777777777778,
  "best_validation_end_acc": 0.1,
  "best_validation_span_acc": 0.011111111111111112,
  "best_validation_em": 0.011111111111111112,
  "best_validation_f1": 0.14689409731068548,
  "best_validation_loss": 8.44391949971517
}