{
  "best_epoch": 11,
  "peak_cpu_memory_MB": 3656.296,
  "peak_gpu_0_memory_MB": 10,
  "peak_gpu_1_memory_MB": 10,
  "peak_gpu_2_memory_MB": 10,
  "peak_gpu_3_memory_MB": 5705,
  "training_duration": "00:09:12",
  "training_start_epoch": 0,
  "training_epochs": 19,
  "epoch": 19,
  "training_start_acc": 0.9950738916256158,
  "training_end_acc": 0.9950738916256158,
  "training_span_acc": 0.9950738916256158,
  "training_em": 0.958128078817734,
  "training_f1": 0.9838608328272275,
  "training_loss": 0.03415376344659867,
  "training_cpu_memory_MB": 3656.296,
  "training_gpu_0_memory_MB": 10,
  "training_gpu_1_memory_MB": 10,
  "training_gpu_2_memory_MB": 10,
  "training_gpu_3_memory_MB": 5705,
  "validation_start_acc": 0.05555555555555555,
  "validation_end_acc": 0.2111111111111111,
  "validation_span_acc": 0.022222222222222223,
  "validation_em": 0.03333333333333333,
  "validation_f1": 0.22500799285563816,
  "validation_loss": 12.988456885019938,
  "best_validation_start_acc": 0.08888888888888889,
  "best_validation_end_acc": 0.2,
  "best_validation_span_acc": 0.05555555555555555,
  "best_validation_em": 0.05555555555555555,
  "best_validation_f1": 0.24415639496583147,
  "best_validation_loss": 10.17954937616984
}