{
  "best_epoch": 0,
  "peak_cpu_memory_MB": 3632.992,
  "peak_gpu_0_memory_MB": 10,
  "peak_gpu_1_memory_MB": 10,
  "peak_gpu_2_memory_MB": 10,
  "peak_gpu_3_memory_MB": 5731,
  "training_duration": "00:01:55",
  "training_start_epoch": 0,
  "training_epochs": 9,
  "epoch": 9,
  "training_start_acc": 0.33157894736842103,
  "training_end_acc": 0.3526315789473684,
  "training_span_acc": 0.20526315789473684,
  "training_em": 0.17894736842105263,
  "training_f1": 0.2921594524469957,
  "training_loss": 3.043923775355021,
  "training_cpu_memory_MB": 3632.992,
  "training_gpu_0_memory_MB": 10,
  "training_gpu_1_memory_MB": 10,
  "training_gpu_2_memory_MB": 10,
  "training_gpu_3_memory_MB": 5731,
  "validation_start_acc": 0.08888888888888889,
  "validation_end_acc": 0.08888888888888889,
  "validation_span_acc": 0.011111111111111112,
  "validation_em": 0.011111111111111112,
  "validation_f1": 0.14272570578464822,
  "validation_loss": 10.352986494700113,
  "best_validation_start_acc": 0.05555555555555555,
  "best_validation_end_acc": 0.06666666666666667,
  "best_validation_span_acc": 0.011111111111111112,
  "best_validation_em": 0.022222222222222223,
  "best_validation_f1": 0.13188741524928982,
  "best_validation_loss": 8.512465000152588
}