{
  "best_epoch": 10,
  "peak_cpu_memory_MB": 3853.092,
  "peak_gpu_0_memory_MB": 10787,
  "peak_gpu_1_memory_MB": 10,
  "peak_gpu_2_memory_MB": 7173,
  "peak_gpu_3_memory_MB": 10,
  "training_duration": "00:10:56",
  "training_start_epoch": 0,
  "training_epochs": 19,
  "epoch": 19,
  "training_start_acc": 0.7208271787296898,
  "training_end_acc": 0.793205317577548,
  "training_span_acc": 0.5568685376661743,
  "training_em": 0.5627769571639586,
  "training_f1": 0.8313711580319973,
  "training_loss": 0.9092015672561734,
  "training_cpu_memory_MB": 3853.092,
  "training_gpu_0_memory_MB": 10787,
  "training_gpu_1_memory_MB": 10,
  "training_gpu_2_memory_MB": 7173,
  "training_gpu_3_memory_MB": 10,
  "validation_start_acc": 0.16666666666666666,
  "validation_end_acc": 0.17777777777777778,
  "validation_span_acc": 0.07777777777777778,
  "validation_em": 0.07777777777777778,
  "validation_f1": 0.26351107357331116,
  "validation_loss": 9.62594223022461,
  "best_validation_start_acc": 0.2,
  "best_validation_end_acc": 0.17777777777777778,
  "best_validation_span_acc": 0.07777777777777778,
  "best_validation_em": 0.08888888888888889,
  "best_validation_f1": 0.2972376420177055,
  "best_validation_loss": 8.686714967091879
}