{
  "best_epoch": 13,
  "peak_cpu_memory_MB": 3867.7,
  "peak_gpu_0_memory_MB": 10,
  "peak_gpu_1_memory_MB": 10,
  "peak_gpu_2_memory_MB": 10,
  "peak_gpu_3_memory_MB": 6399,
  "training_duration": "00:03:17",
  "training_start_epoch": 0,
  "training_epochs": 19,
  "epoch": 19,
  "training_start_acc": 0.7196969696969697,
  "training_end_acc": 0.8333333333333334,
  "training_span_acc": 0.6212121212121212,
  "training_em": 0.6060606060606061,
  "training_f1": 0.8815785984621105,
  "training_loss": 0.8392953872680664,
  "training_cpu_memory_MB": 3867.7,
  "training_gpu_0_memory_MB": 10,
  "training_gpu_1_memory_MB": 10,
  "training_gpu_2_memory_MB": 10,
  "training_gpu_3_memory_MB": 6399,
  "validation_start_acc": 0.05555555555555555,
  "validation_end_acc": 0.15555555555555556,
  "validation_span_acc": 0.05555555555555555,
  "validation_em": 0.07777777777777778,
  "validation_f1": 0.22887259770078644,
  "validation_loss": 11.3171755472819,
  "best_validation_start_acc": 0.1,
  "best_validation_end_acc": 0.2111111111111111,
  "best_validation_span_acc": 0.1,
  "best_validation_em": 0.12222222222222222,
  "best_validation_f1": 0.28623286769404405,
  "best_validation_loss": 10.659579277038574
}