{
  "best_epoch": 18,
  "peak_cpu_memory_MB": 3879.86,
  "peak_gpu_0_memory_MB": 10,
  "peak_gpu_1_memory_MB": 10,
  "peak_gpu_2_memory_MB": 10,
  "peak_gpu_3_memory_MB": 4237,
  "training_duration": "00:18:32",
  "training_start_epoch": 0,
  "training_epochs": 19,
  "epoch": 19,
  "training_start_acc": 0.6678752719361857,
  "training_end_acc": 0.7527193618564177,
  "training_span_acc": 0.5018129079042785,
  "training_em": 0.5090645395213923,
  "training_f1": 0.80910983148517,
  "training_loss": 1.013157586941774,
  "training_cpu_memory_MB": 3879.86,
  "training_gpu_0_memory_MB": 10,
  "training_gpu_1_memory_MB": 10,
  "training_gpu_2_memory_MB": 10,
  "training_gpu_3_memory_MB": 4237,
  "validation_start_acc": 0.2222222222222222,
  "validation_end_acc": 0.2777777777777778,
  "validation_span_acc": 0.1111111111111111,
  "validation_em": 0.23333333333333334,
  "validation_f1": 0.4028942189857445,
  "validation_loss": 10.027118762334188,
  "best_validation_start_acc": 0.26666666666666666,
  "best_validation_end_acc": 0.34444444444444444,
  "best_validation_span_acc": 0.14444444444444443,
  "best_validation_em": 0.3111111111111111,
  "best_validation_f1": 0.46135872282891766,
  "best_validation_loss": 9.007594585418701
}