{
  "best_epoch": 12,
  "peak_cpu_memory_MB": 3879.86,
  "peak_gpu_0_memory_MB": 10,
  "peak_gpu_1_memory_MB": 10,
  "peak_gpu_2_memory_MB": 10,
  "peak_gpu_3_memory_MB": 4237,
  "training_duration": "00:14:31",
  "training_start_epoch": 0,
  "training_epochs": 19,
  "epoch": 19,
  "training_start_acc": 0.704265402843602,
  "training_end_acc": 0.7772511848341233,
  "training_span_acc": 0.5364928909952607,
  "training_em": 0.5402843601895735,
  "training_f1": 0.8265087439214112,
  "training_loss": 0.8820811988729419,
  "training_cpu_memory_MB": 3879.86,
  "training_gpu_0_memory_MB": 10,
  "training_gpu_1_memory_MB": 10,
  "training_gpu_2_memory_MB": 10,
  "training_gpu_3_memory_MB": 4237,
  "validation_start_acc": 0.23333333333333334,
  "validation_end_acc": 0.16666666666666666,
  "validation_span_acc": 0.12222222222222222,
  "validation_em": 0.15555555555555556,
  "validation_f1": 0.3425805343266082,
  "validation_loss": 11.780781745910645,
  "best_validation_start_acc": 0.25555555555555554,
  "best_validation_end_acc": 0.17777777777777778,
  "best_validation_span_acc": 0.08888888888888889,
  "best_validation_em": 0.16666666666666666,
  "best_validation_f1": 0.37323974844665325,
  "best_validation_loss": 9.126801490783691
}