{
  "best_epoch": 5,
  "peak_cpu_memory_MB": 3626.016,
  "peak_gpu_0_memory_MB": 10787,
  "peak_gpu_1_memory_MB": 6759,
  "peak_gpu_2_memory_MB": 7173,
  "peak_gpu_3_memory_MB": 6757,
  "training_duration": "00:02:11",
  "training_start_epoch": 0,
  "training_epochs": 14,
  "epoch": 14,
  "training_start_acc": 0.8554216867469879,
  "training_end_acc": 0.8433734939759037,
  "training_span_acc": 0.8554216867469879,
  "training_em": 0.8072289156626506,
  "training_f1": 0.8480181489142659,
  "training_loss": 1.0935714840888977,
  "training_cpu_memory_MB": 3626.016,
  "training_gpu_0_memory_MB": 10787,
  "training_gpu_1_memory_MB": 6759,
  "training_gpu_2_memory_MB": 7173,
  "training_gpu_3_memory_MB": 6757,
  "validation_start_acc": 0.011111111111111112,
  "validation_end_acc": 0.05555555555555555,
  "validation_span_acc": 0.022222222222222223,
  "validation_em": 0.03333333333333333,
  "validation_f1": 0.16605597923328044,
  "validation_loss": 10.287249644597372,
  "best_validation_start_acc": 0.022222222222222223,
  "best_validation_end_acc": 0.06666666666666667,
  "best_validation_span_acc": 0.022222222222222223,
  "best_validation_em": 0.03333333333333333,
  "best_validation_f1": 0.15236705961132962,
  "best_validation_loss": 9.18529192606608
}