{
  "best_epoch": 9,
  "peak_cpu_memory_MB": 4591.224,
  "peak_gpu_0_memory_MB": 10,
  "peak_gpu_1_memory_MB": 10,
  "peak_gpu_2_memory_MB": 3769,
  "peak_gpu_3_memory_MB": 1993,
  "training_duration": "00:06:31",
  "training_start_epoch": 0,
  "training_epochs": 18,
  "epoch": 18,
  "training_start_acc": 0.06531204644412192,
  "training_end_acc": 0.14586357039187228,
  "training_span_acc": 0.02104499274310595,
  "training_em": 0.022496371552975326,
  "training_f1": 0.1864650212197457,
  "training_loss": 7.507056537715868,
  "training_cpu_memory_MB": 4591.224,
  "training_gpu_0_memory_MB": 10,
  "training_gpu_1_memory_MB": 10,
  "training_gpu_2_memory_MB": 3769,
  "training_gpu_3_memory_MB": 1993,
  "validation_start_acc": 0.04597701149425287,
  "validation_end_acc": 0.11494252873563218,
  "validation_span_acc": 0.0,
  "validation_em": 0.022988505747126436,
  "validation_f1": 0.16695961293351172,
  "validation_loss": 8.291495482126871,
  "best_validation_start_acc": 0.04597701149425287,
  "best_validation_end_acc": 0.10344827586206896,
  "best_validation_span_acc": 0.0,
  "best_validation_em": 0.034482758620689655,
  "best_validation_f1": 0.2027368937626237,
  "best_validation_loss": 8.353408018747965
}