{
  "best_epoch": 10,
  "peak_cpu_memory_MB": 2708.152,
  "peak_gpu_0_memory_MB": 8903,
  "peak_gpu_1_memory_MB": 10,
  "peak_gpu_2_memory_MB": 10,
  "peak_gpu_3_memory_MB": 5519,
  "training_duration": "00:01:27",
  "training_start_epoch": 0,
  "training_epochs": 19,
  "epoch": 19,
  "training_start_acc": 0.5038759689922481,
  "training_end_acc": 0.4625322997416021,
  "training_span_acc": 0.3798449612403101,
  "training_em": 0.39018087855297157,
  "training_f1": 0.5164670889588631,
  "training_loss": 2.8319932794570923,
  "training_cpu_memory_MB": 2708.152,
  "training_gpu_0_memory_MB": 8903,
  "training_gpu_1_memory_MB": 10,
  "training_gpu_2_memory_MB": 10,
  "training_gpu_3_memory_MB": 5519,
  "validation_start_acc": 0.09195402298850575,
  "validation_end_acc": 0.13793103448275862,
  "validation_span_acc": 0.022988505747126436,
  "validation_em": 0.034482758620689655,
  "validation_f1": 0.24504483182662057,
  "validation_loss": 10.768895785013834,
  "best_validation_start_acc": 0.06896551724137931,
  "best_validation_end_acc": 0.10344827586206896,
  "best_validation_span_acc": 0.022988505747126436,
  "best_validation_em": 0.034482758620689655,
  "best_validation_f1": 0.20797658299310243,
  "best_validation_loss": 9.868963718414307
}