{
  "best_epoch": 10,
  "peak_cpu_memory_MB": 2710.964,
  "peak_gpu_0_memory_MB": 10,
  "peak_gpu_1_memory_MB": 10,
  "peak_gpu_2_memory_MB": 10,
  "peak_gpu_3_memory_MB": 4223,
  "training_duration": "00:04:13",
  "training_start_epoch": 0,
  "training_epochs": 19,
  "epoch": 19,
  "training_start_acc": 0.5554502369668246,
  "training_end_acc": 0.7099526066350711,
  "training_span_acc": 0.3886255924170616,
  "training_em": 0.4075829383886256,
  "training_f1": 0.7651170071496853,
  "training_loss": 2.081154375365286,
  "training_cpu_memory_MB": 2710.964,
  "training_gpu_0_memory_MB": 10,
  "training_gpu_1_memory_MB": 10,
  "training_gpu_2_memory_MB": 10,
  "training_gpu_3_memory_MB": 4223,
  "validation_start_acc": 0.08888888888888889,
  "validation_end_acc": 0.15555555555555556,
  "validation_span_acc": 0.022222222222222223,
  "validation_em": 0.05555555555555555,
  "validation_f1": 0.25297987328992677,
  "validation_loss": 10.391972859700521,
  "best_validation_start_acc": 0.1111111111111111,
  "best_validation_end_acc": 0.1,
  "best_validation_span_acc": 0.022222222222222223,
  "best_validation_em": 0.08888888888888889,
  "best_validation_f1": 0.25851759466905977,
  "best_validation_loss": 8.580207745234171
}