{
  "best_epoch": 6,
  "peak_cpu_memory_MB": 3866.676,
  "peak_gpu_0_memory_MB": 10,
  "peak_gpu_1_memory_MB": 10,
  "peak_gpu_2_memory_MB": 10,
  "peak_gpu_3_memory_MB": 4237,
  "training_duration": "00:08:10",
  "training_start_epoch": 0,
  "training_epochs": 15,
  "epoch": 15,
  "training_start_acc": 0.6759941089837997,
  "training_end_acc": 0.759941089837997,
  "training_span_acc": 0.5184094256259205,
  "training_em": 0.5228276877761414,
  "training_f1": 0.8083110442090546,
  "training_loss": 1.0840020262917807,
  "training_cpu_memory_MB": 3866.676,
  "training_gpu_0_memory_MB": 10,
  "training_gpu_1_memory_MB": 10,
  "training_gpu_2_memory_MB": 10,
  "training_gpu_3_memory_MB": 4237,
  "validation_start_acc": 0.12087912087912088,
  "validation_end_acc": 0.2087912087912088,
  "validation_span_acc": 0.04395604395604396,
  "validation_em": 0.04395604395604396,
  "validation_f1": 0.2591781713639628,
  "validation_loss": 11.174740155537924,
  "best_validation_start_acc": 0.14285714285714285,
  "best_validation_end_acc": 0.17582417582417584,
  "best_validation_span_acc": 0.06593406593406594,
  "best_validation_em": 0.06593406593406594,
  "best_validation_f1": 0.23141424248000966,
  "best_validation_loss": 9.869287967681885
}