{
  "best_epoch": 17,
  "peak_cpu_memory_MB": 3867.7,
  "peak_gpu_0_memory_MB": 10,
  "peak_gpu_1_memory_MB": 10,
  "peak_gpu_2_memory_MB": 10,
  "peak_gpu_3_memory_MB": 6395,
  "training_duration": "00:14:53",
  "training_start_epoch": 0,
  "training_epochs": 19,
  "epoch": 19,
  "training_start_acc": 0.6824644549763034,
  "training_end_acc": 0.7611374407582938,
  "training_span_acc": 0.5090047393364929,
  "training_em": 0.5146919431279621,
  "training_f1": 0.815766529437887,
  "training_loss": 0.9523373413266558,
  "training_cpu_memory_MB": 3867.7,
  "training_gpu_0_memory_MB": 10,
  "training_gpu_1_memory_MB": 10,
  "training_gpu_2_memory_MB": 10,
  "training_gpu_3_memory_MB": 6395,
  "validation_start_acc": 0.2222222222222222,
  "validation_end_acc": 0.2222222222222222,
  "validation_span_acc": 0.12222222222222222,
  "validation_em": 0.16666666666666666,
  "validation_f1": 0.3574990572576996,
  "validation_loss": 11.461605707804361,
  "best_validation_start_acc": 0.23333333333333334,
  "best_validation_end_acc": 0.18888888888888888,
  "best_validation_span_acc": 0.12222222222222222,
  "best_validation_em": 0.17777777777777778,
  "best_validation_f1": 0.36003206641935387,
  "best_validation_loss": 11.598066647847494
}