{
  "best_epoch": 5,
  "peak_cpu_memory_MB": 3867.7,
  "peak_gpu_0_memory_MB": 10,
  "peak_gpu_1_memory_MB": 10,
  "peak_gpu_2_memory_MB": 10,
  "peak_gpu_3_memory_MB": 6395,
  "training_duration": "00:04:26",
  "training_start_epoch": 0,
  "training_epochs": 14,
  "epoch": 14,
  "training_start_acc": 0.6883852691218131,
  "training_end_acc": 0.773371104815864,
  "training_span_acc": 0.5382436260623229,
  "training_em": 0.5439093484419264,
  "training_f1": 0.8273803689263574,
  "training_loss": 1.0931699664696404,
  "training_cpu_memory_MB": 3867.7,
  "training_gpu_0_memory_MB": 10,
  "training_gpu_1_memory_MB": 10,
  "training_gpu_2_memory_MB": 10,
  "training_gpu_3_memory_MB": 6395,
  "validation_start_acc": 0.10989010989010989,
  "validation_end_acc": 0.10989010989010989,
  "validation_span_acc": 0.03296703296703297,
  "validation_em": 0.06593406593406594,
  "validation_f1": 0.2518103193612544,
  "validation_loss": 10.671218872070312,
  "best_validation_start_acc": 0.07692307692307693,
  "best_validation_end_acc": 0.14285714285714285,
  "best_validation_span_acc": 0.054945054945054944,
  "best_validation_em": 0.07692307692307693,
  "best_validation_f1": 0.26496326888392036,
  "best_validation_loss": 8.578592538833618
}