{
  "best_epoch": 4,
  "peak_cpu_memory_MB": 4556.924,
  "peak_gpu_0_memory_MB": 10,
  "peak_gpu_1_memory_MB": 10,
  "peak_gpu_2_memory_MB": 7686,
  "peak_gpu_3_memory_MB": 1993,
  "training_duration": "00:05:40",
  "training_start_epoch": 0,
  "training_epochs": 13,
  "epoch": 13,
  "training_start_acc": 0.04792560801144492,
  "training_end_acc": 0.12088698140200287,
  "training_span_acc": 0.01072961373390558,
  "training_em": 0.010014306151645207,
  "training_f1": 0.16731024775515368,
  "training_loss": 7.79446067051454,
  "training_cpu_memory_MB": 4556.924,
  "training_gpu_0_memory_MB": 10,
  "training_gpu_1_memory_MB": 10,
  "training_gpu_2_memory_MB": 3769,
  "training_gpu_3_memory_MB": 1993,
  "validation_start_acc": 0.01098901098901099,
  "validation_end_acc": 0.0989010989010989,
  "validation_span_acc": 0.0,
  "validation_em": 0.0,
  "validation_f1": 0.18982049686615243,
  "validation_loss": 8.041022141774496,
  "best_validation_start_acc": 0.0,
  "best_validation_end_acc": 0.12087912087912088,
  "best_validation_span_acc": 0.0,
  "best_validation_em": 0.01098901098901099,
  "best_validation_f1": 0.17851941763704796,
  "best_validation_loss": 8.156368335088095
}