{
  "best_epoch": 9,
  "peak_cpu_memory_MB": 2721.744,
  "peak_gpu_0_memory_MB": 10,
  "peak_gpu_1_memory_MB": 10,
  "peak_gpu_2_memory_MB": 10,
  "peak_gpu_3_memory_MB": 4867,
  "training_duration": "00:02:16",
  "training_start_epoch": 0,
  "training_epochs": 18,
  "epoch": 18,
  "training_start_acc": 0.5954545454545455,
  "training_end_acc": 0.7333333333333333,
  "training_span_acc": 0.4212121212121212,
  "training_em": 0.4303030303030303,
  "training_f1": 0.788527489611412,
  "training_loss": 1.8049626435552324,
  "training_cpu_memory_MB": 2721.744,
  "training_gpu_0_memory_MB": 10,
  "training_gpu_1_memory_MB": 10,
  "training_gpu_2_memory_MB": 10,
  "training_gpu_3_memory_MB": 4867,
  "validation_start_acc": 0.1111111111111111,
  "validation_end_acc": 0.2222222222222222,
  "validation_span_acc": 0.07777777777777778,
  "validation_em": 0.1111111111111111,
  "validation_f1": 0.3235251741510085,
  "validation_loss": 11.372274398803711,
  "best_validation_start_acc": 0.12222222222222222,
  "best_validation_end_acc": 0.26666666666666666,
  "best_validation_span_acc": 0.08888888888888889,
  "best_validation_em": 0.15555555555555556,
  "best_validation_f1": 0.3589505600076333,
  "best_validation_loss": 8.150014877319336
}