{
  "best_epoch": 6,
  "peak_cpu_memory_MB": 3866.676,
  "peak_gpu_0_memory_MB": 10,
  "peak_gpu_1_memory_MB": 10,
  "peak_gpu_2_memory_MB": 10,
  "peak_gpu_3_memory_MB": 4237,
  "training_duration": "00:08:11",
  "training_start_epoch": 0,
  "training_epochs": 15,
  "epoch": 15,
  "training_start_acc": 0.658357771260997,
  "training_end_acc": 0.7888563049853372,
  "training_span_acc": 0.5029325513196481,
  "training_em": 0.5117302052785924,
  "training_f1": 0.8169904410094194,
  "training_loss": 1.0046811478082525,
  "training_cpu_memory_MB": 3866.676,
  "training_gpu_0_memory_MB": 10,
  "training_gpu_1_memory_MB": 10,
  "training_gpu_2_memory_MB": 10,
  "training_gpu_3_memory_MB": 4237,
  "validation_start_acc": 0.12222222222222222,
  "validation_end_acc": 0.16666666666666666,
  "validation_span_acc": 0.022222222222222223,
  "validation_em": 0.03333333333333333,
  "validation_f1": 0.24446586681648996,
  "validation_loss": 10.802760124206543,
  "best_validation_start_acc": 0.12222222222222222,
  "best_validation_end_acc": 0.17777777777777778,
  "best_validation_span_acc": 0.03333333333333333,
  "best_validation_em": 0.06666666666666667,
  "best_validation_f1": 0.23157618169126498,
  "best_validation_loss": 9.49996511141459
}