{
  "best_epoch": 18,
  "peak_cpu_memory_MB": 2666.48,
  "peak_gpu_0_memory_MB": 10787,
  "peak_gpu_1_memory_MB": 10,
  "peak_gpu_2_memory_MB": 10,
  "peak_gpu_3_memory_MB": 8858,
  "training_duration": "00:04:04",
  "training_start_epoch": 0,
  "training_epochs": 19,
  "epoch": 19,
  "training_start_acc": 0.9740420271940667,
  "training_end_acc": 0.9752781211372065,
  "training_span_acc": 0.9629171817058096,
  "training_em": 0.930778739184178,
  "training_f1": 0.968494163172497,
  "training_loss": 0.16244011657202945,
  "training_cpu_memory_MB": 2666.48,
  "training_gpu_0_memory_MB": 10787,
  "training_gpu_1_memory_MB": 10,
  "training_gpu_2_memory_MB": 10,
  "training_gpu_3_memory_MB": 8858,
  "validation_start_acc": 0.12087912087912088,
  "validation_end_acc": 0.25274725274725274,
  "validation_span_acc": 0.054945054945054944,
  "validation_em": 0.0989010989010989,
  "validation_f1": 0.3209329533069068,
  "validation_loss": 15.426746686299643,
  "best_validation_start_acc": 0.13186813186813187,
  "best_validation_end_acc": 0.24175824175824176,
  "best_validation_span_acc": 0.06593406593406594,
  "best_validation_em": 0.12087912087912088,
  "best_validation_f1": 0.34084393787281575,
  "best_validation_loss": 15.36446746190389
}