{
  "best_epoch": 13,
  "peak_cpu_memory_MB": 3626.016,
  "peak_gpu_0_memory_MB": 10787,
  "peak_gpu_1_memory_MB": 6755,
  "peak_gpu_2_memory_MB": 7173,
  "peak_gpu_3_memory_MB": 6755,
  "training_duration": "00:04:16",
  "training_start_epoch": 0,
  "training_epochs": 19,
  "epoch": 19,
  "training_start_acc": 0.9902439024390244,
  "training_end_acc": 0.9951219512195122,
  "training_span_acc": 0.9902439024390244,
  "training_em": 0.9512195121951219,
  "training_f1": 0.9772409756663459,
  "training_loss": 0.08987354229275997,
  "training_cpu_memory_MB": 3626.016,
  "training_gpu_0_memory_MB": 10787,
  "training_gpu_1_memory_MB": 6755,
  "training_gpu_2_memory_MB": 7173,
  "training_gpu_3_memory_MB": 6755,
  "validation_start_acc": 0.06666666666666667,
  "validation_end_acc": 0.1111111111111111,
  "validation_span_acc": 0.03333333333333333,
  "validation_em": 0.044444444444444446,
  "validation_f1": 0.22517511209996433,
  "validation_loss": 11.624909083048502,
  "best_validation_start_acc": 0.06666666666666667,
  "best_validation_end_acc": 0.13333333333333333,
  "best_validation_span_acc": 0.044444444444444446,
  "best_validation_em": 0.05555555555555555,
  "best_validation_f1": 0.20994015302698885,
  "best_validation_loss": 10.315273761749268
}