{
  "best_epoch": 0,
  "peak_cpu_memory_MB": 2652.268,
  "peak_gpu_0_memory_MB": 10787,
  "peak_gpu_1_memory_MB": 10,
  "peak_gpu_2_memory_MB": 10,
  "peak_gpu_3_memory_MB": 5917,
  "training_duration": "00:00:39",
  "training_start_epoch": 0,
  "training_epochs": 9,
  "epoch": 9,
  "training_start_acc": 0.004901960784313725,
  "training_end_acc": 0.049019607843137254,
  "training_span_acc": 0.0,
  "training_em": 0.004901960784313725,
  "training_f1": 0.11763639342258177,
  "training_loss": 9.246474926288311,
  "training_cpu_memory_MB": 2652.268,
  "training_gpu_0_memory_MB": 10787,
  "training_gpu_1_memory_MB": 10,
  "training_gpu_2_memory_MB": 10,
  "training_gpu_3_memory_MB": 5917,
  "validation_start_acc": 0.011111111111111112,
  "validation_end_acc": 0.07777777777777778,
  "validation_span_acc": 0.0,
  "validation_em": 0.0,
  "validation_f1": 0.16468153003001082,
  "validation_loss": 9.05006186167399,
  "best_validation_start_acc": 0.011111111111111112,
  "best_validation_end_acc": 0.06666666666666667,
  "best_validation_span_acc": 0.0,
  "best_validation_em": 0.0,
  "best_validation_f1": 0.13915941325004985,
  "best_validation_loss": 9.924036502838135
}