{
  "best_epoch": 11,
  "peak_cpu_memory_MB": 2666.48,
  "peak_gpu_0_memory_MB": 10787,
  "peak_gpu_1_memory_MB": 10,
  "peak_gpu_2_memory_MB": 10,
  "peak_gpu_3_memory_MB": 8858,
  "training_duration": "00:05:23",
  "training_start_epoch": 0,
  "training_epochs": 19,
  "epoch": 19,
  "training_start_acc": 0.5839506172839506,
  "training_end_acc": 0.7135802469135802,
  "training_span_acc": 0.48518518518518516,
  "training_em": 0.4839506172839506,
  "training_f1": 0.72510775372432,
  "training_loss": 2.3747508221981573,
  "training_cpu_memory_MB": 2666.48,
  "training_gpu_0_memory_MB": 10787,
  "training_gpu_1_memory_MB": 10,
  "training_gpu_2_memory_MB": 10,
  "training_gpu_3_memory_MB": 8858,
  "validation_start_acc": 0.1,
  "validation_end_acc": 0.16666666666666666,
  "validation_span_acc": 0.06666666666666667,
  "validation_em": 0.07777777777777778,
  "validation_f1": 0.27131757719322075,
  "validation_loss": 10.032065073649088,
  "best_validation_start_acc": 0.1,
  "best_validation_end_acc": 0.18888888888888888,
  "best_validation_span_acc": 0.05555555555555555,
  "best_validation_em": 0.07777777777777778,
  "best_validation_f1": 0.25931587621037805,
  "best_validation_loss": 7.342440366744995
}