{
  "best_epoch": 9,
  "peak_cpu_memory_MB": 3214.908,
  "peak_gpu_0_memory_MB": 10787,
  "peak_gpu_1_memory_MB": 4159,
  "peak_gpu_2_memory_MB": 7173,
  "peak_gpu_3_memory_MB": 4159,
  "training_duration": "00:20:03",
  "training_start_epoch": 0,
  "training_epochs": 18,
  "epoch": 18,
  "training_start_acc": 0.6939218523878437,
  "training_end_acc": 0.7670043415340086,
  "training_span_acc": 0.5195369030390738,
  "training_em": 0.5260492040520984,
  "training_f1": 0.8244348762345427,
  "training_loss": 0.9276434912763792,
  "training_cpu_memory_MB": 3214.908,
  "training_gpu_0_memory_MB": 10787,
  "training_gpu_1_memory_MB": 4159,
  "training_gpu_2_memory_MB": 7173,
  "training_gpu_3_memory_MB": 4159,
  "validation_start_acc": 0.17777777777777778,
  "validation_end_acc": 0.3111111111111111,
  "validation_span_acc": 0.1111111111111111,
  "validation_em": 0.12222222222222222,
  "validation_f1": 0.32897485546052707,
  "validation_loss": 10.738732973734537,
  "best_validation_start_acc": 0.2222222222222222,
  "best_validation_end_acc": 0.3,
  "best_validation_span_acc": 0.14444444444444443,
  "best_validation_em": 0.17777777777777778,
  "best_validation_f1": 0.363400715070197,
  "best_validation_loss": 8.054440339406332
}