{
  "best_epoch": 5,
  "peak_cpu_memory_MB": 3853.092,
  "peak_gpu_0_memory_MB": 10787,
  "peak_gpu_1_memory_MB": 10,
  "peak_gpu_2_memory_MB": 7173,
  "peak_gpu_3_memory_MB": 10,
  "training_duration": "00:05:00",
  "training_start_epoch": 0,
  "training_epochs": 14,
  "epoch": 14,
  "training_start_acc": 0.6611570247933884,
  "training_end_acc": 0.7878787878787878,
  "training_span_acc": 0.5041322314049587,
  "training_em": 0.512396694214876,
  "training_f1": 0.8272372508227591,
  "training_loss": 1.099553310352823,
  "training_cpu_memory_MB": 3853.092,
  "training_gpu_0_memory_MB": 10787,
  "training_gpu_1_memory_MB": 10,
  "training_gpu_2_memory_MB": 7173,
  "training_gpu_3_memory_MB": 10,
  "validation_start_acc": 0.14444444444444443,
  "validation_end_acc": 0.13333333333333333,
  "validation_span_acc": 0.03333333333333333,
  "validation_em": 0.05555555555555555,
  "validation_f1": 0.2408481935686997,
  "validation_loss": 9.278473377227783,
  "best_validation_start_acc": 0.16666666666666666,
  "best_validation_end_acc": 0.18888888888888888,
  "best_validation_span_acc": 0.044444444444444446,
  "best_validation_em": 0.06666666666666667,
  "best_validation_f1": 0.22994800662791373,
  "best_validation_loss": 8.051084836324057
}