{
  "best_epoch": 17,
  "peak_cpu_memory_MB": 3656.94,
  "peak_gpu_0_memory_MB": 8903,
  "peak_gpu_1_memory_MB": 10,
  "peak_gpu_2_memory_MB": 10,
  "peak_gpu_3_memory_MB": 5731,
  "training_duration": "00:09:02",
  "training_start_epoch": 0,
  "training_epochs": 19,
  "epoch": 19,
  "training_start_acc": 0.9874371859296482,
  "training_end_acc": 0.9874371859296482,
  "training_span_acc": 0.9824120603015075,
  "training_em": 0.9447236180904522,
  "training_f1": 0.9717828619350036,
  "training_loss": 0.10330224893987179,
  "training_cpu_memory_MB": 3656.94,
  "training_gpu_0_memory_MB": 8903,
  "training_gpu_1_memory_MB": 10,
  "training_gpu_2_memory_MB": 10,
  "training_gpu_3_memory_MB": 5731,
  "validation_start_acc": 0.14444444444444443,
  "validation_end_acc": 0.18888888888888888,
  "validation_span_acc": 0.07777777777777778,
  "validation_em": 0.08888888888888889,
  "validation_f1": 0.2458003244550933,
  "validation_loss": 13.422240575154623,
  "best_validation_start_acc": 0.16666666666666666,
  "best_validation_end_acc": 0.15555555555555556,
  "best_validation_span_acc": 0.07777777777777778,
  "best_validation_em": 0.1,
  "best_validation_f1": 0.25327311161284793,
  "best_validation_loss": 12.66987148920695
}