{
  "best_epoch": 11,
  "peak_cpu_memory_MB": 2739.988,
  "peak_gpu_0_memory_MB": 6121,
  "peak_gpu_1_memory_MB": 0,
  "peak_gpu_2_memory_MB": 0,
  "peak_gpu_3_memory_MB": 607,
  "training_duration": "00:03:31",
  "training_start_epoch": 0,
  "training_epochs": 19,
  "epoch": 19,
  "training_start_acc": 0.8801369863013698,
  "training_end_acc": 0.9023972602739726,
  "training_span_acc": 0.851027397260274,
  "training_em": 0.851027397260274,
  "training_f1": 0.8981817148178105,
  "training_loss": 0.5830978151108768,
  "training_cpu_memory_MB": 2739.988,
  "training_gpu_0_memory_MB": 6121,
  "training_gpu_1_memory_MB": 0,
  "training_gpu_2_memory_MB": 0,
  "training_gpu_3_memory_MB": 607,
  "validation_start_acc": 0.06666666666666667,
  "validation_end_acc": 0.2222222222222222,
  "validation_span_acc": 0.044444444444444446,
  "validation_em": 0.044444444444444446,
  "validation_f1": 0.19045529577757508,
  "validation_loss": 13.75078789393107,
  "best_validation_start_acc": 0.05555555555555555,
  "best_validation_end_acc": 0.12222222222222222,
  "best_validation_span_acc": 0.06666666666666667,
  "best_validation_em": 0.06666666666666667,
  "best_validation_f1": 0.16799457948753962,
  "best_validation_loss": 10.300034364064535
}