{
  "best_epoch": 15,
  "peak_cpu_memory_MB": 3659.656,
  "peak_gpu_0_memory_MB": 10787,
  "peak_gpu_1_memory_MB": 10,
  "peak_gpu_2_memory_MB": 10,
  "peak_gpu_3_memory_MB": 5707,
  "training_duration": "00:04:56",
  "training_start_epoch": 0,
  "training_epochs": 19,
  "epoch": 19,
  "training_start_acc": 0.9597989949748744,
  "training_end_acc": 0.9447236180904522,
  "training_span_acc": 0.9296482412060302,
  "training_em": 0.9045226130653267,
  "training_f1": 0.9374415670467138,
  "training_loss": 0.34429821085471374,
  "training_cpu_memory_MB": 3659.656,
  "training_gpu_0_memory_MB": 10787,
  "training_gpu_1_memory_MB": 10,
  "training_gpu_2_memory_MB": 10,
  "training_gpu_3_memory_MB": 5707,
  "validation_start_acc": 0.09195402298850575,
  "validation_end_acc": 0.10344827586206896,
  "validation_span_acc": 0.04597701149425287,
  "validation_em": 0.06896551724137931,
  "validation_f1": 0.23298285486051856,
  "validation_loss": 11.522931098937988,
  "best_validation_start_acc": 0.05747126436781609,
  "best_validation_end_acc": 0.08045977011494253,
  "best_validation_span_acc": 0.034482758620689655,
  "best_validation_em": 0.06896551724137931,
  "best_validation_f1": 0.2525930442241674,
  "best_validation_loss": 11.103705724080404
}