{
  "best_epoch": 8,
  "peak_cpu_memory_MB": 3856.236,
  "peak_gpu_0_memory_MB": 10,
  "peak_gpu_1_memory_MB": 10,
  "peak_gpu_2_memory_MB": 10,
  "peak_gpu_3_memory_MB": 4237,
  "training_duration": "00:07:33",
  "training_start_epoch": 0,
  "training_epochs": 17,
  "epoch": 17,
  "training_start_acc": 0.7138643067846607,
  "training_end_acc": 0.7551622418879056,
  "training_span_acc": 0.5427728613569321,
  "training_em": 0.5575221238938053,
  "training_f1": 0.8166985221518354,
  "training_loss": 1.069486450065266,
  "training_cpu_memory_MB": 3856.236,
  "training_gpu_0_memory_MB": 10,
  "training_gpu_1_memory_MB": 10,
  "training_gpu_2_memory_MB": 10,
  "training_gpu_3_memory_MB": 4237,
  "validation_start_acc": 0.09195402298850575,
  "validation_end_acc": 0.10344827586206896,
  "validation_span_acc": 0.034482758620689655,
  "validation_em": 0.05747126436781609,
  "validation_f1": 0.2756226426530222,
  "validation_loss": 11.775348663330078,
  "best_validation_start_acc": 0.10344827586206896,
  "best_validation_end_acc": 0.06896551724137931,
  "best_validation_span_acc": 0.06896551724137931,
  "best_validation_em": 0.09195402298850575,
  "best_validation_f1": 0.28403256476883915,
  "best_validation_loss": 11.857324918111166
}