{
  "best_epoch": 8,
  "peak_cpu_memory_MB": 3879.86,
  "peak_gpu_0_memory_MB": 10,
  "peak_gpu_1_memory_MB": 10,
  "peak_gpu_2_memory_MB": 10,
  "peak_gpu_3_memory_MB": 4237,
  "training_duration": "00:09:23",
  "training_start_epoch": 0,
  "training_epochs": 17,
  "epoch": 17,
  "training_start_acc": 0.7004279600570613,
  "training_end_acc": 0.7660485021398002,
  "training_span_acc": 0.5206847360912982,
  "training_em": 0.5178316690442225,
  "training_f1": 0.8245026348558884,
  "training_loss": 0.9641074619509957,
  "training_cpu_memory_MB": 3879.86,
  "training_gpu_0_memory_MB": 10,
  "training_gpu_1_memory_MB": 10,
  "training_gpu_2_memory_MB": 10,
  "training_gpu_3_memory_MB": 4237,
  "validation_start_acc": 0.13186813186813187,
  "validation_end_acc": 0.18681318681318682,
  "validation_span_acc": 0.07692307692307693,
  "validation_em": 0.10989010989010989,
  "validation_f1": 0.3053058821847532,
  "validation_loss": 10.811604658762613,
  "best_validation_start_acc": 0.15384615384615385,
  "best_validation_end_acc": 0.2087912087912088,
  "best_validation_span_acc": 0.10989010989010989,
  "best_validation_em": 0.12087912087912088,
  "best_validation_f1": 0.2968335761724455,
  "best_validation_loss": 8.743961413701376
}