{
  "best_epoch": 2,
  "peak_cpu_memory_MB": 3866.676,
  "peak_gpu_0_memory_MB": 10,
  "peak_gpu_1_memory_MB": 10,
  "peak_gpu_2_memory_MB": 10,
  "peak_gpu_3_memory_MB": 4237,
  "training_duration": "00:06:08",
  "training_start_epoch": 0,
  "training_epochs": 11,
  "epoch": 11,
  "training_start_acc": 0.6715328467153284,
  "training_end_acc": 0.7649635036496351,
  "training_span_acc": 0.5036496350364964,
  "training_em": 0.5124087591240876,
  "training_f1": 0.8097376910413913,
  "training_loss": 1.2255372266436733,
  "training_cpu_memory_MB": 3866.676,
  "training_gpu_0_memory_MB": 10,
  "training_gpu_1_memory_MB": 10,
  "training_gpu_2_memory_MB": 10,
  "training_gpu_3_memory_MB": 4237,
  "validation_start_acc": 0.13333333333333333,
  "validation_end_acc": 0.15555555555555556,
  "validation_span_acc": 0.03333333333333333,
  "validation_em": 0.03333333333333333,
  "validation_f1": 0.20586054534604334,
  "validation_loss": 9.162725130716959,
  "best_validation_start_acc": 0.1111111111111111,
  "best_validation_end_acc": 0.1111111111111111,
  "best_validation_span_acc": 0.044444444444444446,
  "best_validation_em": 0.044444444444444446,
  "best_validation_f1": 0.17929116572473008,
  "best_validation_loss": 7.207068761189778
}