{
  "best_epoch": 10,
  "peak_cpu_memory_MB": 3632.992,
  "peak_gpu_0_memory_MB": 10,
  "peak_gpu_1_memory_MB": 10,
  "peak_gpu_2_memory_MB": 10,
  "peak_gpu_3_memory_MB": 5729,
  "training_duration": "00:11:59",
  "training_start_epoch": 0,
  "training_epochs": 19,
  "epoch": 19,
  "training_start_acc": 0.9867330016583747,
  "training_end_acc": 0.988391376451078,
  "training_span_acc": 0.9850746268656716,
  "training_em": 0.9402985074626866,
  "training_f1": 0.9735105277661577,
  "training_loss": 0.11361125979180399,
  "training_cpu_memory_MB": 3632.992,
  "training_gpu_0_memory_MB": 10,
  "training_gpu_1_memory_MB": 10,
  "training_gpu_2_memory_MB": 10,
  "training_gpu_3_memory_MB": 5729,
  "validation_start_acc": 0.12087912087912088,
  "validation_end_acc": 0.16483516483516483,
  "validation_span_acc": 0.054945054945054944,
  "validation_em": 0.054945054945054944,
  "validation_f1": 0.19844215336436488,
  "validation_loss": 14.012767473856607,
  "best_validation_start_acc": 0.10989010989010989,
  "best_validation_end_acc": 0.16483516483516483,
  "best_validation_span_acc": 0.054945054945054944,
  "best_validation_em": 0.054945054945054944,
  "best_validation_f1": 0.20281950154671977,
  "best_validation_loss": 10.982536792755127
}