{
  "best_epoch": 16,
  "peak_cpu_memory_MB": 2658.58,
  "peak_gpu_0_memory_MB": 10787,
  "peak_gpu_1_memory_MB": 10,
  "peak_gpu_2_memory_MB": 10,
  "peak_gpu_3_memory_MB": 8858,
  "training_duration": "00:03:51",
  "training_start_epoch": 0,
  "training_epochs": 19,
  "epoch": 19,
  "training_start_acc": 0.6390605686032138,
  "training_end_acc": 0.7453646477132262,
  "training_span_acc": 0.5451174289245982,
  "training_em": 0.546353522867738,
  "training_f1": 0.7391958671340354,
  "training_loss": 2.1271393930210785,
  "training_cpu_memory_MB": 2658.58,
  "training_gpu_0_memory_MB": 10787,
  "training_gpu_1_memory_MB": 10,
  "training_gpu_2_memory_MB": 10,
  "training_gpu_3_memory_MB": 8858,
  "validation_start_acc": 0.10989010989010989,
  "validation_end_acc": 0.23076923076923078,
  "validation_span_acc": 0.07692307692307693,
  "validation_em": 0.07692307692307693,
  "validation_f1": 0.3207659326141919,
  "validation_loss": 9.862218538920084,
  "best_validation_start_acc": 0.14285714285714285,
  "best_validation_end_acc": 0.2087912087912088,
  "best_validation_span_acc": 0.10989010989010989,
  "best_validation_em": 0.14285714285714285,
  "best_validation_f1": 0.3130587636630951,
  "best_validation_loss": 9.38810165723165
}