{
  "best_epoch": 5,
  "peak_cpu_memory_MB": 3656.94,
  "peak_gpu_0_memory_MB": 8903,
  "peak_gpu_1_memory_MB": 10,
  "peak_gpu_2_memory_MB": 10,
  "peak_gpu_3_memory_MB": 5731,
  "training_duration": "00:03:54",
  "training_start_epoch": 0,
  "training_epochs": 14,
  "epoch": 14,
  "training_start_acc": 0.5283018867924528,
  "training_end_acc": 0.4669811320754717,
  "training_span_acc": 0.38207547169811323,
  "training_em": 0.38207547169811323,
  "training_f1": 0.49722680873871206,
  "training_loss": 2.466529982430594,
  "training_cpu_memory_MB": 3656.94,
  "training_gpu_0_memory_MB": 8903,
  "training_gpu_1_memory_MB": 10,
  "training_gpu_2_memory_MB": 10,
  "training_gpu_3_memory_MB": 5731,
  "validation_start_acc": 0.07692307692307693,
  "validation_end_acc": 0.054945054945054944,
  "validation_span_acc": 0.03296703296703297,
  "validation_em": 0.03296703296703297,
  "validation_f1": 0.16479339338323512,
  "validation_loss": 12.139676094055176,
  "best_validation_start_acc": 0.04395604395604396,
  "best_validation_end_acc": 0.054945054945054944,
  "best_validation_span_acc": 0.02197802197802198,
  "best_validation_em": 0.03296703296703297,
  "best_validation_f1": 0.13886808100748158,
  "best_validation_loss": 10.31346575419108
}