{
  "best_epoch": 12,
  "peak_cpu_memory_MB": 3621.028,
  "peak_gpu_0_memory_MB": 10787,
  "peak_gpu_1_memory_MB": 6755,
  "peak_gpu_2_memory_MB": 7173,
  "peak_gpu_3_memory_MB": 6755,
  "training_duration": "00:07:29",
  "training_start_epoch": 0,
  "training_epochs": 19,
  "epoch": 19,
  "training_start_acc": 1.0,
  "training_end_acc": 1.0,
  "training_span_acc": 1.0,
  "training_em": 0.9493975903614458,
  "training_f1": 0.9815806637664048,
  "training_loss": 0.01238654008976972,
  "training_cpu_memory_MB": 3621.028,
  "training_gpu_0_memory_MB": 10787,
  "training_gpu_1_memory_MB": 6755,
  "training_gpu_2_memory_MB": 7173,
  "training_gpu_3_memory_MB": 6755,
  "validation_start_acc": 0.12222222222222222,
  "validation_end_acc": 0.17777777777777778,
  "validation_span_acc": 0.06666666666666667,
  "validation_em": 0.07777777777777778,
  "validation_f1": 0.22769729293287558,
  "validation_loss": 15.677120367685953,
  "best_validation_start_acc": 0.12222222222222222,
  "best_validation_end_acc": 0.15555555555555556,
  "best_validation_span_acc": 0.07777777777777778,
  "best_validation_em": 0.1,
  "best_validation_f1": 0.24007274324774658,
  "best_validation_loss": 13.240747928619385
}