{
  "best_epoch": 6,
  "peak_cpu_memory_MB": 3856.236,
  "peak_gpu_0_memory_MB": 10,
  "peak_gpu_1_memory_MB": 10,
  "peak_gpu_2_memory_MB": 10,
  "peak_gpu_3_memory_MB": 4237,
  "training_duration": "00:19:11",
  "training_start_epoch": 0,
  "training_epochs": 15,
  "epoch": 15,
  "training_start_acc": 0.6701323251417769,
  "training_end_acc": 0.7580340264650284,
  "training_span_acc": 0.4943289224952741,
  "training_em": 0.505671077504726,
  "training_f1": 0.821274157735769,
  "training_loss": 1.0199993586362297,
  "training_cpu_memory_MB": 3856.236,
  "training_gpu_0_memory_MB": 10,
  "training_gpu_1_memory_MB": 10,
  "training_gpu_2_memory_MB": 10,
  "training_gpu_3_memory_MB": 4237,
  "validation_start_acc": 0.12087912087912088,
  "validation_end_acc": 0.23076923076923078,
  "validation_span_acc": 0.0989010989010989,
  "validation_em": 0.12087912087912088,
  "validation_f1": 0.3354960791072887,
  "validation_loss": 10.145405133565268,
  "best_validation_start_acc": 0.2087912087912088,
  "best_validation_end_acc": 0.1978021978021978,
  "best_validation_span_acc": 0.13186813186813187,
  "best_validation_em": 0.17582417582417584,
  "best_validation_f1": 0.3337241221260613,
  "best_validation_loss": 7.875734806060791
}