{
  "best_epoch": 1,
  "peak_cpu_memory_MB": 2652.268,
  "peak_gpu_0_memory_MB": 10787,
  "peak_gpu_1_memory_MB": 10,
  "peak_gpu_2_memory_MB": 10,
  "peak_gpu_3_memory_MB": 5917,
  "training_duration": "00:00:24",
  "training_start_epoch": 0,
  "training_epochs": 10,
  "epoch": 10,
  "training_start_acc": 0.03296703296703297,
  "training_end_acc": 0.01098901098901099,
  "training_span_acc": 0.01098901098901099,
  "training_em": 0.01098901098901099,
  "training_f1": 0.12355581728285342,
  "training_loss": 10.0087841351827,
  "training_cpu_memory_MB": 2652.268,
  "training_gpu_0_memory_MB": 10787,
  "training_gpu_1_memory_MB": 10,
  "training_gpu_2_memory_MB": 10,
  "training_gpu_3_memory_MB": 5917,
  "validation_start_acc": 0.011494252873563218,
  "validation_end_acc": 0.034482758620689655,
  "validation_span_acc": 0.0,
  "validation_em": 0.0,
  "validation_f1": 0.20354542661723699,
  "validation_loss": 9.867246150970459,
  "best_validation_start_acc": 0.011494252873563218,
  "best_validation_end_acc": 0.06896551724137931,
  "best_validation_span_acc": 0.0,
  "best_validation_em": 0.011494252873563218,
  "best_validation_f1": 0.19231857223442897,
  "best_validation_loss": 9.994737466176352
}