{
  "best_epoch": 15,
  "peak_cpu_memory_MB": 2708.152,
  "peak_gpu_0_memory_MB": 8903,
  "peak_gpu_1_memory_MB": 10,
  "peak_gpu_2_memory_MB": 10,
  "peak_gpu_3_memory_MB": 6195,
  "training_duration": "00:00:51",
  "training_start_epoch": 0,
  "training_epochs": 19,
  "epoch": 19,
  "training_start_acc": 0.7156862745098039,
  "training_end_acc": 0.6715686274509803,
  "training_span_acc": 0.6323529411764706,
  "training_em": 0.6176470588235294,
  "training_f1": 0.6972451267263647,
  "training_loss": 1.7631349196800818,
  "training_cpu_memory_MB": 2708.152,
  "training_gpu_0_memory_MB": 8903,
  "training_gpu_1_memory_MB": 10,
  "training_gpu_2_memory_MB": 10,
  "training_gpu_3_memory_MB": 6195,
  "validation_start_acc": 0.022222222222222223,
  "validation_end_acc": 0.14444444444444443,
  "validation_span_acc": 0.03333333333333333,
  "validation_em": 0.05555555555555555,
  "validation_f1": 0.2173643588132823,
  "validation_loss": 12.643735567728678,
  "best_validation_start_acc": 0.044444444444444446,
  "best_validation_end_acc": 0.08888888888888889,
  "best_validation_span_acc": 0.044444444444444446,
  "best_validation_em": 0.06666666666666667,
  "best_validation_f1": 0.20747991157463327,
  "best_validation_loss": 11.684313615163168
}