{
  "best_epoch": 11,
  "peak_cpu_memory_MB": 3867.7,
  "peak_gpu_0_memory_MB": 10,
  "peak_gpu_1_memory_MB": 10,
  "peak_gpu_2_memory_MB": 10,
  "peak_gpu_3_memory_MB": 6395,
  "training_duration": "00:10:16",
  "training_start_epoch": 0,
  "training_epochs": 19,
  "epoch": 19,
  "training_start_acc": 0.7128129602356407,
  "training_end_acc": 0.7746686303387335,
  "training_span_acc": 0.5670103092783505,
  "training_em": 0.5625920471281296,
  "training_f1": 0.8368450655925884,
  "training_loss": 0.8943616491417552,
  "training_cpu_memory_MB": 3867.7,
  "training_gpu_0_memory_MB": 10,
  "training_gpu_1_memory_MB": 10,
  "training_gpu_2_memory_MB": 10,
  "training_gpu_3_memory_MB": 6395,
  "validation_start_acc": 0.0989010989010989,
  "validation_end_acc": 0.1978021978021978,
  "validation_span_acc": 0.02197802197802198,
  "validation_em": 0.06593406593406594,
  "validation_f1": 0.2706215372726207,
  "validation_loss": 11.087324460347494,
  "best_validation_start_acc": 0.13186813186813187,
  "best_validation_end_acc": 0.2087912087912088,
  "best_validation_span_acc": 0.07692307692307693,
  "best_validation_em": 0.12087912087912088,
  "best_validation_f1": 0.30727765886468034,
  "best_validation_loss": 9.22619342803955
}