{
  "best_epoch": 17,
  "peak_cpu_memory_MB": 3632.992,
  "peak_gpu_0_memory_MB": 10,
  "peak_gpu_1_memory_MB": 10,
  "peak_gpu_2_memory_MB": 10,
  "peak_gpu_3_memory_MB": 5731,
  "training_duration": "00:09:17",
  "training_start_epoch": 0,
  "training_epochs": 19,
  "epoch": 19,
  "training_start_acc": 0.9851485148514851,
  "training_end_acc": 0.9851485148514851,
  "training_span_acc": 0.9801980198019802,
  "training_em": 0.9405940594059405,
  "training_f1": 0.9747947039077287,
  "training_loss": 0.09634489889599775,
  "training_cpu_memory_MB": 3632.992,
  "training_gpu_0_memory_MB": 10,
  "training_gpu_1_memory_MB": 10,
  "training_gpu_2_memory_MB": 10,
  "training_gpu_3_memory_MB": 5731,
  "validation_start_acc": 0.14444444444444443,
  "validation_end_acc": 0.17777777777777778,
  "validation_span_acc": 0.06666666666666667,
  "validation_em": 0.06666666666666667,
  "validation_f1": 0.25140884103012845,
  "validation_loss": 12.549323717753092,
  "best_validation_start_acc": 0.15555555555555556,
  "best_validation_end_acc": 0.2111111111111111,
  "best_validation_span_acc": 0.08888888888888889,
  "best_validation_em": 0.1,
  "best_validation_f1": 0.2705646804120741,
  "best_validation_loss": 11.745845317840576
}