{
  "best_epoch": 13,
  "peak_cpu_memory_MB": 3621.028,
  "peak_gpu_0_memory_MB": 10787,
  "peak_gpu_1_memory_MB": 6755,
  "peak_gpu_2_memory_MB": 7173,
  "peak_gpu_3_memory_MB": 6755,
  "training_duration": "00:07:47",
  "training_start_epoch": 0,
  "training_epochs": 19,
  "epoch": 19,
  "training_start_acc": 0.9830508474576272,
  "training_end_acc": 0.9927360774818402,
  "training_span_acc": 0.9830508474576272,
  "training_em": 0.9539951573849879,
  "training_f1": 0.9794591255847669,
  "training_loss": 0.09341636228446777,
  "training_cpu_memory_MB": 3621.028,
  "training_gpu_0_memory_MB": 10787,
  "training_gpu_1_memory_MB": 6755,
  "training_gpu_2_memory_MB": 7173,
  "training_gpu_3_memory_MB": 6755,
  "validation_start_acc": 0.1111111111111111,
  "validation_end_acc": 0.26666666666666666,
  "validation_span_acc": 0.06666666666666667,
  "validation_em": 0.06666666666666667,
  "validation_f1": 0.2978339333322575,
  "validation_loss": 10.776704788208008,
  "best_validation_start_acc": 0.18888888888888888,
  "best_validation_end_acc": 0.26666666666666666,
  "best_validation_span_acc": 0.1111111111111111,
  "best_validation_em": 0.12222222222222222,
  "best_validation_f1": 0.32779201832637683,
  "best_validation_loss": 10.174896240234375
}