{
  "best_epoch": 13,
  "peak_cpu_memory_MB": 3659.656,
  "peak_gpu_0_memory_MB": 10787,
  "peak_gpu_1_memory_MB": 10,
  "peak_gpu_2_memory_MB": 10,
  "peak_gpu_3_memory_MB": 4761,
  "training_duration": "00:11:04",
  "training_start_epoch": 0,
  "training_epochs": 19,
  "epoch": 19,
  "training_start_acc": 0.9966777408637874,
  "training_end_acc": 0.9966777408637874,
  "training_span_acc": 0.9966777408637874,
  "training_em": 0.9568106312292359,
  "training_f1": 0.9809105952369641,
  "training_loss": 0.02646938659630618,
  "training_cpu_memory_MB": 3659.656,
  "training_gpu_0_memory_MB": 10787,
  "training_gpu_1_memory_MB": 10,
  "training_gpu_2_memory_MB": 10,
  "training_gpu_3_memory_MB": 4761,
  "validation_start_acc": 0.06593406593406594,
  "validation_end_acc": 0.18681318681318682,
  "validation_span_acc": 0.054945054945054944,
  "validation_em": 0.08791208791208792,
  "validation_f1": 0.2409152258798225,
  "validation_loss": 16.003084977467854,
  "best_validation_start_acc": 0.08791208791208792,
  "best_validation_end_acc": 0.17582417582417584,
  "best_validation_span_acc": 0.06593406593406594,
  "best_validation_em": 0.12087912087912088,
  "best_validation_f1": 0.2917003498350028,
  "best_validation_loss": 13.650256951649984
}