{
  "best_epoch": 17,
  "peak_cpu_memory_MB": 2709.348,
  "peak_gpu_0_memory_MB": 10,
  "peak_gpu_1_memory_MB": 10,
  "peak_gpu_2_memory_MB": 10,
  "peak_gpu_3_memory_MB": 4223,
  "training_duration": "00:06:08",
  "training_start_epoch": 0,
  "training_epochs": 19,
  "epoch": 19,
  "training_start_acc": 0.6206652512384997,
  "training_end_acc": 0.7367303609341825,
  "training_span_acc": 0.4437367303609342,
  "training_em": 0.46142958244869076,
  "training_f1": 0.800584151037091,
  "training_loss": 1.651598315560416,
  "training_cpu_memory_MB": 2709.348,
  "training_gpu_0_memory_MB": 10,
  "training_gpu_1_memory_MB": 10,
  "training_gpu_2_memory_MB": 10,
  "training_gpu_3_memory_MB": 4223,
  "validation_start_acc": 0.13186813186813187,
  "validation_end_acc": 0.1978021978021978,
  "validation_span_acc": 0.0989010989010989,
  "validation_em": 0.15384615384615385,
  "validation_f1": 0.32770358703500185,
  "validation_loss": 10.49355936050415,
  "best_validation_start_acc": 0.14285714285714285,
  "best_validation_end_acc": 0.25274725274725274,
  "best_validation_span_acc": 0.12087912087912088,
  "best_validation_em": 0.17582417582417584,
  "best_validation_f1": 0.3665131892130205,
  "best_validation_loss": 9.872918287913004
}