{
  "best_epoch": 18,
  "peak_cpu_memory_MB": 2620.968,
  "peak_gpu_0_memory_MB": 10787,
  "peak_gpu_1_memory_MB": 10,
  "peak_gpu_2_memory_MB": 10,
  "peak_gpu_3_memory_MB": 7390,
  "training_duration": "00:05:24",
  "training_start_epoch": 0,
  "training_epochs": 19,
  "epoch": 19,
  "training_start_acc": 0.49753086419753084,
  "training_end_acc": 0.6790123456790124,
  "training_span_acc": 0.4111111111111111,
  "training_em": 0.4222222222222222,
  "training_f1": 0.6667734845665273,
  "training_loss": 2.871881606532078,
  "training_cpu_memory_MB": 2620.968,
  "training_gpu_0_memory_MB": 10787,
  "training_gpu_1_memory_MB": 10,
  "training_gpu_2_memory_MB": 10,
  "training_gpu_3_memory_MB": 7390,
  "validation_start_acc": 0.1111111111111111,
  "validation_end_acc": 0.25555555555555554,
  "validation_span_acc": 0.022222222222222223,
  "validation_em": 0.07777777777777778,
  "validation_f1": 0.27909920670525507,
  "validation_loss": 9.479170401891073,
  "best_validation_start_acc": 0.1,
  "best_validation_end_acc": 0.23333333333333334,
  "best_validation_span_acc": 0.03333333333333333,
  "best_validation_em": 0.08888888888888889,
  "best_validation_f1": 0.2674205368236903,
  "best_validation_loss": 8.945138772328695
}