{
  "best_epoch": 12,
  "peak_cpu_memory_MB": 3866.676,
  "peak_gpu_0_memory_MB": 10,
  "peak_gpu_1_memory_MB": 10,
  "peak_gpu_2_memory_MB": 10,
  "peak_gpu_3_memory_MB": 4237,
  "training_duration": "00:03:28",
  "training_start_epoch": 0,
  "training_epochs": 19,
  "epoch": 19,
  "training_start_acc": 0.6942675159235668,
  "training_end_acc": 0.7834394904458599,
  "training_span_acc": 0.4968152866242038,
  "training_em": 0.5095541401273885,
  "training_f1": 0.8539929387243643,
  "training_loss": 1.0225749552249908,
  "training_cpu_memory_MB": 3866.676,
  "training_gpu_0_memory_MB": 10,
  "training_gpu_1_memory_MB": 10,
  "training_gpu_2_memory_MB": 10,
  "training_gpu_3_memory_MB": 4237,
  "validation_start_acc": 0.044444444444444446,
  "validation_end_acc": 0.12222222222222222,
  "validation_span_acc": 0.011111111111111112,
  "validation_em": 0.011111111111111112,
  "validation_f1": 0.168280867162055,
  "validation_loss": 9.924096902211508,
  "best_validation_start_acc": 0.044444444444444446,
  "best_validation_end_acc": 0.1,
  "best_validation_span_acc": 0.03333333333333333,
  "best_validation_em": 0.044444444444444446,
  "best_validation_f1": 0.1867986877062787,
  "best_validation_loss": 9.883547306060791
}