{
  "best_epoch": 11,
  "peak_cpu_memory_MB": 3879.86,
  "peak_gpu_0_memory_MB": 10,
  "peak_gpu_1_memory_MB": 10,
  "peak_gpu_2_memory_MB": 10,
  "peak_gpu_3_memory_MB": 4237,
  "training_duration": "00:03:29",
  "training_start_epoch": 0,
  "training_epochs": 19,
  "epoch": 19,
  "training_start_acc": 0.697986577181208,
  "training_end_acc": 0.785234899328859,
  "training_span_acc": 0.5369127516778524,
  "training_em": 0.5637583892617449,
  "training_f1": 0.8319209035702346,
  "training_loss": 0.9969491779804229,
  "training_cpu_memory_MB": 3879.86,
  "training_gpu_0_memory_MB": 10,
  "training_gpu_1_memory_MB": 10,
  "training_gpu_2_memory_MB": 10,
  "training_gpu_3_memory_MB": 4237,
  "validation_start_acc": 0.07777777777777778,
  "validation_end_acc": 0.044444444444444446,
  "validation_span_acc": 0.022222222222222223,
  "validation_em": 0.03333333333333333,
  "validation_f1": 0.18840836486626694,
  "validation_loss": 10.926495711008707,
  "best_validation_start_acc": 0.08888888888888889,
  "best_validation_end_acc": 0.05555555555555555,
  "best_validation_span_acc": 0.03333333333333333,
  "best_validation_em": 0.05555555555555555,
  "best_validation_f1": 0.19192622768052356,
  "best_validation_loss": 9.93880581855774
}