{
  "best_epoch": 12,
  "peak_cpu_memory_MB": 3656.94,
  "peak_gpu_0_memory_MB": 8903,
  "peak_gpu_1_memory_MB": 10,
  "peak_gpu_2_memory_MB": 10,
  "peak_gpu_3_memory_MB": 5731,
  "training_duration": "00:04:24",
  "training_start_epoch": 0,
  "training_epochs": 19,
  "epoch": 19,
  "training_start_acc": 0.9803921568627451,
  "training_end_acc": 0.9705882352941176,
  "training_span_acc": 0.9656862745098039,
  "training_em": 0.9313725490196079,
  "training_f1": 0.9683050285004265,
  "training_loss": 0.23047598078846931,
  "training_cpu_memory_MB": 3656.94,
  "training_gpu_0_memory_MB": 8903,
  "training_gpu_1_memory_MB": 10,
  "training_gpu_2_memory_MB": 10,
  "training_gpu_3_memory_MB": 5731,
  "validation_start_acc": 0.08888888888888889,
  "validation_end_acc": 0.13333333333333333,
  "validation_span_acc": 0.011111111111111112,
  "validation_em": 0.03333333333333333,
  "validation_f1": 0.21109646912451333,
  "validation_loss": 10.911340872446695,
  "best_validation_start_acc": 0.1,
  "best_validation_end_acc": 0.17777777777777778,
  "best_validation_span_acc": 0.03333333333333333,
  "best_validation_em": 0.05555555555555555,
  "best_validation_f1": 0.22002946519323083,
  "best_validation_loss": 9.79332415262858
}