{
  "best_epoch": 0,
  "peak_cpu_memory_MB": 2652.268,
  "peak_gpu_0_memory_MB": 10787,
  "peak_gpu_1_memory_MB": 10,
  "peak_gpu_2_memory_MB": 10,
  "peak_gpu_3_memory_MB": 5917,
  "training_duration": "00:00:38",
  "training_start_epoch": 0,
  "training_epochs": 9,
  "epoch": 9,
  "training_start_acc": 0.015228426395939087,
  "training_end_acc": 0.09137055837563451,
  "training_span_acc": 0.005076142131979695,
  "training_em": 0.01015228426395939,
  "training_f1": 0.12322653307638547,
  "training_loss": 9.063767873323881,
  "training_cpu_memory_MB": 2652.268,
  "training_gpu_0_memory_MB": 10787,
  "training_gpu_1_memory_MB": 10,
  "training_gpu_2_memory_MB": 10,
  "training_gpu_3_memory_MB": 5917,
  "validation_start_acc": 0.03296703296703297,
  "validation_end_acc": 0.10989010989010989,
  "validation_span_acc": 0.0,
  "validation_em": 0.0,
  "validation_f1": 0.13499459630059082,
  "validation_loss": 9.428184509277344,
  "best_validation_start_acc": 0.02197802197802198,
  "best_validation_end_acc": 0.0,
  "best_validation_span_acc": 0.0,
  "best_validation_em": 0.0,
  "best_validation_f1": 0.12759087933256996,
  "best_validation_loss": 10.01256799697876
}