{
  "best_epoch": 4,
  "peak_cpu_memory_MB": 3659.656,
  "peak_gpu_0_memory_MB": 10787,
  "peak_gpu_1_memory_MB": 10,
  "peak_gpu_2_memory_MB": 10,
  "peak_gpu_3_memory_MB": 5711,
  "training_duration": "00:02:13",
  "training_start_epoch": 0,
  "training_epochs": 13,
  "epoch": 13,
  "training_start_acc": 0.872093023255814,
  "training_end_acc": 0.8953488372093024,
  "training_span_acc": 0.872093023255814,
  "training_em": 0.8604651162790697,
  "training_f1": 0.8792608516274726,
  "training_loss": 1.1411645809809368,
  "training_cpu_memory_MB": 3659.656,
  "training_gpu_0_memory_MB": 10787,
  "training_gpu_1_memory_MB": 10,
  "training_gpu_2_memory_MB": 10,
  "training_gpu_3_memory_MB": 5711,
  "validation_start_acc": 0.1111111111111111,
  "validation_end_acc": 0.044444444444444446,
  "validation_span_acc": 0.011111111111111112,
  "validation_em": 0.03333333333333333,
  "validation_f1": 0.20732658413281338,
  "validation_loss": 10.903695027033487,
  "best_validation_start_acc": 0.06666666666666667,
  "best_validation_end_acc": 0.05555555555555555,
  "best_validation_span_acc": 0.011111111111111112,
  "best_validation_em": 0.05555555555555555,
  "best_validation_f1": 0.2100429254862627,
  "best_validation_loss": 9.551353454589844
}