{
  "best_epoch": 9,
  "peak_cpu_memory_MB": 3856.236,
  "peak_gpu_0_memory_MB": 10,
  "peak_gpu_1_memory_MB": 10,
  "peak_gpu_2_memory_MB": 10,
  "peak_gpu_3_memory_MB": 4237,
  "training_duration": "00:04:16",
  "training_start_epoch": 0,
  "training_epochs": 18,
  "epoch": 18,
  "training_start_acc": 0.6845637583892618,
  "training_end_acc": 0.8456375838926175,
  "training_span_acc": 0.5906040268456376,
  "training_em": 0.5973154362416108,
  "training_f1": 0.8675228630314444,
  "training_loss": 0.9178228139877319,
  "training_cpu_memory_MB": 3856.236,
  "training_gpu_0_memory_MB": 10,
  "training_gpu_1_memory_MB": 10,
  "training_gpu_2_memory_MB": 10,
  "training_gpu_3_memory_MB": 4237,
  "validation_start_acc": 0.08888888888888889,
  "validation_end_acc": 0.1,
  "validation_span_acc": 0.011111111111111112,
  "validation_em": 0.022222222222222223,
  "validation_f1": 0.2382296410451836,
  "validation_loss": 10.55105988184611,
  "best_validation_start_acc": 0.1,
  "best_validation_end_acc": 0.05555555555555555,
  "best_validation_span_acc": 0.03333333333333333,
  "best_validation_em": 0.05555555555555555,
  "best_validation_f1": 0.19936330151048598,
  "best_validation_loss": 9.688985347747803
}