{
  "best_epoch": 0,
  "peak_cpu_memory_MB": 3856.236,
  "peak_gpu_0_memory_MB": 10,
  "peak_gpu_1_memory_MB": 10,
  "peak_gpu_2_memory_MB": 10,
  "peak_gpu_3_memory_MB": 4237,
  "training_duration": "00:02:16",
  "training_start_epoch": 0,
  "training_epochs": 9,
  "epoch": 9,
  "training_start_acc": 0.5973154362416108,
  "training_end_acc": 0.6510067114093959,
  "training_span_acc": 0.40268456375838924,
  "training_em": 0.4161073825503356,
  "training_f1": 0.6997510404945345,
  "training_loss": 2.0999778270721436,
  "training_cpu_memory_MB": 3856.236,
  "training_gpu_0_memory_MB": 10,
  "training_gpu_1_memory_MB": 10,
  "training_gpu_2_memory_MB": 10,
  "training_gpu_3_memory_MB": 4237,
  "validation_start_acc": 0.10344827586206896,
  "validation_end_acc": 0.06896551724137931,
  "validation_span_acc": 0.011494252873563218,
  "validation_em": 0.011494252873563218,
  "validation_f1": 0.20167428969779225,
  "validation_loss": 9.477414608001709,
  "best_validation_start_acc": 0.022988505747126436,
  "best_validation_end_acc": 0.06896551724137931,
  "best_validation_span_acc": 0.0,
  "best_validation_em": 0.034482758620689655,
  "best_validation_f1": 0.21238347331638666,
  "best_validation_loss": 8.966647704442343
}