{
  "best_epoch": 1,
  "peak_cpu_memory_MB": 4614.648,
  "peak_gpu_0_memory_MB": 10,
  "peak_gpu_1_memory_MB": 10,
  "peak_gpu_2_memory_MB": 4413,
  "peak_gpu_3_memory_MB": 1993,
  "training_duration": "00:01:59",
  "training_start_epoch": 0,
  "training_epochs": 10,
  "epoch": 10,
  "training_start_acc": 0.03197674418604651,
  "training_end_acc": 0.11482558139534883,
  "training_span_acc": 0.007267441860465116,
  "training_em": 0.007267441860465116,
  "training_f1": 0.16894052621771366,
  "training_loss": 8.079481934392176,
  "training_cpu_memory_MB": 4614.648,
  "training_gpu_0_memory_MB": 10,
  "training_gpu_1_memory_MB": 10,
  "training_gpu_2_memory_MB": 4413,
  "training_gpu_3_memory_MB": 1993,
  "validation_start_acc": 0.03333333333333333,
  "validation_end_acc": 0.1,
  "validation_span_acc": 0.0,
  "validation_em": 0.011111111111111112,
  "validation_f1": 0.1939290626170242,
  "validation_loss": 8.604097366333008,
  "best_validation_start_acc": 0.022222222222222223,
  "best_validation_end_acc": 0.044444444444444446,
  "best_validation_span_acc": 0.011111111111111112,
  "best_validation_em": 0.022222222222222223,
  "best_validation_f1": 0.16199349536166677,
  "best_validation_loss": 9.250503857930502
}