{
  "best_epoch": 5,
  "peak_cpu_memory_MB": 3853.092,
  "peak_gpu_0_memory_MB": 10787,
  "peak_gpu_1_memory_MB": 10,
  "peak_gpu_2_memory_MB": 7173,
  "peak_gpu_3_memory_MB": 10,
  "training_duration": "00:04:32",
  "training_start_epoch": 0,
  "training_epochs": 14,
  "epoch": 14,
  "training_start_acc": 0.7165109034267912,
  "training_end_acc": 0.7694704049844237,
  "training_span_acc": 0.5482866043613707,
  "training_em": 0.557632398753894,
  "training_f1": 0.8160869482911364,
  "training_loss": 1.1582793536640348,
  "training_cpu_memory_MB": 3853.092,
  "training_gpu_0_memory_MB": 10787,
  "training_gpu_1_memory_MB": 10,
  "training_gpu_2_memory_MB": 7173,
  "training_gpu_3_memory_MB": 10,
  "validation_start_acc": 0.16666666666666666,
  "validation_end_acc": 0.08888888888888889,
  "validation_span_acc": 0.044444444444444446,
  "validation_em": 0.044444444444444446,
  "validation_f1": 0.2271439307583311,
  "validation_loss": 10.427327950795492,
  "best_validation_start_acc": 0.12222222222222222,
  "best_validation_end_acc": 0.14444444444444443,
  "best_validation_span_acc": 0.05555555555555555,
  "best_validation_em": 0.05555555555555555,
  "best_validation_f1": 0.21003450673813948,
  "best_validation_loss": 8.11062494913737
}