{
  "best_epoch": 16,
  "peak_cpu_memory_MB": 3632.992,
  "peak_gpu_0_memory_MB": 10,
  "peak_gpu_1_memory_MB": 10,
  "peak_gpu_2_memory_MB": 10,
  "peak_gpu_3_memory_MB": 5739,
  "training_duration": "00:02:35",
  "training_start_epoch": 0,
  "training_epochs": 19,
  "epoch": 19,
  "training_start_acc": 0.9753086419753086,
  "training_end_acc": 0.971604938271605,
  "training_span_acc": 0.9617283950617284,
  "training_em": 0.9345679012345679,
  "training_f1": 0.9612558571869412,
  "training_loss": 0.23856135822978675,
  "training_cpu_memory_MB": 3632.992,
  "training_gpu_0_memory_MB": 10,
  "training_gpu_1_memory_MB": 10,
  "training_gpu_2_memory_MB": 10,
  "training_gpu_3_memory_MB": 5739,
  "validation_start_acc": 0.12222222222222222,
  "validation_end_acc": 0.17777777777777778,
  "validation_span_acc": 0.07777777777777778,
  "validation_em": 0.07777777777777778,
  "validation_f1": 0.2804661237739196,
  "validation_loss": 14.545087019602457,
  "best_validation_start_acc": 0.1111111111111111,
  "best_validation_end_acc": 0.17777777777777778,
  "best_validation_span_acc": 0.08888888888888889,
  "best_validation_em": 0.08888888888888889,
  "best_validation_f1": 0.2649411137872187,
  "best_validation_loss": 12.836355050404867
}