{
  "best_epoch": 14,
  "peak_cpu_memory_MB": 3656.94,
  "peak_gpu_0_memory_MB": 8903,
  "peak_gpu_1_memory_MB": 10,
  "peak_gpu_2_memory_MB": 10,
  "peak_gpu_3_memory_MB": 5731,
  "training_duration": "00:05:23",
  "training_start_epoch": 0,
  "training_epochs": 19,
  "epoch": 19,
  "training_start_acc": 0.9856459330143541,
  "training_end_acc": 0.9904306220095693,
  "training_span_acc": 0.9808612440191388,
  "training_em": 0.9665071770334929,
  "training_f1": 0.9803110101764952,
  "training_loss": 0.15022793651691504,
  "training_cpu_memory_MB": 3656.94,
  "training_gpu_0_memory_MB": 8903,
  "training_gpu_1_memory_MB": 10,
  "training_gpu_2_memory_MB": 10,
  "training_gpu_3_memory_MB": 5731,
  "validation_start_acc": 0.07777777777777778,
  "validation_end_acc": 0.08888888888888889,
  "validation_span_acc": 0.022222222222222223,
  "validation_em": 0.022222222222222223,
  "validation_f1": 0.16673453786085,
  "validation_loss": 12.55376386642456,
  "best_validation_start_acc": 0.08888888888888889,
  "best_validation_end_acc": 0.08888888888888889,
  "best_validation_span_acc": 0.03333333333333333,
  "best_validation_em": 0.044444444444444446,
  "best_validation_f1": 0.21010835143999904,
  "best_validation_loss": 11.318931897481283
}