{
  "best_epoch": 7,
  "peak_cpu_memory_MB": 3867.7,
  "peak_gpu_0_memory_MB": 10,
  "peak_gpu_1_memory_MB": 10,
  "peak_gpu_2_memory_MB": 10,
  "peak_gpu_3_memory_MB": 6395,
  "training_duration": "00:09:08",
  "training_start_epoch": 0,
  "training_epochs": 16,
  "epoch": 16,
  "training_start_acc": 0.6927536231884058,
  "training_end_acc": 0.7927536231884058,
  "training_span_acc": 0.5347826086956522,
  "training_em": 0.5463768115942029,
  "training_f1": 0.829085600070323,
  "training_loss": 0.9191279831257734,
  "training_cpu_memory_MB": 3867.7,
  "training_gpu_0_memory_MB": 10,
  "training_gpu_1_memory_MB": 10,
  "training_gpu_2_memory_MB": 10,
  "training_gpu_3_memory_MB": 6395,
  "validation_start_acc": 0.18888888888888888,
  "validation_end_acc": 0.25555555555555554,
  "validation_span_acc": 0.1,
  "validation_em": 0.18888888888888888,
  "validation_f1": 0.37384802605507195,
  "validation_loss": 10.151222864786783,
  "best_validation_start_acc": 0.2222222222222222,
  "best_validation_end_acc": 0.24444444444444444,
  "best_validation_span_acc": 0.14444444444444443,
  "best_validation_em": 0.18888888888888888,
  "best_validation_f1": 0.367375640082597,
  "best_validation_loss": 8.969456354777018
}