{
  "best_epoch": 9,
  "peak_cpu_memory_MB": 3626.016,
  "peak_gpu_0_memory_MB": 10787,
  "peak_gpu_1_memory_MB": 4979,
  "peak_gpu_2_memory_MB": 7173,
  "peak_gpu_3_memory_MB": 4979,
  "training_duration": "00:09:48",
  "training_start_epoch": 0,
  "training_epochs": 18,
  "epoch": 18,
  "training_start_acc": 1.0,
  "training_end_acc": 0.9983525535420099,
  "training_span_acc": 0.9983525535420099,
  "training_em": 0.9538714991762768,
  "training_f1": 0.9821274442861861,
  "training_loss": 0.011688486458488592,
  "training_cpu_memory_MB": 3626.016,
  "training_gpu_0_memory_MB": 10787,
  "training_gpu_1_memory_MB": 4979,
  "training_gpu_2_memory_MB": 7173,
  "training_gpu_3_memory_MB": 4979,
  "validation_start_acc": 0.15555555555555556,
  "validation_end_acc": 0.23333333333333334,
  "validation_span_acc": 0.08888888888888889,
  "validation_em": 0.12222222222222222,
  "validation_f1": 0.3452933085518655,
  "validation_loss": 14.390806833902994,
  "best_validation_start_acc": 0.18888888888888888,
  "best_validation_end_acc": 0.2,
  "best_validation_span_acc": 0.1111111111111111,
  "best_validation_em": 0.15555555555555556,
  "best_validation_f1": 0.3192953902972722,
  "best_validation_loss": 11.668586730957031
}