{
  "best_epoch": 9,
  "peak_cpu_memory_MB": 3866.676,
  "peak_gpu_0_memory_MB": 10,
  "peak_gpu_1_memory_MB": 10,
  "peak_gpu_2_memory_MB": 10,
  "peak_gpu_3_memory_MB": 4237,
  "training_duration": "00:10:00",
  "training_start_epoch": 0,
  "training_epochs": 18,
  "epoch": 18,
  "training_start_acc": 0.6918687589158345,
  "training_end_acc": 0.776034236804565,
  "training_span_acc": 0.5263908701854494,
  "training_em": 0.5263908701854494,
  "training_f1": 0.826452342694023,
  "training_loss": 0.9214188619093462,
  "training_cpu_memory_MB": 3866.676,
  "training_gpu_0_memory_MB": 10,
  "training_gpu_1_memory_MB": 10,
  "training_gpu_2_memory_MB": 10,
  "training_gpu_3_memory_MB": 4237,
  "validation_start_acc": 0.16483516483516483,
  "validation_end_acc": 0.18681318681318682,
  "validation_span_acc": 0.10989010989010989,
  "validation_em": 0.0989010989010989,
  "validation_f1": 0.25716868591545927,
  "validation_loss": 10.851473649342855,
  "best_validation_start_acc": 0.14285714285714285,
  "best_validation_end_acc": 0.18681318681318682,
  "best_validation_span_acc": 0.13186813186813187,
  "best_validation_em": 0.12087912087912088,
  "best_validation_f1": 0.2609410447526588,
  "best_validation_loss": 9.206734895706177
}