{
  "best_epoch": 11,
  "peak_cpu_memory_MB": 3853.092,
  "peak_gpu_0_memory_MB": 10787,
  "peak_gpu_1_memory_MB": 10,
  "peak_gpu_2_memory_MB": 7173,
  "peak_gpu_3_memory_MB": 10,
  "training_duration": "00:11:21",
  "training_start_epoch": 0,
  "training_epochs": 19,
  "epoch": 19,
  "training_start_acc": 0.679324894514768,
  "training_end_acc": 0.7988748241912799,
  "training_span_acc": 0.530239099859353,
  "training_em": 0.540084388185654,
  "training_f1": 0.8376253084343585,
  "training_loss": 0.9228364679548475,
  "training_cpu_memory_MB": 3853.092,
  "training_gpu_0_memory_MB": 10787,
  "training_gpu_1_memory_MB": 10,
  "training_gpu_2_memory_MB": 7173,
  "training_gpu_3_memory_MB": 10,
  "validation_start_acc": 0.17777777777777778,
  "validation_end_acc": 0.28888888888888886,
  "validation_span_acc": 0.1,
  "validation_em": 0.1111111111111111,
  "validation_f1": 0.32819153199889317,
  "validation_loss": 9.71510910987854,
  "best_validation_start_acc": 0.16666666666666666,
  "best_validation_end_acc": 0.3111111111111111,
  "best_validation_span_acc": 0.1111111111111111,
  "best_validation_em": 0.1111111111111111,
  "best_validation_f1": 0.33380863889046636,
  "best_validation_loss": 8.581783056259155
}