{
  "best_epoch": 19,
  "peak_cpu_memory_MB": 2721.744,
  "peak_gpu_0_memory_MB": 10,
  "peak_gpu_1_memory_MB": 10,
  "peak_gpu_2_memory_MB": 10,
  "peak_gpu_3_memory_MB": 4867,
  "training_duration": "00:02:29",
  "training_start_epoch": 0,
  "training_epochs": 19,
  "epoch": 19,
  "training_start_acc": 0.40384615384615385,
  "training_end_acc": 0.6553254437869822,
  "training_span_acc": 0.27514792899408286,
  "training_em": 0.28550295857988167,
  "training_f1": 0.6873773117995993,
  "training_loss": 2.8436435045197954,
  "training_cpu_memory_MB": 2721.744,
  "training_gpu_0_memory_MB": 10,
  "training_gpu_1_memory_MB": 10,
  "training_gpu_2_memory_MB": 10,
  "training_gpu_3_memory_MB": 4867,
  "validation_start_acc": 0.10344827586206896,
  "validation_end_acc": 0.12643678160919541,
  "validation_span_acc": 0.04597701149425287,
  "validation_em": 0.11494252873563218,
  "validation_f1": 0.31362877546126766,
  "validation_loss": 10.650959014892578,
  "best_validation_start_acc": 0.10344827586206896,
  "best_validation_end_acc": 0.12643678160919541,
  "best_validation_span_acc": 0.04597701149425287,
  "best_validation_em": 0.11494252873563218,
  "best_validation_f1": 0.31362877546126766,
  "best_validation_loss": 10.650959014892578
}