{
  "best_epoch": 6,
  "peak_cpu_memory_MB": 4614.648,
  "peak_gpu_0_memory_MB": 10,
  "peak_gpu_1_memory_MB": 10,
  "peak_gpu_2_memory_MB": 4415,
  "peak_gpu_3_memory_MB": 1993,
  "training_duration": "00:01:25",
  "training_start_epoch": 0,
  "training_epochs": 15,
  "epoch": 15,
  "training_start_acc": 0.0219435736677116,
  "training_end_acc": 0.13793103448275862,
  "training_span_acc": 0.006269592476489028,
  "training_em": 0.006269592476489028,
  "training_f1": 0.16087044681918317,
  "training_loss": 8.211420607566833,
  "training_cpu_memory_MB": 4614.648,
  "training_gpu_0_memory_MB": 10,
  "training_gpu_1_memory_MB": 10,
  "training_gpu_2_memory_MB": 4415,
  "training_gpu_3_memory_MB": 1993,
  "validation_start_acc": 0.022222222222222223,
  "validation_end_acc": 0.08888888888888889,
  "validation_span_acc": 0.0,
  "validation_em": 0.0,
  "validation_f1": 0.17463328037285294,
  "validation_loss": 9.008023818333944,
  "best_validation_start_acc": 0.011111111111111112,
  "best_validation_end_acc": 0.07777777777777778,
  "best_validation_span_acc": 0.011111111111111112,
  "best_validation_em": 0.022222222222222223,
  "best_validation_f1": 0.1738832202009203,
  "best_validation_loss": 9.259716749191284
}