{
  "best_epoch": 12,
  "peak_cpu_memory_MB": 2708.152,
  "peak_gpu_0_memory_MB": 8903,
  "peak_gpu_1_memory_MB": 10,
  "peak_gpu_2_memory_MB": 10,
  "peak_gpu_3_memory_MB": 4223,
  "training_duration": "00:02:45",
  "training_start_epoch": 0,
  "training_epochs": 19,
  "epoch": 19,
  "training_start_acc": 0.9765432098765432,
  "training_end_acc": 0.9728395061728395,
  "training_span_acc": 0.9580246913580247,
  "training_em": 0.9308641975308642,
  "training_f1": 0.9695141072262587,
  "training_loss": 0.18577589262642114,
  "training_cpu_memory_MB": 2708.152,
  "training_gpu_0_memory_MB": 8903,
  "training_gpu_1_memory_MB": 10,
  "training_gpu_2_memory_MB": 10,
  "training_gpu_3_memory_MB": 4223,
  "validation_start_acc": 0.1111111111111111,
  "validation_end_acc": 0.18888888888888888,
  "validation_span_acc": 0.06666666666666667,
  "validation_em": 0.13333333333333333,
  "validation_f1": 0.31013446147661583,
  "validation_loss": 14.467789649963379,
  "best_validation_start_acc": 0.16666666666666666,
  "best_validation_end_acc": 0.2,
  "best_validation_span_acc": 0.08888888888888889,
  "best_validation_em": 0.14444444444444443,
  "best_validation_f1": 0.34295604027409365,
  "best_validation_loss": 10.836535135904947
}