{
  "best_epoch": 15,
  "peak_cpu_memory_MB": 2658.132,
  "peak_gpu_0_memory_MB": 10787,
  "peak_gpu_1_memory_MB": 10,
  "peak_gpu_2_memory_MB": 10,
  "peak_gpu_3_memory_MB": 8858,
  "training_duration": "00:05:16",
  "training_start_epoch": 0,
  "training_epochs": 19,
  "epoch": 19,
  "training_start_acc": 0.5784919653893696,
  "training_end_acc": 0.7119901112484549,
  "training_span_acc": 0.4907292954264524,
  "training_em": 0.49814585908529047,
  "training_f1": 0.7213567007627557,
  "training_loss": 2.4501642479616055,
  "training_cpu_memory_MB": 2658.132,
  "training_gpu_0_memory_MB": 10787,
  "training_gpu_1_memory_MB": 10,
  "training_gpu_2_memory_MB": 10,
  "training_gpu_3_memory_MB": 8858,
  "validation_start_acc": 0.07692307692307693,
  "validation_end_acc": 0.25274725274725274,
  "validation_span_acc": 0.06593406593406594,
  "validation_em": 0.0989010989010989,
  "validation_f1": 0.3375150872837632,
  "validation_loss": 8.52200714747111,
  "best_validation_start_acc": 0.0989010989010989,
  "best_validation_end_acc": 0.27472527472527475,
  "best_validation_span_acc": 0.06593406593406594,
  "best_validation_em": 0.13186813186813187,
  "best_validation_f1": 0.3703207388427674,
  "best_validation_loss": 7.109543244043986
}