{
  "best_epoch": 13,
  "peak_cpu_memory_MB": 3626.016,
  "peak_gpu_0_memory_MB": 10787,
  "peak_gpu_1_memory_MB": 6755,
  "peak_gpu_2_memory_MB": 7173,
  "peak_gpu_3_memory_MB": 6755,
  "training_duration": "00:04:56",
  "training_start_epoch": 0,
  "training_epochs": 19,
  "epoch": 19,
  "training_start_acc": 0.9951923076923077,
  "training_end_acc": 1.0,
  "training_span_acc": 1.0,
  "training_em": 0.9567307692307693,
  "training_f1": 0.9829077378043798,
  "training_loss": 0.03150912904395507,
  "training_cpu_memory_MB": 3626.016,
  "training_gpu_0_memory_MB": 10787,
  "training_gpu_1_memory_MB": 6755,
  "training_gpu_2_memory_MB": 7173,
  "training_gpu_3_memory_MB": 6755,
  "validation_start_acc": 0.1111111111111111,
  "validation_end_acc": 0.12222222222222222,
  "validation_span_acc": 0.03333333333333333,
  "validation_em": 0.06666666666666667,
  "validation_f1": 0.21852584887675242,
  "validation_loss": 12.82004483540853,
  "best_validation_start_acc": 0.16666666666666666,
  "best_validation_end_acc": 0.14444444444444443,
  "best_validation_span_acc": 0.05555555555555555,
  "best_validation_em": 0.07777777777777778,
  "best_validation_f1": 0.2412047813882695,
  "best_validation_loss": 11.25004768371582
}