{
  "best_epoch": 10,
  "peak_cpu_memory_MB": 3659.656,
  "peak_gpu_0_memory_MB": 10787,
  "peak_gpu_1_memory_MB": 10,
  "peak_gpu_2_memory_MB": 10,
  "peak_gpu_3_memory_MB": 5705,
  "training_duration": "00:11:11",
  "training_start_epoch": 0,
  "training_epochs": 19,
  "epoch": 19,
  "training_start_acc": 0.9917491749174917,
  "training_end_acc": 0.9983498349834984,
  "training_span_acc": 0.9917491749174917,
  "training_em": 0.9537953795379538,
  "training_f1": 0.9843149359867062,
  "training_loss": 0.03170165243730145,
  "training_cpu_memory_MB": 3659.656,
  "training_gpu_0_memory_MB": 10787,
  "training_gpu_1_memory_MB": 10,
  "training_gpu_2_memory_MB": 10,
  "training_gpu_3_memory_MB": 5705,
  "validation_start_acc": 0.13333333333333333,
  "validation_end_acc": 0.2222222222222222,
  "validation_span_acc": 0.05555555555555555,
  "validation_em": 0.07777777777777778,
  "validation_f1": 0.3217428810476338,
  "validation_loss": 12.294896920522055,
  "best_validation_start_acc": 0.16666666666666666,
  "best_validation_end_acc": 0.25555555555555554,
  "best_validation_span_acc": 0.08888888888888889,
  "best_validation_em": 0.12222222222222222,
  "best_validation_f1": 0.3388002234894874,
  "best_validation_loss": 9.437457799911499
}