{
  "best_epoch": 4,
  "peak_cpu_memory_MB": 3620.292,
  "peak_gpu_0_memory_MB": 10,
  "peak_gpu_1_memory_MB": 10,
  "peak_gpu_2_memory_MB": 10,
  "peak_gpu_3_memory_MB": 4785,
  "training_duration": "00:11:45",
  "training_start_epoch": 0,
  "training_epochs": 13,
  "epoch": 13,
  "training_start_acc": 0.9864197530864197,
  "training_end_acc": 0.9753086419753086,
  "training_span_acc": 0.971604938271605,
  "training_em": 0.9358024691358025,
  "training_f1": 0.9692617279025803,
  "training_loss": 0.13564193022309565,
  "training_cpu_memory_MB": 3620.292,
  "training_gpu_0_memory_MB": 10,
  "training_gpu_1_memory_MB": 10,
  "training_gpu_2_memory_MB": 10,
  "training_gpu_3_memory_MB": 4785,
  "validation_start_acc": 0.15555555555555556,
  "validation_end_acc": 0.16666666666666666,
  "validation_span_acc": 0.07777777777777778,
  "validation_em": 0.1,
  "validation_f1": 0.26114413228196415,
  "validation_loss": 13.640540758768717,
  "best_validation_start_acc": 0.2,
  "best_validation_end_acc": 0.13333333333333333,
  "best_validation_span_acc": 0.1,
  "best_validation_em": 0.1111111111111111,
  "best_validation_f1": 0.2429214100120085,
  "best_validation_loss": 7.389726638793945
}