{
  "best_epoch": 8,
  "peak_cpu_memory_MB": 3879.86,
  "peak_gpu_0_memory_MB": 10,
  "peak_gpu_1_memory_MB": 10,
  "peak_gpu_2_memory_MB": 10,
  "peak_gpu_3_memory_MB": 4237,
  "training_duration": "00:05:26",
  "training_start_epoch": 0,
  "training_epochs": 17,
  "epoch": 17,
  "training_start_acc": 0.6721763085399449,
  "training_end_acc": 0.8044077134986226,
  "training_span_acc": 0.5206611570247934,
  "training_em": 0.5289256198347108,
  "training_f1": 0.8367273206833805,
  "training_loss": 1.00255781152974,
  "training_cpu_memory_MB": 3879.86,
  "training_gpu_0_memory_MB": 10,
  "training_gpu_1_memory_MB": 10,
  "training_gpu_2_memory_MB": 10,
  "training_gpu_3_memory_MB": 4237,
  "validation_start_acc": 0.07777777777777778,
  "validation_end_acc": 0.14444444444444443,
  "validation_span_acc": 0.022222222222222223,
  "validation_em": 0.044444444444444446,
  "validation_f1": 0.2443500454165085,
  "validation_loss": 10.065524578094482,
  "best_validation_start_acc": 0.06666666666666667,
  "best_validation_end_acc": 0.13333333333333333,
  "best_validation_span_acc": 0.03333333333333333,
  "best_validation_em": 0.1,
  "best_validation_f1": 0.2659502770428951,
  "best_validation_loss": 9.058881282806396
}