{
  "best_epoch": 12,
  "peak_cpu_memory_MB": 4614.648,
  "peak_gpu_0_memory_MB": 10,
  "peak_gpu_1_memory_MB": 10,
  "peak_gpu_2_memory_MB": 3769,
  "peak_gpu_3_memory_MB": 1993,
  "training_duration": "00:05:25",
  "training_start_epoch": 0,
  "training_epochs": 19,
  "epoch": 19,
  "training_start_acc": 0.06476190476190476,
  "training_end_acc": 0.13714285714285715,
  "training_span_acc": 0.012380952380952381,
  "training_em": 0.015238095238095238,
  "training_f1": 0.1739833651242785,
  "training_loss": 7.690940828034372,
  "training_cpu_memory_MB": 4614.648,
  "training_gpu_0_memory_MB": 10,
  "training_gpu_1_memory_MB": 10,
  "training_gpu_2_memory_MB": 3769,
  "training_gpu_3_memory_MB": 1993,
  "validation_start_acc": 0.05555555555555555,
  "validation_end_acc": 0.1,
  "validation_span_acc": 0.0,
  "validation_em": 0.022222222222222223,
  "validation_f1": 0.191728793632626,
  "validation_loss": 8.308709462483725,
  "best_validation_start_acc": 0.03333333333333333,
  "best_validation_end_acc": 0.13333333333333333,
  "best_validation_span_acc": 0.011111111111111112,
  "best_validation_em": 0.044444444444444446,
  "best_validation_f1": 0.21338026981765834,
  "best_validation_loss": 8.212614377339682
}