{
  "best_epoch": 8,
  "peak_cpu_memory_MB": 3659.656,
  "peak_gpu_0_memory_MB": 10787,
  "peak_gpu_1_memory_MB": 10,
  "peak_gpu_2_memory_MB": 10,
  "peak_gpu_3_memory_MB": 4761,
  "training_duration": "00:12:42",
  "training_start_epoch": 0,
  "training_epochs": 17,
  "epoch": 17,
  "training_start_acc": 0.9938271604938271,
  "training_end_acc": 0.9950617283950617,
  "training_span_acc": 0.9925925925925926,
  "training_em": 0.9530864197530864,
  "training_f1": 0.9776544596441499,
  "training_loss": 0.034409861975148615,
  "training_cpu_memory_MB": 3659.656,
  "training_gpu_0_memory_MB": 10787,
  "training_gpu_1_memory_MB": 10,
  "training_gpu_2_memory_MB": 10,
  "training_gpu_3_memory_MB": 4761,
  "validation_start_acc": 0.2,
  "validation_end_acc": 0.14444444444444443,
  "validation_span_acc": 0.044444444444444446,
  "validation_em": 0.07777777777777778,
  "validation_f1": 0.3092075188876469,
  "validation_loss": 14.513627688090006,
  "best_validation_start_acc": 0.2222222222222222,
  "best_validation_end_acc": 0.2,
  "best_validation_span_acc": 0.044444444444444446,
  "best_validation_em": 0.12222222222222222,
  "best_validation_f1": 0.335781150051138,
  "best_validation_loss": 10.153687953948975
}