{
  "best_epoch": 10,
  "peak_cpu_memory_MB": 3659.656,
  "peak_gpu_0_memory_MB": 10787,
  "peak_gpu_1_memory_MB": 10,
  "peak_gpu_2_memory_MB": 10,
  "peak_gpu_3_memory_MB": 4761,
  "training_duration": "00:14:09",
  "training_start_epoch": 0,
  "training_epochs": 19,
  "epoch": 19,
  "training_start_acc": 0.997539975399754,
  "training_end_acc": 0.995079950799508,
  "training_span_acc": 0.993849938499385,
  "training_em": 0.958179581795818,
  "training_f1": 0.9821422749211071,
  "training_loss": 0.01699405675753951,
  "training_cpu_memory_MB": 3659.656,
  "training_gpu_0_memory_MB": 10787,
  "training_gpu_1_memory_MB": 10,
  "training_gpu_2_memory_MB": 10,
  "training_gpu_3_memory_MB": 4761,
  "validation_start_acc": 0.19540229885057472,
  "validation_end_acc": 0.27586206896551724,
  "validation_span_acc": 0.09195402298850575,
  "validation_em": 0.14942528735632185,
  "validation_f1": 0.4429943175913428,
  "validation_loss": 13.209714730580648,
  "best_validation_start_acc": 0.20689655172413793,
  "best_validation_end_acc": 0.2413793103448276,
  "best_validation_span_acc": 0.10344827586206896,
  "best_validation_em": 0.19540229885057472,
  "best_validation_f1": 0.4391173692597364,
  "best_validation_loss": 10.448949337005615
}