{
  "best_epoch": 3,
  "peak_cpu_memory_MB": 3656.94,
  "peak_gpu_0_memory_MB": 8903,
  "peak_gpu_1_memory_MB": 10,
  "peak_gpu_2_memory_MB": 10,
  "peak_gpu_3_memory_MB": 5731,
  "training_duration": "00:03:07",
  "training_start_epoch": 0,
  "training_epochs": 12,
  "epoch": 12,
  "training_start_acc": 0.7421052631578947,
  "training_end_acc": 0.6947368421052632,
  "training_span_acc": 0.6684210526315789,
  "training_em": 0.6526315789473685,
  "training_f1": 0.753164040803811,
  "training_loss": 1.6359591384728749,
  "training_cpu_memory_MB": 3656.94,
  "training_gpu_0_memory_MB": 8903,
  "training_gpu_1_memory_MB": 10,
  "training_gpu_2_memory_MB": 10,
  "training_gpu_3_memory_MB": 5731,
  "validation_start_acc": 0.07777777777777778,
  "validation_end_acc": 0.1111111111111111,
  "validation_span_acc": 0.022222222222222223,
  "validation_em": 0.03333333333333333,
  "validation_f1": 0.2044061535925441,
  "validation_loss": 9.513274351755777,
  "best_validation_start_acc": 0.05555555555555555,
  "best_validation_end_acc": 0.05555555555555555,
  "best_validation_span_acc": 0.022222222222222223,
  "best_validation_em": 0.05555555555555555,
  "best_validation_f1": 0.21437626338662485,
  "best_validation_loss": 8.242777824401855
}