{
  "best_epoch": 7,
  "peak_cpu_memory_MB": 2739.988,
  "peak_gpu_0_memory_MB": 6121,
  "peak_gpu_1_memory_MB": 0,
  "peak_gpu_2_memory_MB": 0,
  "peak_gpu_3_memory_MB": 607,
  "training_duration": "00:02:19",
  "training_start_epoch": 0,
  "training_epochs": 16,
  "epoch": 16,
  "training_start_acc": 0.2645631067961165,
  "training_end_acc": 0.24514563106796117,
  "training_span_acc": 0.1383495145631068,
  "training_em": 0.1407766990291262,
  "training_f1": 0.2594167946619406,
  "training_loss": 4.081958367274358,
  "training_cpu_memory_MB": 2739.988,
  "training_gpu_0_memory_MB": 6121,
  "training_gpu_1_memory_MB": 0,
  "training_gpu_2_memory_MB": 0,
  "training_gpu_3_memory_MB": 607,
  "validation_start_acc": 0.07777777777777778,
  "validation_end_acc": 0.06666666666666667,
  "validation_span_acc": 0.011111111111111112,
  "validation_em": 0.011111111111111112,
  "validation_f1": 0.14260941820243647,
  "validation_loss": 11.030677000681559,
  "best_validation_start_acc": 0.05555555555555555,
  "best_validation_end_acc": 0.06666666666666667,
  "best_validation_span_acc": 0.03333333333333333,
  "best_validation_em": 0.03333333333333333,
  "best_validation_f1": 0.1587416948877616,
  "best_validation_loss": 9.1173734664917
}