{
  "best_epoch": 3,
  "peak_cpu_memory_MB": 3580.12,
  "peak_gpu_0_memory_MB": 8903,
  "peak_gpu_1_memory_MB": 10,
  "peak_gpu_2_memory_MB": 10,
  "peak_gpu_3_memory_MB": 3997,
  "training_duration": "00:02:17",
  "training_start_epoch": 0,
  "training_epochs": 12,
  "epoch": 12,
  "training_start_acc": 0.7157894736842105,
  "training_end_acc": 0.5684210526315789,
  "training_span_acc": 0.5789473684210527,
  "training_em": 0.5684210526315789,
  "training_f1": 0.6366357132769743,
  "training_loss": 2.0913272301355996,
  "training_cpu_memory_MB": 3580.12,
  "training_gpu_0_memory_MB": 8903,
  "training_gpu_1_memory_MB": 10,
  "training_gpu_2_memory_MB": 10,
  "training_gpu_3_memory_MB": 3997,
  "validation_start_acc": 0.047619047619047616,
  "validation_end_acc": 0.047619047619047616,
  "validation_span_acc": 0.015873015873015872,
  "validation_em": 0.015873015873015872,
  "validation_f1": 0.22463891130679822,
  "validation_loss": 10.46380090713501,
  "best_validation_start_acc": 0.047619047619047616,
  "best_validation_end_acc": 0.031746031746031744,
  "best_validation_span_acc": 0.0,
  "best_validation_em": 0.031746031746031744,
  "best_validation_f1": 0.2549878949365733,
  "best_validation_loss": 9.07698941230774
}