{
  "best_epoch": 1,
  "peak_cpu_memory_MB": 3593.744,
  "peak_gpu_0_memory_MB": 8903,
  "peak_gpu_1_memory_MB": 10,
  "peak_gpu_2_memory_MB": 10,
  "peak_gpu_3_memory_MB": 3997,
  "training_duration": "00:02:22",
  "training_start_epoch": 0,
  "training_epochs": 10,
  "epoch": 10,
  "training_start_acc": 0.6529680365296804,
  "training_end_acc": 0.6164383561643836,
  "training_span_acc": 0.5753424657534246,
  "training_em": 0.5707762557077626,
  "training_f1": 0.6170317671149266,
  "training_loss": 1.4329585347856795,
  "training_cpu_memory_MB": 3593.744,
  "training_gpu_0_memory_MB": 8903,
  "training_gpu_1_memory_MB": 10,
  "training_gpu_2_memory_MB": 10,
  "training_gpu_3_memory_MB": 3997,
  "validation_start_acc": 0.015873015873015872,
  "validation_end_acc": 0.15873015873015872,
  "validation_span_acc": 0.015873015873015872,
  "validation_em": 0.06349206349206349,
  "validation_f1": 0.3102648979612802,
  "validation_loss": 13.800612211227417,
  "best_validation_start_acc": 0.06349206349206349,
  "best_validation_end_acc": 0.1111111111111111,
  "best_validation_span_acc": 0.031746031746031744,
  "best_validation_em": 0.06349206349206349,
  "best_validation_f1": 0.3267164720044898,
  "best_validation_loss": 8.653495073318481
}