{
  "best_epoch": 16,
  "peak_cpu_memory_MB": 3659.656,
  "peak_gpu_0_memory_MB": 10787,
  "peak_gpu_1_memory_MB": 10,
  "peak_gpu_2_memory_MB": 10,
  "peak_gpu_3_memory_MB": 5705,
  "training_duration": "00:08:19",
  "training_start_epoch": 0,
  "training_epochs": 19,
  "epoch": 19,
  "training_start_acc": 0.9901477832512315,
  "training_end_acc": 0.9827586206896551,
  "training_span_acc": 0.9778325123152709,
  "training_em": 0.9458128078817734,
  "training_f1": 0.9775296315080423,
  "training_loss": 0.08062721502322417,
  "training_cpu_memory_MB": 3659.656,
  "training_gpu_0_memory_MB": 10787,
  "training_gpu_1_memory_MB": 10,
  "training_gpu_2_memory_MB": 10,
  "training_gpu_3_memory_MB": 5705,
  "validation_start_acc": 0.1111111111111111,
  "validation_end_acc": 0.18888888888888888,
  "validation_span_acc": 0.05555555555555555,
  "validation_em": 0.07777777777777778,
  "validation_f1": 0.24603058268056294,
  "validation_loss": 12.315303484598795,
  "best_validation_start_acc": 0.12222222222222222,
  "best_validation_end_acc": 0.15555555555555556,
  "best_validation_span_acc": 0.08888888888888889,
  "best_validation_em": 0.1,
  "best_validation_f1": 0.2635681504218962,
  "best_validation_loss": 12.385742664337158
}