{
  "best_epoch": 4,
  "peak_cpu_memory_MB": 3856.236,
  "peak_gpu_0_memory_MB": 10,
  "peak_gpu_1_memory_MB": 10,
  "peak_gpu_2_memory_MB": 10,
  "peak_gpu_3_memory_MB": 4237,
  "training_duration": "00:10:51",
  "training_start_epoch": 0,
  "training_epochs": 13,
  "epoch": 13,
  "training_start_acc": 0.6497890295358649,
  "training_end_acc": 0.770745428973277,
  "training_span_acc": 0.5063291139240507,
  "training_em": 0.5119549929676512,
  "training_f1": 0.8206351926920114,
  "training_loss": 1.118949618604448,
  "training_cpu_memory_MB": 3856.236,
  "training_gpu_0_memory_MB": 10,
  "training_gpu_1_memory_MB": 10,
  "training_gpu_2_memory_MB": 10,
  "training_gpu_3_memory_MB": 4237,
  "validation_start_acc": 0.16666666666666666,
  "validation_end_acc": 0.2222222222222222,
  "validation_span_acc": 0.06666666666666667,
  "validation_em": 0.07777777777777778,
  "validation_f1": 0.28068999518029264,
  "validation_loss": 8.834639390309652,
  "best_validation_start_acc": 0.14444444444444443,
  "best_validation_end_acc": 0.2,
  "best_validation_span_acc": 0.07777777777777778,
  "best_validation_em": 0.13333333333333333,
  "best_validation_f1": 0.31020650491585483,
  "best_validation_loss": 7.586890935897827
}