{
  "best_epoch": 12,
  "peak_cpu_memory_MB": 3626.016,
  "peak_gpu_0_memory_MB": 10787,
  "peak_gpu_1_memory_MB": 6755,
  "peak_gpu_2_memory_MB": 7173,
  "peak_gpu_3_memory_MB": 6755,
  "training_duration": "00:07:07",
  "training_start_epoch": 0,
  "training_epochs": 19,
  "epoch": 19,
  "training_start_acc": 0.9869791666666666,
  "training_end_acc": 0.9947916666666666,
  "training_span_acc": 0.9895833333333334,
  "training_em": 0.9453125,
  "training_f1": 0.9744313367064237,
  "training_loss": 0.04677502950653434,
  "training_cpu_memory_MB": 3626.016,
  "training_gpu_0_memory_MB": 10787,
  "training_gpu_1_memory_MB": 6755,
  "training_gpu_2_memory_MB": 7173,
  "training_gpu_3_memory_MB": 6755,
  "validation_start_acc": 0.15555555555555556,
  "validation_end_acc": 0.2222222222222222,
  "validation_span_acc": 0.07777777777777778,
  "validation_em": 0.08888888888888889,
  "validation_f1": 0.2503604333372423,
  "validation_loss": 13.160284042358398,
  "best_validation_start_acc": 0.17777777777777778,
  "best_validation_end_acc": 0.25555555555555554,
  "best_validation_span_acc": 0.12222222222222222,
  "best_validation_em": 0.14444444444444443,
  "best_validation_f1": 0.3016443108107291,
  "best_validation_loss": 11.139025370279947
}