{
  "best_epoch": 19,
  "peak_cpu_memory_MB": 4614.648,
  "peak_gpu_0_memory_MB": 10,
  "peak_gpu_1_memory_MB": 10,
  "peak_gpu_2_memory_MB": 3769,
  "peak_gpu_3_memory_MB": 1993,
  "training_duration": "00:05:20",
  "training_start_epoch": 0,
  "training_epochs": 19,
  "epoch": 19,
  "training_start_acc": 0.07670182166826463,
  "training_end_acc": 0.17353787152444872,
  "training_span_acc": 0.028763183125599234,
  "training_em": 0.03355704697986577,
  "training_f1": 0.2128188597849026,
  "training_loss": 7.25917911529541,
  "training_cpu_memory_MB": 4614.648,
  "training_gpu_0_memory_MB": 10,
  "training_gpu_1_memory_MB": 10,
  "training_gpu_2_memory_MB": 3769,
  "training_gpu_3_memory_MB": 1993,
  "validation_start_acc": 0.07777777777777778,
  "validation_end_acc": 0.1,
  "validation_span_acc": 0.03333333333333333,
  "validation_em": 0.044444444444444446,
  "validation_f1": 0.190748185985712,
  "validation_loss": 7.9790810743967695,
  "best_validation_start_acc": 0.07777777777777778,
  "best_validation_end_acc": 0.1,
  "best_validation_span_acc": 0.03333333333333333,
  "best_validation_em": 0.044444444444444446,
  "best_validation_f1": 0.190748185985712,
  "best_validation_loss": 7.9790810743967695
}