{
  "best_epoch": 3,
  "peak_cpu_memory_MB": 3632.992,
  "peak_gpu_0_memory_MB": 10,
  "peak_gpu_1_memory_MB": 10,
  "peak_gpu_2_memory_MB": 10,
  "peak_gpu_3_memory_MB": 5739,
  "training_duration": "00:00:30",
  "training_start_epoch": 0,
  "training_epochs": 12,
  "epoch": 12,
  "training_start_acc": 0.23618090452261306,
  "training_end_acc": 0.3065326633165829,
  "training_span_acc": 0.16080402010050251,
  "training_em": 0.15577889447236182,
  "training_f1": 0.2705421219508722,
  "training_loss": 4.140637544485239,
  "training_cpu_memory_MB": 3632.992,
  "training_gpu_0_memory_MB": 10,
  "training_gpu_1_memory_MB": 10,
  "training_gpu_2_memory_MB": 10,
  "training_gpu_3_memory_MB": 5739,
  "validation_start_acc": 0.06896551724137931,
  "validation_end_acc": 0.10344827586206896,
  "validation_span_acc": 0.011494252873563218,
  "validation_em": 0.011494252873563218,
  "validation_f1": 0.12313665917529262,
  "validation_loss": 11.241373697916666,
  "best_validation_start_acc": 0.04597701149425287,
  "best_validation_end_acc": 0.04597701149425287,
  "best_validation_span_acc": 0.011494252873563218,
  "best_validation_em": 0.011494252873563218,
  "best_validation_f1": 0.15099779399646246,
  "best_validation_loss": 9.041562795639038
}