{
  "best_epoch": 17,
  "peak_cpu_memory_MB": 2596.968,
  "peak_gpu_0_memory_MB": 10787,
  "peak_gpu_1_memory_MB": 10,
  "peak_gpu_2_memory_MB": 10,
  "peak_gpu_3_memory_MB": 7390,
  "training_duration": "00:05:18",
  "training_start_epoch": 0,
  "training_epochs": 19,
  "epoch": 19,
  "training_start_acc": 0.6341161928306551,
  "training_end_acc": 0.7478368355995055,
  "training_span_acc": 0.5339925834363412,
  "training_em": 0.5352286773794809,
  "training_f1": 0.7539229019140934,
  "training_loss": 2.0747193320124757,
  "training_cpu_memory_MB": 2596.968,
  "training_gpu_0_memory_MB": 10787,
  "training_gpu_1_memory_MB": 10,
  "training_gpu_2_memory_MB": 10,
  "training_gpu_3_memory_MB": 7390,
  "validation_start_acc": 0.17582417582417584,
  "validation_end_acc": 0.21978021978021978,
  "validation_span_acc": 0.0989010989010989,
  "validation_em": 0.0989010989010989,
  "validation_f1": 0.3192814082649626,
  "validation_loss": 8.525341192881266,
  "best_validation_start_acc": 0.17582417582417584,
  "best_validation_end_acc": 0.2087912087912088,
  "best_validation_span_acc": 0.10989010989010989,
  "best_validation_em": 0.12087912087912088,
  "best_validation_f1": 0.30631816520782296,
  "best_validation_loss": 8.92937445640564
}