{
  "best_epoch": 4,
  "peak_cpu_memory_MB": 2652.268,
  "peak_gpu_0_memory_MB": 10787,
  "peak_gpu_1_memory_MB": 10,
  "peak_gpu_2_memory_MB": 10,
  "peak_gpu_3_memory_MB": 5917,
  "training_duration": "00:02:12",
  "training_start_epoch": 0,
  "training_epochs": 13,
  "epoch": 13,
  "training_start_acc": 0.03150912106135987,
  "training_end_acc": 0.1111111111111111,
  "training_span_acc": 0.004975124378109453,
  "training_em": 0.004975124378109453,
  "training_f1": 0.13729901531021427,
  "training_loss": 8.27596868966755,
  "training_cpu_memory_MB": 2652.268,
  "training_gpu_0_memory_MB": 10787,
  "training_gpu_1_memory_MB": 10,
  "training_gpu_2_memory_MB": 10,
  "training_gpu_3_memory_MB": 5917,
  "validation_start_acc": 0.02197802197802198,
  "validation_end_acc": 0.07692307692307693,
  "validation_span_acc": 0.0,
  "validation_em": 0.0,
  "validation_f1": 0.17500478449026938,
  "validation_loss": 8.284844398498535,
  "best_validation_start_acc": 0.0,
  "best_validation_end_acc": 0.07692307692307693,
  "best_validation_span_acc": 0.0,
  "best_validation_em": 0.01098901098901099,
  "best_validation_f1": 0.16162229258949146,
  "best_validation_loss": 8.414387305577597
}