{
  "best_epoch": 6,
  "peak_cpu_memory_MB": 3867.7,
  "peak_gpu_0_memory_MB": 10,
  "peak_gpu_1_memory_MB": 10,
  "peak_gpu_2_memory_MB": 10,
  "peak_gpu_3_memory_MB": 6395,
  "training_duration": "00:08:38",
  "training_start_epoch": 0,
  "training_epochs": 15,
  "epoch": 15,
  "training_start_acc": 0.6455696202531646,
  "training_end_acc": 0.7735583684950773,
  "training_span_acc": 0.48241912798874825,
  "training_em": 0.49226441631504925,
  "training_f1": 0.8186320802674929,
  "training_loss": 1.0691329465972053,
  "training_cpu_memory_MB": 3867.7,
  "training_gpu_0_memory_MB": 10,
  "training_gpu_1_memory_MB": 10,
  "training_gpu_2_memory_MB": 10,
  "training_gpu_3_memory_MB": 6395,
  "validation_start_acc": 0.14444444444444443,
  "validation_end_acc": 0.2,
  "validation_span_acc": 0.044444444444444446,
  "validation_em": 0.07777777777777778,
  "validation_f1": 0.29638310382013233,
  "validation_loss": 8.95790990193685,
  "best_validation_start_acc": 0.2111111111111111,
  "best_validation_end_acc": 0.26666666666666666,
  "best_validation_span_acc": 0.1111111111111111,
  "best_validation_em": 0.12222222222222222,
  "best_validation_f1": 0.37187377453579146,
  "best_validation_loss": 7.270788192749023
}