{
  "best_epoch": 14,
  "peak_cpu_memory_MB": 3621.028,
  "peak_gpu_0_memory_MB": 10787,
  "peak_gpu_1_memory_MB": 4159,
  "peak_gpu_2_memory_MB": 7173,
  "peak_gpu_3_memory_MB": 4159,
  "training_duration": "00:13:01",
  "training_start_epoch": 0,
  "training_epochs": 19,
  "epoch": 19,
  "training_start_acc": 0.9925925925925926,
  "training_end_acc": 0.9950617283950617,
  "training_span_acc": 0.9938271604938271,
  "training_em": 0.9493827160493827,
  "training_f1": 0.9777784627722594,
  "training_loss": 0.03099377387586762,
  "training_cpu_memory_MB": 3621.028,
  "training_gpu_0_memory_MB": 10787,
  "training_gpu_1_memory_MB": 4159,
  "training_gpu_2_memory_MB": 7173,
  "training_gpu_3_memory_MB": 4159,
  "validation_start_acc": 0.26666666666666666,
  "validation_end_acc": 0.23333333333333334,
  "validation_span_acc": 0.12222222222222222,
  "validation_em": 0.13333333333333333,
  "validation_f1": 0.31341692370151236,
  "validation_loss": 13.667826334635416,
  "best_validation_start_acc": 0.3111111111111111,
  "best_validation_end_acc": 0.2222222222222222,
  "best_validation_span_acc": 0.18888888888888888,
  "best_validation_em": 0.18888888888888888,
  "best_validation_f1": 0.32672283182462586,
  "best_validation_loss": 12.905124346415201
}