{
  "best_epoch": 10,
  "peak_cpu_memory_MB": 3659.656,
  "peak_gpu_0_memory_MB": 10787,
  "peak_gpu_1_memory_MB": 10,
  "peak_gpu_2_memory_MB": 10,
  "peak_gpu_3_memory_MB": 5705,
  "training_duration": "00:11:26",
  "training_start_epoch": 0,
  "training_epochs": 19,
  "epoch": 19,
  "training_start_acc": 0.9949748743718593,
  "training_end_acc": 0.9899497487437185,
  "training_span_acc": 0.9899497487437185,
  "training_em": 0.948073701842546,
  "training_f1": 0.9735654942674076,
  "training_loss": 0.04093721796954541,
  "training_cpu_memory_MB": 3659.656,
  "training_gpu_0_memory_MB": 10787,
  "training_gpu_1_memory_MB": 10,
  "training_gpu_2_memory_MB": 10,
  "training_gpu_3_memory_MB": 5705,
  "validation_start_acc": 0.13333333333333333,
  "validation_end_acc": 0.16666666666666666,
  "validation_span_acc": 0.022222222222222223,
  "validation_em": 0.05555555555555555,
  "validation_f1": 0.27080413092441646,
  "validation_loss": 15.250967502593994,
  "best_validation_start_acc": 0.16666666666666666,
  "best_validation_end_acc": 0.16666666666666666,
  "best_validation_span_acc": 0.044444444444444446,
  "best_validation_em": 0.1,
  "best_validation_f1": 0.3066708857121441,
  "best_validation_loss": 10.161685943603516
}