{
  "best_epoch": 0,
  "peak_cpu_memory_MB": 3632.992,
  "peak_gpu_0_memory_MB": 10,
  "peak_gpu_1_memory_MB": 10,
  "peak_gpu_2_memory_MB": 10,
  "peak_gpu_3_memory_MB": 5739,
  "training_duration": "00:01:19",
  "training_start_epoch": 0,
  "training_epochs": 9,
  "epoch": 9,
  "training_start_acc": 0.3764705882352941,
  "training_end_acc": 0.32941176470588235,
  "training_span_acc": 0.2235294117647059,
  "training_em": 0.2235294117647059,
  "training_f1": 0.3524651732130389,
  "training_loss": 3.142680525779724,
  "training_cpu_memory_MB": 3632.992,
  "training_gpu_0_memory_MB": 10,
  "training_gpu_1_memory_MB": 10,
  "training_gpu_2_memory_MB": 10,
  "training_gpu_3_memory_MB": 5739,
  "validation_start_acc": 0.06666666666666667,
  "validation_end_acc": 0.06666666666666667,
  "validation_span_acc": 0.011111111111111112,
  "validation_em": 0.011111111111111112,
  "validation_f1": 0.11127830814912068,
  "validation_loss": 10.730749924977621,
  "best_validation_start_acc": 0.06666666666666667,
  "best_validation_end_acc": 0.06666666666666667,
  "best_validation_span_acc": 0.011111111111111112,
  "best_validation_em": 0.011111111111111112,
  "best_validation_f1": 0.10168664919230207,
  "best_validation_loss": 9.475908756256104
}