{
  "best_epoch": 19,
  "peak_cpu_memory_MB": 3656.94,
  "peak_gpu_0_memory_MB": 8903,
  "peak_gpu_1_memory_MB": 10,
  "peak_gpu_2_memory_MB": 10,
  "peak_gpu_3_memory_MB": 4785,
  "training_duration": "00:14:10",
  "training_start_epoch": 0,
  "training_epochs": 19,
  "epoch": 19,
  "training_start_acc": 0.9867109634551495,
  "training_end_acc": 0.9767441860465116,
  "training_span_acc": 0.973421926910299,
  "training_em": 0.9435215946843853,
  "training_f1": 0.9776687133594356,
  "training_loss": 0.11040783717640136,
  "training_cpu_memory_MB": 3656.94,
  "training_gpu_0_memory_MB": 8903,
  "training_gpu_1_memory_MB": 10,
  "training_gpu_2_memory_MB": 10,
  "training_gpu_3_memory_MB": 4785,
  "validation_start_acc": 0.0989010989010989,
  "validation_end_acc": 0.13186813186813187,
  "validation_span_acc": 0.04395604395604396,
  "validation_em": 0.10989010989010989,
  "validation_f1": 0.25939232375980614,
  "validation_loss": 16.135937372843426,
  "best_validation_start_acc": 0.0989010989010989,
  "best_validation_end_acc": 0.13186813186813187,
  "best_validation_span_acc": 0.04395604395604396,
  "best_validation_em": 0.10989010989010989,
  "best_validation_f1": 0.25939232375980614,
  "best_validation_loss": 16.135937372843426
}