{
  "best_epoch": 10,
  "peak_cpu_memory_MB": 3879.86,
  "peak_gpu_0_memory_MB": 10,
  "peak_gpu_1_memory_MB": 10,
  "peak_gpu_2_memory_MB": 10,
  "peak_gpu_3_memory_MB": 4237,
  "training_duration": "00:10:16",
  "training_start_epoch": 0,
  "training_epochs": 19,
  "epoch": 19,
  "training_start_acc": 0.689051094890511,
  "training_end_acc": 0.7897810218978102,
  "training_span_acc": 0.5343065693430656,
  "training_em": 0.5401459854014599,
  "training_f1": 0.8224573678002756,
  "training_loss": 0.9228346403255019,
  "training_cpu_memory_MB": 3879.86,
  "training_gpu_0_memory_MB": 10,
  "training_gpu_1_memory_MB": 10,
  "training_gpu_2_memory_MB": 10,
  "training_gpu_3_memory_MB": 4237,
  "validation_start_acc": 0.14444444444444443,
  "validation_end_acc": 0.14444444444444443,
  "validation_span_acc": 0.044444444444444446,
  "validation_em": 0.06666666666666667,
  "validation_f1": 0.2609387444560858,
  "validation_loss": 10.380631605784098,
  "best_validation_start_acc": 0.13333333333333333,
  "best_validation_end_acc": 0.2,
  "best_validation_span_acc": 0.06666666666666667,
  "best_validation_em": 0.13333333333333333,
  "best_validation_f1": 0.29044680394326405,
  "best_validation_loss": 8.627911488215128
}