{
  "best_epoch": 16,
  "peak_cpu_memory_MB": 3656.94,
  "peak_gpu_0_memory_MB": 8903,
  "peak_gpu_1_memory_MB": 10,
  "peak_gpu_2_memory_MB": 10,
  "peak_gpu_3_memory_MB": 5731,
  "training_duration": "00:09:33",
  "training_start_epoch": 0,
  "training_epochs": 19,
  "epoch": 19,
  "training_start_acc": 0.9950980392156863,
  "training_end_acc": 0.9803921568627451,
  "training_span_acc": 0.9852941176470589,
  "training_em": 0.9509803921568627,
  "training_f1": 0.9804524960409543,
  "training_loss": 0.06799661575888212,
  "training_cpu_memory_MB": 3656.94,
  "training_gpu_0_memory_MB": 8903,
  "training_gpu_1_memory_MB": 10,
  "training_gpu_2_memory_MB": 10,
  "training_gpu_3_memory_MB": 5731,
  "validation_start_acc": 0.10989010989010989,
  "validation_end_acc": 0.16483516483516483,
  "validation_span_acc": 0.06593406593406594,
  "validation_em": 0.08791208791208792,
  "validation_f1": 0.22911753681335523,
  "validation_loss": 12.843432744344076,
  "best_validation_start_acc": 0.10989010989010989,
  "best_validation_end_acc": 0.17582417582417584,
  "best_validation_span_acc": 0.06593406593406594,
  "best_validation_em": 0.0989010989010989,
  "best_validation_f1": 0.24784312596675845,
  "best_validation_loss": 12.75747537612915
}