{
  "best_epoch": 15,
  "peak_cpu_memory_MB": 3853.092,
  "peak_gpu_0_memory_MB": 10787,
  "peak_gpu_1_memory_MB": 6755,
  "peak_gpu_2_memory_MB": 7173,
  "peak_gpu_3_memory_MB": 6755,
  "training_duration": "00:16:50",
  "training_start_epoch": 0,
  "training_epochs": 19,
  "epoch": 19,
  "training_start_acc": 0.7101167315175098,
  "training_end_acc": 0.7752918287937743,
  "training_span_acc": 0.541828793774319,
  "training_em": 0.5340466926070039,
  "training_f1": 0.8165509915862875,
  "training_loss": 0.8951728311868814,
  "training_cpu_memory_MB": 3853.092,
  "training_gpu_0_memory_MB": 10787,
  "training_gpu_1_memory_MB": 6755,
  "training_gpu_2_memory_MB": 7173,
  "training_gpu_3_memory_MB": 6755,
  "validation_start_acc": 0.23333333333333334,
  "validation_end_acc": 0.24444444444444444,
  "validation_span_acc": 0.14444444444444443,
  "validation_em": 0.14444444444444443,
  "validation_f1": 0.3376693095840907,
  "validation_loss": 10.397703488667807,
  "best_validation_start_acc": 0.25555555555555554,
  "best_validation_end_acc": 0.25555555555555554,
  "best_validation_span_acc": 0.15555555555555556,
  "best_validation_em": 0.16666666666666666,
  "best_validation_f1": 0.3573171934560612,
  "best_validation_loss": 10.0228750705719
}