{
  "best_epoch": 15,
  "peak_cpu_memory_MB": 2721.744,
  "peak_gpu_0_memory_MB": 10,
  "peak_gpu_1_memory_MB": 10,
  "peak_gpu_2_memory_MB": 10,
  "peak_gpu_3_memory_MB": 4869,
  "training_duration": "00:01:14",
  "training_start_epoch": 0,
  "training_epochs": 19,
  "epoch": 19,
  "training_start_acc": 0.3765432098765432,
  "training_end_acc": 0.5987654320987654,
  "training_span_acc": 0.25308641975308643,
  "training_em": 0.2716049382716049,
  "training_f1": 0.6011904958183951,
  "training_loss": 3.2983019806089855,
  "training_cpu_memory_MB": 2721.744,
  "training_gpu_0_memory_MB": 10,
  "training_gpu_1_memory_MB": 10,
  "training_gpu_2_memory_MB": 10,
  "training_gpu_3_memory_MB": 4869,
  "validation_start_acc": 0.03333333333333333,
  "validation_end_acc": 0.1,
  "validation_span_acc": 0.022222222222222223,
  "validation_em": 0.03333333333333333,
  "validation_f1": 0.191914781800823,
  "validation_loss": 10.808326403299967,
  "best_validation_start_acc": 0.044444444444444446,
  "best_validation_end_acc": 0.07777777777777778,
  "best_validation_span_acc": 0.022222222222222223,
  "best_validation_em": 0.06666666666666667,
  "best_validation_f1": 0.19915777261856962,
  "best_validation_loss": 9.859475294748941
}