{
  "best_epoch": 13,
  "peak_cpu_memory_MB": 3659.656,
  "peak_gpu_0_memory_MB": 10787,
  "peak_gpu_1_memory_MB": 10,
  "peak_gpu_2_memory_MB": 10,
  "peak_gpu_3_memory_MB": 5705,
  "training_duration": "00:05:09",
  "training_start_epoch": 0,
  "training_epochs": 19,
  "epoch": 19,
  "training_start_acc": 0.9858490566037735,
  "training_end_acc": 0.9716981132075472,
  "training_span_acc": 0.9764150943396226,
  "training_em": 0.9433962264150944,
  "training_f1": 0.97231781456964,
  "training_loss": 0.13434357196092606,
  "training_cpu_memory_MB": 3659.656,
  "training_gpu_0_memory_MB": 10787,
  "training_gpu_1_memory_MB": 10,
  "training_gpu_2_memory_MB": 10,
  "training_gpu_3_memory_MB": 5705,
  "validation_start_acc": 0.0989010989010989,
  "validation_end_acc": 0.08791208791208792,
  "validation_span_acc": 0.04395604395604396,
  "validation_em": 0.054945054945054944,
  "validation_f1": 0.23326602001994198,
  "validation_loss": 12.114438692728678,
  "best_validation_start_acc": 0.07692307692307693,
  "best_validation_end_acc": 0.10989010989010989,
  "best_validation_span_acc": 0.054945054945054944,
  "best_validation_em": 0.06593406593406594,
  "best_validation_f1": 0.21058587923095232,
  "best_validation_loss": 10.980299790700277
}