{
  "best_epoch": 12,
  "peak_cpu_memory_MB": 3632.992,
  "peak_gpu_0_memory_MB": 10,
  "peak_gpu_1_memory_MB": 10,
  "peak_gpu_2_memory_MB": 10,
  "peak_gpu_3_memory_MB": 5739,
  "training_duration": "00:02:34",
  "training_start_epoch": 0,
  "training_epochs": 19,
  "epoch": 19,
  "training_start_acc": 0.9530864197530864,
  "training_end_acc": 0.9641975308641976,
  "training_span_acc": 0.9395061728395062,
  "training_em": 0.9148148148148149,
  "training_f1": 0.960270773382781,
  "training_loss": 0.2963140007911944,
  "training_cpu_memory_MB": 3632.992,
  "training_gpu_0_memory_MB": 10,
  "training_gpu_1_memory_MB": 10,
  "training_gpu_2_memory_MB": 10,
  "training_gpu_3_memory_MB": 5739,
  "validation_start_acc": 0.12222222222222222,
  "validation_end_acc": 0.23333333333333334,
  "validation_span_acc": 0.08888888888888889,
  "validation_em": 0.1,
  "validation_f1": 0.24162894051715275,
  "validation_loss": 14.764740626017252,
  "best_validation_start_acc": 0.14444444444444443,
  "best_validation_end_acc": 0.14444444444444443,
  "best_validation_span_acc": 0.1,
  "best_validation_em": 0.1111111111111111,
  "best_validation_f1": 0.22865984174363418,
  "best_validation_loss": 11.743976593017578
}