{
  "best_epoch": 13,
  "peak_cpu_memory_MB": 3867.7,
  "peak_gpu_0_memory_MB": 10,
  "peak_gpu_1_memory_MB": 10,
  "peak_gpu_2_memory_MB": 10,
  "peak_gpu_3_memory_MB": 6395,
  "training_duration": "00:14:41",
  "training_start_epoch": 0,
  "training_epochs": 19,
  "epoch": 19,
  "training_start_acc": 0.6946050096339114,
  "training_end_acc": 0.7726396917148363,
  "training_span_acc": 0.5308285163776493,
  "training_em": 0.535645472061657,
  "training_f1": 0.8255959567356012,
  "training_loss": 0.943099892597932,
  "training_cpu_memory_MB": 3867.7,
  "training_gpu_0_memory_MB": 10,
  "training_gpu_1_memory_MB": 10,
  "training_gpu_2_memory_MB": 10,
  "training_gpu_3_memory_MB": 6395,
  "validation_start_acc": 0.2,
  "validation_end_acc": 0.17777777777777778,
  "validation_span_acc": 0.06666666666666667,
  "validation_em": 0.12222222222222222,
  "validation_f1": 0.347022215173614,
  "validation_loss": 10.42313559850057,
  "best_validation_start_acc": 0.2111111111111111,
  "best_validation_end_acc": 0.2222222222222222,
  "best_validation_span_acc": 0.1,
  "best_validation_em": 0.15555555555555556,
  "best_validation_f1": 0.38356125627818677,
  "best_validation_loss": 9.866807222366333
}