{
  "best_epoch": 11,
  "peak_cpu_memory_MB": 2721.744,
  "peak_gpu_0_memory_MB": 10,
  "peak_gpu_1_memory_MB": 10,
  "peak_gpu_2_memory_MB": 10,
  "peak_gpu_3_memory_MB": 4867,
  "training_duration": "00:02:38",
  "training_start_epoch": 0,
  "training_epochs": 19,
  "epoch": 19,
  "training_start_acc": 0.5316455696202531,
  "training_end_acc": 0.749648382559775,
  "training_span_acc": 0.379746835443038,
  "training_em": 0.4050632911392405,
  "training_f1": 0.78935985445396,
  "training_loss": 1.9978763103485107,
  "training_cpu_memory_MB": 2721.744,
  "training_gpu_0_memory_MB": 10,
  "training_gpu_1_memory_MB": 10,
  "training_gpu_2_memory_MB": 10,
  "training_gpu_3_memory_MB": 4867,
  "validation_start_acc": 0.08888888888888889,
  "validation_end_acc": 0.14444444444444443,
  "validation_span_acc": 0.044444444444444446,
  "validation_em": 0.05555555555555555,
  "validation_f1": 0.2539287703471046,
  "validation_loss": 11.416917324066162,
  "best_validation_start_acc": 0.08888888888888889,
  "best_validation_end_acc": 0.13333333333333333,
  "best_validation_span_acc": 0.044444444444444446,
  "best_validation_em": 0.06666666666666667,
  "best_validation_f1": 0.2574349421608282,
  "best_validation_loss": 8.96216074625651
}