{
  "best_epoch": 0,
  "peak_cpu_memory_MB": 4614.648,
  "peak_gpu_0_memory_MB": 10,
  "peak_gpu_1_memory_MB": 10,
  "peak_gpu_2_memory_MB": 4413,
  "peak_gpu_3_memory_MB": 1993,
  "training_duration": "00:01:53",
  "training_start_epoch": 0,
  "training_epochs": 9,
  "epoch": 9,
  "training_start_acc": 0.024251069900142655,
  "training_end_acc": 0.10841654778887304,
  "training_span_acc": 0.0042796005706134095,
  "training_em": 0.005706134094151213,
  "training_f1": 0.1639437841632234,
  "training_loss": 8.339832110838456,
  "training_cpu_memory_MB": 4614.648,
  "training_gpu_0_memory_MB": 10,
  "training_gpu_1_memory_MB": 10,
  "training_gpu_2_memory_MB": 4413,
  "training_gpu_3_memory_MB": 1993,
  "validation_start_acc": 0.01098901098901099,
  "validation_end_acc": 0.0989010989010989,
  "validation_span_acc": 0.0,
  "validation_em": 0.0,
  "validation_f1": 0.1682269464369996,
  "validation_loss": 8.325851202011108,
  "best_validation_start_acc": 0.02197802197802198,
  "best_validation_end_acc": 0.07692307692307693,
  "best_validation_span_acc": 0.0,
  "best_validation_em": 0.0,
  "best_validation_f1": 0.13405448776812967,
  "best_validation_loss": 9.537076791127523
}