{
  "best_epoch": 14,
  "peak_cpu_memory_MB": 3632.992,
  "peak_gpu_0_memory_MB": 10,
  "peak_gpu_1_memory_MB": 10,
  "peak_gpu_2_memory_MB": 10,
  "peak_gpu_3_memory_MB": 5739,
  "training_duration": "00:01:18",
  "training_start_epoch": 0,
  "training_epochs": 19,
  "epoch": 19,
  "training_start_acc": 0.5064599483204134,
  "training_end_acc": 0.4883720930232558,
  "training_span_acc": 0.4082687338501292,
  "training_em": 0.4108527131782946,
  "training_f1": 0.5196082742349903,
  "training_loss": 2.7935661840438843,
  "training_cpu_memory_MB": 3632.992,
  "training_gpu_0_memory_MB": 10,
  "training_gpu_1_memory_MB": 10,
  "training_gpu_2_memory_MB": 10,
  "training_gpu_3_memory_MB": 5739,
  "validation_start_acc": 0.08045977011494253,
  "validation_end_acc": 0.10344827586206896,
  "validation_span_acc": 0.022988505747126436,
  "validation_em": 0.022988505747126436,
  "validation_f1": 0.18140035217436618,
  "validation_loss": 10.493885517120361,
  "best_validation_start_acc": 0.034482758620689655,
  "best_validation_end_acc": 0.08045977011494253,
  "best_validation_span_acc": 0.022988505747126436,
  "best_validation_em": 0.022988505747126436,
  "best_validation_f1": 0.17249489839972487,
  "best_validation_loss": 10.948702494303385
}