{
  "best_epoch": 13,
  "peak_cpu_memory_MB": 3656.296,
  "peak_gpu_0_memory_MB": 10,
  "peak_gpu_1_memory_MB": 10,
  "peak_gpu_2_memory_MB": 10,
  "peak_gpu_3_memory_MB": 5705,
  "training_duration": "00:09:08",
  "training_start_epoch": 0,
  "training_epochs": 19,
  "epoch": 19,
  "training_start_acc": 0.9917081260364843,
  "training_end_acc": 0.9950248756218906,
  "training_span_acc": 0.9900497512437811,
  "training_em": 0.9419568822553898,
  "training_f1": 0.975713899157873,
  "training_loss": 0.04294991360879258,
  "training_cpu_memory_MB": 3656.296,
  "training_gpu_0_memory_MB": 10,
  "training_gpu_1_memory_MB": 10,
  "training_gpu_2_memory_MB": 10,
  "training_gpu_3_memory_MB": 5705,
  "validation_start_acc": 0.16483516483516483,
  "validation_end_acc": 0.23076923076923078,
  "validation_span_acc": 0.0989010989010989,
  "validation_em": 0.0989010989010989,
  "validation_f1": 0.26448735988163447,
  "validation_loss": 10.9349045753479,
  "best_validation_start_acc": 0.15384615384615385,
  "best_validation_end_acc": 0.1978021978021978,
  "best_validation_span_acc": 0.0989010989010989,
  "best_validation_em": 0.0989010989010989,
  "best_validation_f1": 0.27562541195809,
  "best_validation_loss": 10.609658241271973
}