{
  "best_epoch": 1,
  "peak_cpu_memory_MB": 3621.028,
  "peak_gpu_0_memory_MB": 10787,
  "peak_gpu_1_memory_MB": 6755,
  "peak_gpu_2_memory_MB": 7173,
  "peak_gpu_3_memory_MB": 6755,
  "training_duration": "00:01:33",
  "training_start_epoch": 0,
  "training_epochs": 10,
  "epoch": 10,
  "training_start_acc": 0.6521739130434783,
  "training_end_acc": 0.6086956521739131,
  "training_span_acc": 0.5434782608695652,
  "training_em": 0.5108695652173914,
  "training_f1": 0.6101932264380728,
  "training_loss": 2.3412458499272666,
  "training_cpu_memory_MB": 3621.028,
  "training_gpu_0_memory_MB": 10787,
  "training_gpu_1_memory_MB": 6755,
  "training_gpu_2_memory_MB": 7173,
  "training_gpu_3_memory_MB": 6755,
  "validation_start_acc": 0.03333333333333333,
  "validation_end_acc": 0.05555555555555555,
  "validation_span_acc": 0.0,
  "validation_em": 0.0,
  "validation_f1": 0.11242264487173352,
  "validation_loss": 10.238913695017496,
  "best_validation_start_acc": 0.03333333333333333,
  "best_validation_end_acc": 0.08888888888888889,
  "best_validation_span_acc": 0.03333333333333333,
  "best_validation_em": 0.03333333333333333,
  "best_validation_f1": 0.12820447899020698,
  "best_validation_loss": 8.614850044250488
}