{
  "best_epoch": 16,
  "peak_cpu_memory_MB": 2721.744,
  "peak_gpu_0_memory_MB": 10,
  "peak_gpu_1_memory_MB": 10,
  "peak_gpu_2_memory_MB": 10,
  "peak_gpu_3_memory_MB": 4867,
  "training_duration": "00:01:18",
  "training_start_epoch": 0,
  "training_epochs": 19,
  "epoch": 19,
  "training_start_acc": 0.3944954128440367,
  "training_end_acc": 0.5229357798165137,
  "training_span_acc": 0.2324159021406728,
  "training_em": 0.2599388379204893,
  "training_f1": 0.5702790401262889,
  "training_loss": 3.505511442820231,
  "training_cpu_memory_MB": 2721.744,
  "training_gpu_0_memory_MB": 10,
  "training_gpu_1_memory_MB": 10,
  "training_gpu_2_memory_MB": 10,
  "training_gpu_3_memory_MB": 4867,
  "validation_start_acc": 0.07692307692307693,
  "validation_end_acc": 0.16483516483516483,
  "validation_span_acc": 0.04395604395604396,
  "validation_em": 0.06593406593406594,
  "validation_f1": 0.18477216299687788,
  "validation_loss": 10.99468469619751,
  "best_validation_start_acc": 0.07692307692307693,
  "best_validation_end_acc": 0.12087912087912088,
  "best_validation_span_acc": 0.03296703296703297,
  "best_validation_em": 0.06593406593406594,
  "best_validation_f1": 0.20736623239179885,
  "best_validation_loss": 10.390449523925781
}