{
  "best_epoch": 2,
  "peak_cpu_memory_MB": 3879.86,
  "peak_gpu_0_memory_MB": 10,
  "peak_gpu_1_memory_MB": 10,
  "peak_gpu_2_memory_MB": 10,
  "peak_gpu_3_memory_MB": 4237,
  "training_duration": "00:03:28",
  "training_start_epoch": 0,
  "training_epochs": 11,
  "epoch": 11,
  "training_start_acc": 0.6755162241887905,
  "training_end_acc": 0.7168141592920354,
  "training_span_acc": 0.5073746312684366,
  "training_em": 0.5132743362831859,
  "training_f1": 0.7794960532238747,
  "training_loss": 1.4291216270490126,
  "training_cpu_memory_MB": 3879.86,
  "training_gpu_0_memory_MB": 10,
  "training_gpu_1_memory_MB": 10,
  "training_gpu_2_memory_MB": 10,
  "training_gpu_3_memory_MB": 4237,
  "validation_start_acc": 0.10344827586206896,
  "validation_end_acc": 0.13793103448275862,
  "validation_span_acc": 0.022988505747126436,
  "validation_em": 0.034482758620689655,
  "validation_f1": 0.29043234964390546,
  "validation_loss": 10.685064315795898,
  "best_validation_start_acc": 0.06896551724137931,
  "best_validation_end_acc": 0.05747126436781609,
  "best_validation_span_acc": 0.034482758620689655,
  "best_validation_em": 0.05747126436781609,
  "best_validation_f1": 0.21995630697046387,
  "best_validation_loss": 8.811509609222412
}