{
  "best_epoch": 14,
  "peak_cpu_memory_MB": 3877.072,
  "peak_gpu_0_memory_MB": 10,
  "peak_gpu_1_memory_MB": 10,
  "peak_gpu_2_memory_MB": 10,
  "peak_gpu_3_memory_MB": 4237,
  "training_duration": "00:18:51",
  "training_start_epoch": 0,
  "training_epochs": 19,
  "epoch": 19,
  "training_start_acc": 0.6752503576537912,
  "training_end_acc": 0.7525035765379113,
  "training_span_acc": 0.5014306151645207,
  "training_em": 0.5071530758226037,
  "training_f1": 0.8116060042715015,
  "training_loss": 0.928779527883638,
  "training_cpu_memory_MB": 3877.072,
  "training_gpu_0_memory_MB": 10,
  "training_gpu_1_memory_MB": 10,
  "training_gpu_2_memory_MB": 10,
  "training_gpu_3_memory_MB": 4237,
  "validation_start_acc": 0.21978021978021978,
  "validation_end_acc": 0.31868131868131866,
  "validation_span_acc": 0.14285714285714285,
  "validation_em": 0.21978021978021978,
  "validation_f1": 0.432966897607191,
  "validation_loss": 10.105250676472982,
  "best_validation_start_acc": 0.25274725274725274,
  "best_validation_end_acc": 0.3626373626373626,
  "best_validation_span_acc": 0.17582417582417584,
  "best_validation_em": 0.2857142857142857,
  "best_validation_f1": 0.47613943859142627,
  "best_validation_loss": 8.609497547149658
}