{
  "best_epoch": 17,
  "peak_cpu_memory_MB": 3632.992,
  "peak_gpu_0_memory_MB": 10,
  "peak_gpu_1_memory_MB": 10,
  "peak_gpu_2_memory_MB": 10,
  "peak_gpu_3_memory_MB": 5739,
  "training_duration": "00:01:58",
  "training_start_epoch": 0,
  "training_epochs": 19,
  "epoch": 19,
  "training_start_acc": 0.9011725293132329,
  "training_end_acc": 0.9212730318257957,
  "training_span_acc": 0.8710217755443886,
  "training_em": 0.8525963149078727,
  "training_f1": 0.9198555635152119,
  "training_loss": 0.5822705285329568,
  "training_cpu_memory_MB": 3632.992,
  "training_gpu_0_memory_MB": 10,
  "training_gpu_1_memory_MB": 10,
  "training_gpu_2_memory_MB": 10,
  "training_gpu_3_memory_MB": 5739,
  "validation_start_acc": 0.1111111111111111,
  "validation_end_acc": 0.15555555555555556,
  "validation_span_acc": 0.022222222222222223,
  "validation_em": 0.022222222222222223,
  "validation_f1": 0.2100275930774675,
  "validation_loss": 13.806646823883057,
  "best_validation_start_acc": 0.13333333333333333,
  "best_validation_end_acc": 0.17777777777777778,
  "best_validation_span_acc": 0.05555555555555555,
  "best_validation_em": 0.06666666666666667,
  "best_validation_f1": 0.22511736129903745,
  "best_validation_loss": 13.105253219604492
}