{
  "best_epoch": 13,
  "peak_cpu_memory_MB": 3632.992,
  "peak_gpu_0_memory_MB": 10,
  "peak_gpu_1_memory_MB": 10,
  "peak_gpu_2_memory_MB": 10,
  "peak_gpu_3_memory_MB": 4785,
  "training_duration": "00:13:03",
  "training_start_epoch": 0,
  "training_epochs": 19,
  "epoch": 19,
  "training_start_acc": 0.9933554817275747,
  "training_end_acc": 0.9900332225913622,
  "training_span_acc": 0.9850498338870431,
  "training_em": 0.9485049833887044,
  "training_f1": 0.9759028372142559,
  "training_loss": 0.04572613091257058,
  "training_cpu_memory_MB": 3632.992,
  "training_gpu_0_memory_MB": 10,
  "training_gpu_1_memory_MB": 10,
  "training_gpu_2_memory_MB": 10,
  "training_gpu_3_memory_MB": 4785,
  "validation_start_acc": 0.0989010989010989,
  "validation_end_acc": 0.16483516483516483,
  "validation_span_acc": 0.04395604395604396,
  "validation_em": 0.054945054945054944,
  "validation_f1": 0.23625029344327414,
  "validation_loss": 14.829339504241943,
  "best_validation_start_acc": 0.0989010989010989,
  "best_validation_end_acc": 0.18681318681318682,
  "best_validation_span_acc": 0.04395604395604396,
  "best_validation_em": 0.054945054945054944,
  "best_validation_f1": 0.2640997559256851,
  "best_validation_loss": 13.756100177764893
}