{
  "best_epoch": 16,
  "peak_cpu_memory_MB": 3867.7,
  "peak_gpu_0_memory_MB": 10,
  "peak_gpu_1_memory_MB": 10,
  "peak_gpu_2_memory_MB": 10,
  "peak_gpu_3_memory_MB": 6395,
  "training_duration": "00:19:02",
  "training_start_epoch": 0,
  "training_epochs": 19,
  "epoch": 19,
  "training_start_acc": 0.6818181818181818,
  "training_end_acc": 0.7599431818181818,
  "training_span_acc": 0.5099431818181818,
  "training_em": 0.5149147727272727,
  "training_f1": 0.8206131689925781,
  "training_loss": 0.9855617156082933,
  "training_cpu_memory_MB": 3867.7,
  "training_gpu_0_memory_MB": 10,
  "training_gpu_1_memory_MB": 10,
  "training_gpu_2_memory_MB": 10,
  "training_gpu_3_memory_MB": 6395,
  "validation_start_acc": 0.2222222222222222,
  "validation_end_acc": 0.3,
  "validation_span_acc": 0.13333333333333333,
  "validation_em": 0.18888888888888888,
  "validation_f1": 0.4202313994556099,
  "validation_loss": 9.336009422938028,
  "best_validation_start_acc": 0.24444444444444444,
  "best_validation_end_acc": 0.28888888888888886,
  "best_validation_span_acc": 0.15555555555555556,
  "best_validation_em": 0.24444444444444444,
  "best_validation_f1": 0.3983121810939941,
  "best_validation_loss": 8.855399370193481
}