{
  "best_epoch": 6,
  "peak_cpu_memory_MB": 3856.236,
  "peak_gpu_0_memory_MB": 10,
  "peak_gpu_1_memory_MB": 10,
  "peak_gpu_2_memory_MB": 10,
  "peak_gpu_3_memory_MB": 4237,
  "training_duration": "00:03:35",
  "training_start_epoch": 0,
  "training_epochs": 15,
  "epoch": 15,
  "training_start_acc": 0.6560509554140127,
  "training_end_acc": 0.7770700636942676,
  "training_span_acc": 0.4968152866242038,
  "training_em": 0.4968152866242038,
  "training_f1": 0.8170659695774822,
  "training_loss": 1.1342120110988616,
  "training_cpu_memory_MB": 3856.236,
  "training_gpu_0_memory_MB": 10,
  "training_gpu_1_memory_MB": 10,
  "training_gpu_2_memory_MB": 10,
  "training_gpu_3_memory_MB": 4237,
  "validation_start_acc": 0.08791208791208792,
  "validation_end_acc": 0.13186813186813187,
  "validation_span_acc": 0.03296703296703297,
  "validation_em": 0.03296703296703297,
  "validation_f1": 0.21374858041339287,
  "validation_loss": 10.38491153717041,
  "best_validation_start_acc": 0.06593406593406594,
  "best_validation_end_acc": 0.06593406593406594,
  "best_validation_span_acc": 0.04395604395604396,
  "best_validation_em": 0.054945054945054944,
  "best_validation_f1": 0.20020519566878683,
  "best_validation_loss": 9.783472537994385
}