{
  "best_epoch": 9,
  "peak_cpu_memory_MB": 3853.092,
  "peak_gpu_0_memory_MB": 10787,
  "peak_gpu_1_memory_MB": 10,
  "peak_gpu_2_memory_MB": 7173,
  "peak_gpu_3_memory_MB": 10,
  "training_duration": "00:03:45",
  "training_start_epoch": 0,
  "training_epochs": 18,
  "epoch": 18,
  "training_start_acc": 0.6449704142011834,
  "training_end_acc": 0.8284023668639053,
  "training_span_acc": 0.5443786982248521,
  "training_em": 0.5502958579881657,
  "training_f1": 0.8415621783920391,
  "training_loss": 1.0045111016793684,
  "training_cpu_memory_MB": 3853.092,
  "training_gpu_0_memory_MB": 10787,
  "training_gpu_1_memory_MB": 10,
  "training_gpu_2_memory_MB": 7173,
  "training_gpu_3_memory_MB": 10,
  "validation_start_acc": 0.1,
  "validation_end_acc": 0.13333333333333333,
  "validation_span_acc": 0.011111111111111112,
  "validation_em": 0.011111111111111112,
  "validation_f1": 0.16675977448141224,
  "validation_loss": 10.844552199045816,
  "best_validation_start_acc": 0.08888888888888889,
  "best_validation_end_acc": 0.14444444444444443,
  "best_validation_span_acc": 0.022222222222222223,
  "best_validation_em": 0.03333333333333333,
  "best_validation_f1": 0.21561388326857306,
  "best_validation_loss": 10.556587219238281
}