{
  "best_epoch": 11,
  "peak_cpu_memory_MB": 3656.94,
  "peak_gpu_0_memory_MB": 8903,
  "peak_gpu_1_memory_MB": 10,
  "peak_gpu_2_memory_MB": 10,
  "peak_gpu_3_memory_MB": 5733,
  "training_duration": "00:02:50",
  "training_start_epoch": 0,
  "training_epochs": 19,
  "epoch": 19,
  "training_start_acc": 0.9529411764705882,
  "training_end_acc": 0.9176470588235294,
  "training_span_acc": 0.9176470588235294,
  "training_em": 0.8941176470588236,
  "training_f1": 0.9282669291492821,
  "training_loss": 0.7295031249523163,
  "training_cpu_memory_MB": 3656.94,
  "training_gpu_0_memory_MB": 8903,
  "training_gpu_1_memory_MB": 10,
  "training_gpu_2_memory_MB": 10,
  "training_gpu_3_memory_MB": 5733,
  "validation_start_acc": 0.06666666666666667,
  "validation_end_acc": 0.06666666666666667,
  "validation_span_acc": 0.03333333333333333,
  "validation_em": 0.044444444444444446,
  "validation_f1": 0.17431613245169164,
  "validation_loss": 10.96620225906372,
  "best_validation_start_acc": 0.05555555555555555,
  "best_validation_end_acc": 0.06666666666666667,
  "best_validation_span_acc": 0.03333333333333333,
  "best_validation_em": 0.044444444444444446,
  "best_validation_f1": 0.1697183686097159,
  "best_validation_loss": 11.477519035339355
}