{
  "best_epoch": 10,
  "peak_cpu_memory_MB": 3853.092,
  "peak_gpu_0_memory_MB": 10787,
  "peak_gpu_1_memory_MB": 10,
  "peak_gpu_2_memory_MB": 7173,
  "peak_gpu_3_memory_MB": 10,
  "training_duration": "00:06:16",
  "training_start_epoch": 0,
  "training_epochs": 19,
  "epoch": 19,
  "training_start_acc": 0.7044198895027625,
  "training_end_acc": 0.7955801104972375,
  "training_span_acc": 0.5386740331491713,
  "training_em": 0.5386740331491713,
  "training_f1": 0.8403199312474897,
  "training_loss": 0.9059320662332617,
  "training_cpu_memory_MB": 3853.092,
  "training_gpu_0_memory_MB": 10787,
  "training_gpu_1_memory_MB": 10,
  "training_gpu_2_memory_MB": 7173,
  "training_gpu_3_memory_MB": 10,
  "validation_start_acc": 0.05555555555555555,
  "validation_end_acc": 0.2111111111111111,
  "validation_span_acc": 0.011111111111111112,
  "validation_em": 0.011111111111111112,
  "validation_f1": 0.22427928888321316,
  "validation_loss": 10.177536487579346,
  "best_validation_start_acc": 0.08888888888888889,
  "best_validation_end_acc": 0.2222222222222222,
  "best_validation_span_acc": 0.06666666666666667,
  "best_validation_em": 0.06666666666666667,
  "best_validation_f1": 0.24833018830059528,
  "best_validation_loss": 9.26978349685669
}