{
  "best_epoch": 11,
  "peak_cpu_memory_MB": 3879.86,
  "peak_gpu_0_memory_MB": 10,
  "peak_gpu_1_memory_MB": 10,
  "peak_gpu_2_memory_MB": 10,
  "peak_gpu_3_memory_MB": 4237,
  "training_duration": "00:14:59",
  "training_start_epoch": 0,
  "training_epochs": 19,
  "epoch": 19,
  "training_start_acc": 0.6758034026465028,
  "training_end_acc": 0.7438563327032136,
  "training_span_acc": 0.4820415879017013,
  "training_em": 0.4829867674858223,
  "training_f1": 0.8129645086193039,
  "training_loss": 0.9678641993608048,
  "training_cpu_memory_MB": 3879.86,
  "training_gpu_0_memory_MB": 10,
  "training_gpu_1_memory_MB": 10,
  "training_gpu_2_memory_MB": 10,
  "training_gpu_3_memory_MB": 4237,
  "validation_start_acc": 0.15384615384615385,
  "validation_end_acc": 0.24175824175824176,
  "validation_span_acc": 0.12087912087912088,
  "validation_em": 0.14285714285714285,
  "validation_f1": 0.34095998500090446,
  "validation_loss": 10.412402947743734,
  "best_validation_start_acc": 0.17582417582417584,
  "best_validation_end_acc": 0.2857142857142857,
  "best_validation_span_acc": 0.14285714285714285,
  "best_validation_em": 0.18681318681318682,
  "best_validation_f1": 0.36976416420871977,
  "best_validation_loss": 8.083600362141928
}