{
  "best_epoch": 9,
  "peak_cpu_memory_MB": 3571.064,
  "peak_gpu_0_memory_MB": 8903,
  "peak_gpu_1_memory_MB": 10,
  "peak_gpu_2_memory_MB": 10,
  "peak_gpu_3_memory_MB": 4785,
  "training_duration": "00:17:12",
  "training_start_epoch": 0,
  "training_epochs": 18,
  "epoch": 18,
  "training_start_acc": 0.9864197530864197,
  "training_end_acc": 0.9876543209876543,
  "training_span_acc": 0.9839506172839506,
  "training_em": 0.9506172839506173,
  "training_f1": 0.978370627369237,
  "training_loss": 0.0780163263975113,
  "training_cpu_memory_MB": 3571.064,
  "training_gpu_0_memory_MB": 8903,
  "training_gpu_1_memory_MB": 10,
  "training_gpu_2_memory_MB": 10,
  "training_gpu_3_memory_MB": 4785,
  "validation_start_acc": 0.18888888888888888,
  "validation_end_acc": 0.2111111111111111,
  "validation_span_acc": 0.1,
  "validation_em": 0.12222222222222222,
  "validation_f1": 0.3345604198247237,
  "validation_loss": 11.842589378356934,
  "best_validation_start_acc": 0.18888888888888888,
  "best_validation_end_acc": 0.18888888888888888,
  "best_validation_span_acc": 0.1111111111111111,
  "best_validation_em": 0.14444444444444443,
  "best_validation_f1": 0.33366108478608336,
  "best_validation_loss": 9.080071926116943
}