{
  "best_epoch": 0,
  "peak_cpu_memory_MB": 3626.016,
  "peak_gpu_0_memory_MB": 10787,
  "peak_gpu_1_memory_MB": 6755,
  "peak_gpu_2_memory_MB": 7173,
  "peak_gpu_3_memory_MB": 6755,
  "training_duration": "00:01:27",
  "training_start_epoch": 0,
  "training_epochs": 9,
  "epoch": 9,
  "training_start_acc": 0.5,
  "training_end_acc": 0.4634146341463415,
  "training_span_acc": 0.36585365853658536,
  "training_em": 0.36585365853658536,
  "training_f1": 0.4779010762937675,
  "training_loss": 2.7734706004460654,
  "training_cpu_memory_MB": 3626.016,
  "training_gpu_0_memory_MB": 10787,
  "training_gpu_1_memory_MB": 6755,
  "training_gpu_2_memory_MB": 7173,
  "training_gpu_3_memory_MB": 6755,
  "validation_start_acc": 0.03333333333333333,
  "validation_end_acc": 0.03333333333333333,
  "validation_span_acc": 0.0,
  "validation_em": 0.011111111111111112,
  "validation_f1": 0.13661775053985722,
  "validation_loss": 9.844036102294922,
  "best_validation_start_acc": 0.022222222222222223,
  "best_validation_end_acc": 0.044444444444444446,
  "best_validation_span_acc": 0.0,
  "best_validation_em": 0.022222222222222223,
  "best_validation_f1": 0.18667169481071566,
  "best_validation_loss": 9.467392126719156
}