{
  "best_epoch": 18,
  "peak_cpu_memory_MB": 3853.092,
  "peak_gpu_0_memory_MB": 10787,
  "peak_gpu_1_memory_MB": 4159,
  "peak_gpu_2_memory_MB": 7173,
  "peak_gpu_3_memory_MB": 4159,
  "training_duration": "00:21:27",
  "training_start_epoch": 0,
  "training_epochs": 19,
  "epoch": 19,
  "training_start_acc": 0.6759457530335474,
  "training_end_acc": 0.7623126338329764,
  "training_span_acc": 0.5010706638115632,
  "training_em": 0.5074946466809421,
  "training_f1": 0.818885022609755,
  "training_loss": 0.9299050180072134,
  "training_cpu_memory_MB": 3853.092,
  "training_gpu_0_memory_MB": 10787,
  "training_gpu_1_memory_MB": 4159,
  "training_gpu_2_memory_MB": 7173,
  "training_gpu_3_memory_MB": 4159,
  "validation_start_acc": 0.25555555555555554,
  "validation_end_acc": 0.3,
  "validation_span_acc": 0.13333333333333333,
  "validation_em": 0.15555555555555556,
  "validation_f1": 0.3799571154219587,
  "validation_loss": 10.102689901987711,
  "best_validation_start_acc": 0.26666666666666666,
  "best_validation_end_acc": 0.3333333333333333,
  "best_validation_span_acc": 0.15555555555555556,
  "best_validation_em": 0.17777777777777778,
  "best_validation_f1": 0.3982715321667965,
  "best_validation_loss": 9.725094636281332
}