{
  "best_epoch": 13,
  "peak_cpu_memory_MB": 3853.092,
  "peak_gpu_0_memory_MB": 10787,
  "peak_gpu_1_memory_MB": 4979,
  "peak_gpu_2_memory_MB": 7173,
  "peak_gpu_3_memory_MB": 4979,
  "training_duration": "00:21:20",
  "training_start_epoch": 0,
  "training_epochs": 19,
  "epoch": 19,
  "training_start_acc": 0.6963388370423547,
  "training_end_acc": 0.7595118449389806,
  "training_span_acc": 0.5183058147882269,
  "training_em": 0.5218951902368988,
  "training_f1": 0.8204406943011955,
  "training_loss": 0.8947016664526679,
  "training_cpu_memory_MB": 3853.092,
  "training_gpu_0_memory_MB": 10787,
  "training_gpu_1_memory_MB": 4979,
  "training_gpu_2_memory_MB": 7173,
  "training_gpu_3_memory_MB": 4979,
  "validation_start_acc": 0.23333333333333334,
  "validation_end_acc": 0.25555555555555554,
  "validation_span_acc": 0.15555555555555556,
  "validation_em": 0.15555555555555556,
  "validation_f1": 0.33620429466680496,
  "validation_loss": 11.033005237579346,
  "best_validation_start_acc": 0.25555555555555554,
  "best_validation_end_acc": 0.32222222222222224,
  "best_validation_span_acc": 0.2,
  "best_validation_em": 0.2,
  "best_validation_f1": 0.381432503409166,
  "best_validation_loss": 8.528818209966024
}