{
  "best_epoch": 10,
  "peak_cpu_memory_MB": 4614.648,
  "peak_gpu_0_memory_MB": 10,
  "peak_gpu_1_memory_MB": 10,
  "peak_gpu_2_memory_MB": 3769,
  "peak_gpu_3_memory_MB": 1993,
  "training_duration": "00:05:19",
  "training_start_epoch": 0,
  "training_epochs": 19,
  "epoch": 19,
  "training_start_acc": 0.06965648854961833,
  "training_end_acc": 0.13549618320610687,
  "training_span_acc": 0.025763358778625955,
  "training_em": 0.02767175572519084,
  "training_f1": 0.19629015150237053,
  "training_loss": 7.624551426280629,
  "training_cpu_memory_MB": 4614.648,
  "training_gpu_0_memory_MB": 10,
  "training_gpu_1_memory_MB": 10,
  "training_gpu_2_memory_MB": 3769,
  "training_gpu_3_memory_MB": 1993,
  "validation_start_acc": 0.01098901098901099,
  "validation_end_acc": 0.10989010989010989,
  "validation_span_acc": 0.0,
  "validation_em": 0.01098901098901099,
  "validation_f1": 0.18754054450039512,
  "validation_loss": 8.196826855341593,
  "best_validation_start_acc": 0.03296703296703297,
  "best_validation_end_acc": 0.10989010989010989,
  "best_validation_span_acc": 0.01098901098901099,
  "best_validation_em": 0.02197802197802198,
  "best_validation_f1": 0.2004871603457553,
  "best_validation_loss": 8.162380456924438
}