{
  "best_epoch": 2,
  "peak_cpu_memory_MB": 3656.296,
  "peak_gpu_0_memory_MB": 10,
  "peak_gpu_1_memory_MB": 10,
  "peak_gpu_2_memory_MB": 10,
  "peak_gpu_3_memory_MB": 5713,
  "training_duration": "00:01:36",
  "training_start_epoch": 0,
  "training_epochs": 11,
  "epoch": 11,
  "training_start_acc": 0.4235294117647059,
  "training_end_acc": 0.27058823529411763,
  "training_span_acc": 0.25882352941176473,
  "training_em": 0.23529411764705882,
  "training_f1": 0.3537617486587598,
  "training_loss": 3.043664534886678,
  "training_cpu_memory_MB": 3656.296,
  "training_gpu_0_memory_MB": 10,
  "training_gpu_1_memory_MB": 10,
  "training_gpu_2_memory_MB": 10,
  "training_gpu_3_memory_MB": 5713,
  "validation_start_acc": 0.07777777777777778,
  "validation_end_acc": 0.07777777777777778,
  "validation_span_acc": 0.011111111111111112,
  "validation_em": 0.011111111111111112,
  "validation_f1": 0.1221962744003886,
  "validation_loss": 10.710992177327475,
  "best_validation_start_acc": 0.05555555555555555,
  "best_validation_end_acc": 0.07777777777777778,
  "best_validation_span_acc": 0.03333333333333333,
  "best_validation_em": 0.03333333333333333,
  "best_validation_f1": 0.13672294441236435,
  "best_validation_loss": 9.003067096074423
}