{
  "best_epoch": 8,
  "peak_cpu_memory_MB": 3656.296,
  "peak_gpu_0_memory_MB": 10787,
  "peak_gpu_1_memory_MB": 10,
  "peak_gpu_2_memory_MB": 10,
  "peak_gpu_3_memory_MB": 5705,
  "training_duration": "00:09:06",
  "training_start_epoch": 0,
  "training_epochs": 17,
  "epoch": 17,
  "training_start_acc": 0.9901234567901235,
  "training_end_acc": 0.9827160493827161,
  "training_span_acc": 0.980246913580247,
  "training_em": 0.9432098765432099,
  "training_f1": 0.9730170243585237,
  "training_loss": 0.06058211119558949,
  "training_cpu_memory_MB": 3656.296,
  "training_gpu_0_memory_MB": 10,
  "training_gpu_1_memory_MB": 10,
  "training_gpu_2_memory_MB": 10,
  "training_gpu_3_memory_MB": 5705,
  "validation_start_acc": 0.13333333333333333,
  "validation_end_acc": 0.2,
  "validation_span_acc": 0.06666666666666667,
  "validation_em": 0.06666666666666667,
  "validation_f1": 0.22249689603106018,
  "validation_loss": 13.50579023361206,
  "best_validation_start_acc": 0.1111111111111111,
  "best_validation_end_acc": 0.2222222222222222,
  "best_validation_span_acc": 0.1,
  "best_validation_em": 0.1,
  "best_validation_f1": 0.2529338296133088,
  "best_validation_loss": 9.430391311645508
}