{
  "best_epoch": 17,
  "peak_cpu_memory_MB": 3632.992,
  "peak_gpu_0_memory_MB": 10,
  "peak_gpu_1_memory_MB": 10,
  "peak_gpu_2_memory_MB": 10,
  "peak_gpu_3_memory_MB": 5739,
  "training_duration": "00:02:00",
  "training_start_epoch": 0,
  "training_epochs": 19,
  "epoch": 19,
  "training_start_acc": 0.6006655574043261,
  "training_end_acc": 0.697171381031614,
  "training_span_acc": 0.5424292845257903,
  "training_em": 0.5474209650582362,
  "training_f1": 0.7127832426583579,
  "training_loss": 2.2203662301364697,
  "training_cpu_memory_MB": 3632.992,
  "training_gpu_0_memory_MB": 10,
  "training_gpu_1_memory_MB": 10,
  "training_gpu_2_memory_MB": 10,
  "training_gpu_3_memory_MB": 5739,
  "validation_start_acc": 0.07692307692307693,
  "validation_end_acc": 0.12087912087912088,
  "validation_span_acc": 0.04395604395604396,
  "validation_em": 0.04395604395604396,
  "validation_f1": 0.19104988334706083,
  "validation_loss": 11.441409428914389,
  "best_validation_start_acc": 0.0989010989010989,
  "best_validation_end_acc": 0.0989010989010989,
  "best_validation_span_acc": 0.04395604395604396,
  "best_validation_em": 0.054945054945054944,
  "best_validation_f1": 0.2030549214871006,
  "best_validation_loss": 11.366768836975098
}