{
  "best_epoch": 13,
  "peak_cpu_memory_MB": 2721.744,
  "peak_gpu_0_memory_MB": 10,
  "peak_gpu_1_memory_MB": 10,
  "peak_gpu_2_memory_MB": 10,
  "peak_gpu_3_memory_MB": 4867,
  "training_duration": "00:04:13",
  "training_start_epoch": 0,
  "training_epochs": 19,
  "epoch": 19,
  "training_start_acc": 0.5860771401693321,
  "training_end_acc": 0.715898400752587,
  "training_span_acc": 0.4007525870178739,
  "training_em": 0.4336782690498589,
  "training_f1": 0.7896839563314746,
  "training_loss": 1.860164720620682,
  "training_cpu_memory_MB": 2721.744,
  "training_gpu_0_memory_MB": 10,
  "training_gpu_1_memory_MB": 10,
  "training_gpu_2_memory_MB": 10,
  "training_gpu_3_memory_MB": 4867,
  "validation_start_acc": 0.06666666666666667,
  "validation_end_acc": 0.2222222222222222,
  "validation_span_acc": 0.03333333333333333,
  "validation_em": 0.07777777777777778,
  "validation_f1": 0.3014745525714312,
  "validation_loss": 9.987694025039673,
  "best_validation_start_acc": 0.1111111111111111,
  "best_validation_end_acc": 0.2111111111111111,
  "best_validation_span_acc": 0.05555555555555555,
  "best_validation_em": 0.1111111111111111,
  "best_validation_f1": 0.30933299623235744,
  "best_validation_loss": 9.03840454419454
}