{
  "best_epoch": 6,
  "peak_cpu_memory_MB": 2739.988,
  "peak_gpu_0_memory_MB": 6121,
  "peak_gpu_1_memory_MB": 0,
  "peak_gpu_2_memory_MB": 0,
  "peak_gpu_3_memory_MB": 607,
  "training_duration": "00:01:23",
  "training_start_epoch": 0,
  "training_epochs": 15,
  "epoch": 15,
  "training_start_acc": 0.215311004784689,
  "training_end_acc": 0.23444976076555024,
  "training_span_acc": 0.11961722488038277,
  "training_em": 0.12440191387559808,
  "training_f1": 0.22450123794440668,
  "training_loss": 3.708439196859087,
  "training_cpu_memory_MB": 2739.988,
  "training_gpu_0_memory_MB": 6121,
  "training_gpu_1_memory_MB": 0,
  "training_gpu_2_memory_MB": 0,
  "training_gpu_3_memory_MB": 607,
  "validation_start_acc": 0.03333333333333333,
  "validation_end_acc": 0.1111111111111111,
  "validation_span_acc": 0.022222222222222223,
  "validation_em": 0.022222222222222223,
  "validation_f1": 0.1299265682698937,
  "validation_loss": 12.94799280166626,
  "best_validation_start_acc": 0.03333333333333333,
  "best_validation_end_acc": 0.08888888888888889,
  "best_validation_span_acc": 0.022222222222222223,
  "best_validation_em": 0.03333333333333333,
  "best_validation_f1": 0.14087539523298492,
  "best_validation_loss": 9.878291606903076
}