{
  "best_epoch": 0,
  "peak_cpu_memory_MB": 3632.992,
  "peak_gpu_0_memory_MB": 10,
  "peak_gpu_1_memory_MB": 10,
  "peak_gpu_2_memory_MB": 10,
  "peak_gpu_3_memory_MB": 5739,
  "training_duration": "00:00:13",
  "training_start_epoch": 0,
  "training_epochs": 9,
  "epoch": 9,
  "training_start_acc": 0.0989010989010989,
  "training_end_acc": 0.27472527472527475,
  "training_span_acc": 0.054945054945054944,
  "training_em": 0.054945054945054944,
  "training_f1": 0.2099803807258226,
  "training_loss": 5.922586679458618,
  "training_cpu_memory_MB": 3632.992,
  "training_gpu_0_memory_MB": 10,
  "training_gpu_1_memory_MB": 10,
  "training_gpu_2_memory_MB": 10,
  "training_gpu_3_memory_MB": 5739,
  "validation_start_acc": 0.034482758620689655,
  "validation_end_acc": 0.04597701149425287,
  "validation_span_acc": 0.0,
  "validation_em": 0.0,
  "validation_f1": 0.10934916456925735,
  "validation_loss": 9.778055508931478,
  "best_validation_start_acc": 0.011494252873563218,
  "best_validation_end_acc": 0.09195402298850575,
  "best_validation_span_acc": 0.011494252873563218,
  "best_validation_em": 0.011494252873563218,
  "best_validation_f1": 0.1535079674776264,
  "best_validation_loss": 9.848451773325602
}