{
  "best_epoch": 17,
  "peak_cpu_memory_MB": 3656.94,
  "peak_gpu_0_memory_MB": 8903,
  "peak_gpu_1_memory_MB": 10,
  "peak_gpu_2_memory_MB": 10,
  "peak_gpu_3_memory_MB": 5729,
  "training_duration": "00:14:14",
  "training_start_epoch": 0,
  "training_epochs": 19,
  "epoch": 19,
  "training_start_acc": 0.9767827529021559,
  "training_end_acc": 0.9701492537313433,
  "training_span_acc": 0.9651741293532339,
  "training_em": 0.9386401326699834,
  "training_f1": 0.9751915050456498,
  "training_loss": 0.1477043989947752,
  "training_cpu_memory_MB": 3656.94,
  "training_gpu_0_memory_MB": 8903,
  "training_gpu_1_memory_MB": 10,
  "training_gpu_2_memory_MB": 10,
  "training_gpu_3_memory_MB": 5729,
  "validation_start_acc": 0.12222222222222222,
  "validation_end_acc": 0.2222222222222222,
  "validation_span_acc": 0.06666666666666667,
  "validation_em": 0.07777777777777778,
  "validation_f1": 0.26951822641582546,
  "validation_loss": 14.6352489789327,
  "best_validation_start_acc": 0.1111111111111111,
  "best_validation_end_acc": 0.17777777777777778,
  "best_validation_span_acc": 0.08888888888888889,
  "best_validation_em": 0.12222222222222222,
  "best_validation_f1": 0.2759594521845466,
  "best_validation_loss": 13.435791969299316
}