{
  "best_epoch": 11,
  "peak_cpu_memory_MB": 3521.632,
  "peak_gpu_0_memory_MB": 10,
  "peak_gpu_1_memory_MB": 10,
  "peak_gpu_2_memory_MB": 10,
  "peak_gpu_3_memory_MB": 4785,
  "training_duration": "00:16:40",
  "training_start_epoch": 0,
  "training_epochs": 19,
  "epoch": 19,
  "training_start_acc": 0.9975278121137207,
  "training_end_acc": 0.9950556242274413,
  "training_span_acc": 0.9950556242274413,
  "training_em": 0.9530284301606922,
  "training_f1": 0.9792488291800848,
  "training_loss": 0.024341367952087346,
  "training_cpu_memory_MB": 3521.632,
  "training_gpu_0_memory_MB": 10,
  "training_gpu_1_memory_MB": 10,
  "training_gpu_2_memory_MB": 10,
  "training_gpu_3_memory_MB": 4785,
  "validation_start_acc": 0.16483516483516483,
  "validation_end_acc": 0.1978021978021978,
  "validation_span_acc": 0.08791208791208792,
  "validation_em": 0.08791208791208792,
  "validation_f1": 0.2800961731828198,
  "validation_loss": 13.28226089477539,
  "best_validation_start_acc": 0.16483516483516483,
  "best_validation_end_acc": 0.27472527472527475,
  "best_validation_span_acc": 0.12087912087912088,
  "best_validation_em": 0.12087912087912088,
  "best_validation_f1": 0.3207588528130002,
  "best_validation_loss": 10.927068869272867
}