{
  "best_epoch": 8,
  "peak_cpu_memory_MB": 3659.656,
  "peak_gpu_0_memory_MB": 10787,
  "peak_gpu_1_memory_MB": 10,
  "peak_gpu_2_memory_MB": 10,
  "peak_gpu_3_memory_MB": 5705,
  "training_duration": "00:07:18",
  "training_start_epoch": 0,
  "training_epochs": 17,
  "epoch": 17,
  "training_start_acc": 0.9851485148514851,
  "training_end_acc": 0.9925742574257426,
  "training_span_acc": 0.9826732673267327,
  "training_em": 0.9306930693069307,
  "training_f1": 0.9676631933378254,
  "training_loss": 0.07016614946321799,
  "training_cpu_memory_MB": 3659.656,
  "training_gpu_0_memory_MB": 10787,
  "training_gpu_1_memory_MB": 10,
  "training_gpu_2_memory_MB": 10,
  "training_gpu_3_memory_MB": 5705,
  "validation_start_acc": 0.14285714285714285,
  "validation_end_acc": 0.15384615384615385,
  "validation_span_acc": 0.06593406593406594,
  "validation_em": 0.0989010989010989,
  "validation_f1": 0.2874999079394825,
  "validation_loss": 13.230490843454996,
  "best_validation_start_acc": 0.17582417582417584,
  "best_validation_end_acc": 0.17582417582417584,
  "best_validation_span_acc": 0.07692307692307693,
  "best_validation_em": 0.10989010989010989,
  "best_validation_f1": 0.28121685068506874,
  "best_validation_loss": 9.159452199935913
}