{
  "best_epoch": 13,
  "peak_cpu_memory_MB": 3856.236,
  "peak_gpu_0_memory_MB": 10,
  "peak_gpu_1_memory_MB": 10,
  "peak_gpu_2_memory_MB": 10,
  "peak_gpu_3_memory_MB": 4237,
  "training_duration": "00:07:58",
  "training_start_epoch": 0,
  "training_epochs": 19,
  "epoch": 19,
  "training_start_acc": 0.6882716049382716,
  "training_end_acc": 0.808641975308642,
  "training_span_acc": 0.5648148148148148,
  "training_em": 0.5648148148148148,
  "training_f1": 0.842298448358458,
  "training_loss": 0.9771953991481236,
  "training_cpu_memory_MB": 3856.236,
  "training_gpu_0_memory_MB": 10,
  "training_gpu_1_memory_MB": 10,
  "training_gpu_2_memory_MB": 10,
  "training_gpu_3_memory_MB": 4237,
  "validation_start_acc": 0.16666666666666666,
  "validation_end_acc": 0.18888888888888888,
  "validation_span_acc": 0.1111111111111111,
  "validation_em": 0.13333333333333333,
  "validation_f1": 0.32317445046281484,
  "validation_loss": 10.703197638193766,
  "best_validation_start_acc": 0.2111111111111111,
  "best_validation_end_acc": 0.2222222222222222,
  "best_validation_span_acc": 0.1,
  "best_validation_em": 0.14444444444444443,
  "best_validation_f1": 0.33477433857251343,
  "best_validation_loss": 10.358596324920654
}