{
  "best_epoch": 12,
  "peak_cpu_memory_MB": 3659.656,
  "peak_gpu_0_memory_MB": 10787,
  "peak_gpu_1_memory_MB": 10,
  "peak_gpu_2_memory_MB": 10,
  "peak_gpu_3_memory_MB": 5707,
  "training_duration": "00:04:58",
  "training_start_epoch": 0,
  "training_epochs": 19,
  "epoch": 19,
  "training_start_acc": 0.98989898989899,
  "training_end_acc": 0.9797979797979798,
  "training_span_acc": 0.9848484848484849,
  "training_em": 0.9545454545454546,
  "training_f1": 0.9671781064383559,
  "training_loss": 0.16093443849912056,
  "training_cpu_memory_MB": 3659.656,
  "training_gpu_0_memory_MB": 10787,
  "training_gpu_1_memory_MB": 10,
  "training_gpu_2_memory_MB": 10,
  "training_gpu_3_memory_MB": 5707,
  "validation_start_acc": 0.16666666666666666,
  "validation_end_acc": 0.12222222222222222,
  "validation_span_acc": 0.07777777777777778,
  "validation_em": 0.08888888888888889,
  "validation_f1": 0.25931814602766196,
  "validation_loss": 10.87186574935913,
  "best_validation_start_acc": 0.17777777777777778,
  "best_validation_end_acc": 0.13333333333333333,
  "best_validation_span_acc": 0.06666666666666667,
  "best_validation_em": 0.1,
  "best_validation_f1": 0.2194204332920815,
  "best_validation_loss": 9.69908062616984
}