{
  "best_epoch": 10,
  "peak_cpu_memory_MB": 3621.028,
  "peak_gpu_0_memory_MB": 10787,
  "peak_gpu_1_memory_MB": 6759,
  "peak_gpu_2_memory_MB": 7173,
  "peak_gpu_3_memory_MB": 6757,
  "training_duration": "00:03:21",
  "training_start_epoch": 0,
  "training_epochs": 19,
  "epoch": 19,
  "training_start_acc": 0.9591836734693877,
  "training_end_acc": 0.9591836734693877,
  "training_span_acc": 0.9591836734693877,
  "training_em": 0.9591836734693877,
  "training_f1": 0.9606413994169096,
  "training_loss": 0.3374646944659097,
  "training_cpu_memory_MB": 3621.028,
  "training_gpu_0_memory_MB": 10787,
  "training_gpu_1_memory_MB": 6759,
  "training_gpu_2_memory_MB": 7173,
  "training_gpu_3_memory_MB": 6757,
  "validation_start_acc": 0.1,
  "validation_end_acc": 0.08888888888888889,
  "validation_span_acc": 0.011111111111111112,
  "validation_em": 0.011111111111111112,
  "validation_f1": 0.15440147078305624,
  "validation_loss": 10.310741106669107,
  "best_validation_start_acc": 0.08888888888888889,
  "best_validation_end_acc": 0.07777777777777778,
  "best_validation_span_acc": 0.03333333333333333,
  "best_validation_em": 0.03333333333333333,
  "best_validation_f1": 0.16665510887404006,
  "best_validation_loss": 9.77346404393514
}