{
  "best_epoch": 8,
  "peak_cpu_memory_MB": 2618.208,
  "peak_gpu_0_memory_MB": 10787,
  "peak_gpu_1_memory_MB": 10,
  "peak_gpu_2_memory_MB": 10,
  "peak_gpu_3_memory_MB": 5265,
  "training_duration": "00:03:39",
  "training_start_epoch": 0,
  "training_epochs": 17,
  "epoch": 17,
  "training_start_acc": 0.04691358024691358,
  "training_end_acc": 0.11851851851851852,
  "training_span_acc": 0.008641975308641974,
  "training_em": 0.008641975308641974,
  "training_f1": 0.14969097141925847,
  "training_loss": 8.016484410155053,
  "training_cpu_memory_MB": 2618.208,
  "training_gpu_0_memory_MB": 10787,
  "training_gpu_1_memory_MB": 10,
  "training_gpu_2_memory_MB": 10,
  "training_gpu_3_memory_MB": 5265,
  "validation_start_acc": 0.05555555555555555,
  "validation_end_acc": 0.08888888888888889,
  "validation_span_acc": 0.0,
  "validation_em": 0.0,
  "validation_f1": 0.19009803103578524,
  "validation_loss": 8.021967569986979,
  "best_validation_start_acc": 0.022222222222222223,
  "best_validation_end_acc": 0.1111111111111111,
  "best_validation_span_acc": 0.011111111111111112,
  "best_validation_em": 0.011111111111111112,
  "best_validation_f1": 0.17991406093033496,
  "best_validation_loss": 8.206363519032797
}