{
  "best_epoch": 7,
  "peak_cpu_memory_MB": 3632.992,
  "peak_gpu_0_memory_MB": 10,
  "peak_gpu_1_memory_MB": 10,
  "peak_gpu_2_memory_MB": 10,
  "peak_gpu_3_memory_MB": 5729,
  "training_duration": "00:09:37",
  "training_start_epoch": 0,
  "training_epochs": 16,
  "epoch": 16,
  "training_start_acc": 0.9949748743718593,
  "training_end_acc": 0.9849246231155779,
  "training_span_acc": 0.981574539363484,
  "training_em": 0.9396984924623115,
  "training_f1": 0.9727336134470076,
  "training_loss": 0.06479767898685838,
  "training_cpu_memory_MB": 3632.992,
  "training_gpu_0_memory_MB": 10,
  "training_gpu_1_memory_MB": 10,
  "training_gpu_2_memory_MB": 10,
  "training_gpu_3_memory_MB": 5729,
  "validation_start_acc": 0.13333333333333333,
  "validation_end_acc": 0.2,
  "validation_span_acc": 0.06666666666666667,
  "validation_em": 0.07777777777777778,
  "validation_f1": 0.26827018688086723,
  "validation_loss": 13.812664031982422,
  "best_validation_start_acc": 0.15555555555555556,
  "best_validation_end_acc": 0.17777777777777778,
  "best_validation_span_acc": 0.07777777777777778,
  "best_validation_em": 0.07777777777777778,
  "best_validation_f1": 0.22703853439344926,
  "best_validation_loss": 9.091725985209147
}