{
  "best_epoch": 7,
  "peak_cpu_memory_MB": 2666.48,
  "peak_gpu_0_memory_MB": 10787,
  "peak_gpu_1_memory_MB": 10,
  "peak_gpu_2_memory_MB": 10,
  "peak_gpu_3_memory_MB": 8858,
  "training_duration": "00:04:44",
  "training_start_epoch": 0,
  "training_epochs": 16,
  "epoch": 16,
  "training_start_acc": 0.8788627935723115,
  "training_end_acc": 0.9060568603213844,
  "training_span_acc": 0.8318912237330037,
  "training_em": 0.8182941903584673,
  "training_f1": 0.9082302052435383,
  "training_loss": 0.7257143834642336,
  "training_cpu_memory_MB": 2666.48,
  "training_gpu_0_memory_MB": 10787,
  "training_gpu_1_memory_MB": 10,
  "training_gpu_2_memory_MB": 10,
  "training_gpu_3_memory_MB": 8858,
  "validation_start_acc": 0.12087912087912088,
  "validation_end_acc": 0.18681318681318682,
  "validation_span_acc": 0.06593406593406594,
  "validation_em": 0.06593406593406594,
  "validation_f1": 0.23212389120507432,
  "validation_loss": 13.173075358072916,
  "best_validation_start_acc": 0.10989010989010989,
  "best_validation_end_acc": 0.15384615384615385,
  "best_validation_span_acc": 0.07692307692307693,
  "best_validation_em": 0.0989010989010989,
  "best_validation_f1": 0.26700634391215516,
  "best_validation_loss": 8.577905734380087
}