{
  "best_epoch": 7,
  "peak_cpu_memory_MB": 3866.676,
  "peak_gpu_0_memory_MB": 10,
  "peak_gpu_1_memory_MB": 10,
  "peak_gpu_2_memory_MB": 10,
  "peak_gpu_3_memory_MB": 4237,
  "training_duration": "00:12:06",
  "training_start_epoch": 0,
  "training_epochs": 16,
  "epoch": 16,
  "training_start_acc": 0.6823992133726647,
  "training_end_acc": 0.7649950835791544,
  "training_span_acc": 0.5191740412979351,
  "training_em": 0.5162241887905604,
  "training_f1": 0.8174059897261551,
  "training_loss": 0.9858270552940667,
  "training_cpu_memory_MB": 3866.676,
  "training_gpu_0_memory_MB": 10,
  "training_gpu_1_memory_MB": 10,
  "training_gpu_2_memory_MB": 10,
  "training_gpu_3_memory_MB": 4237,
  "validation_start_acc": 0.16091954022988506,
  "validation_end_acc": 0.28735632183908044,
  "validation_span_acc": 0.09195402298850575,
  "validation_em": 0.09195402298850575,
  "validation_f1": 0.33703462797749534,
  "validation_loss": 9.914937973022461,
  "best_validation_start_acc": 0.1839080459770115,
  "best_validation_end_acc": 0.26436781609195403,
  "best_validation_span_acc": 0.10344827586206896,
  "best_validation_em": 0.11494252873563218,
  "best_validation_f1": 0.36911327383239606,
  "best_validation_loss": 8.516068379084269
}