{
  "best_epoch": 5,
  "peak_cpu_memory_MB": 2652.268,
  "peak_gpu_0_memory_MB": 10787,
  "peak_gpu_1_memory_MB": 10,
  "peak_gpu_2_memory_MB": 10,
  "peak_gpu_3_memory_MB": 5917,
  "training_duration": "00:02:20",
  "training_start_epoch": 0,
  "training_epochs": 14,
  "epoch": 14,
  "training_start_acc": 0.03104575163398693,
  "training_end_acc": 0.09477124183006536,
  "training_span_acc": 0.011437908496732025,
  "training_em": 0.011437908496732025,
  "training_f1": 0.14752542719045686,
  "training_loss": 8.119166630965013,
  "training_cpu_memory_MB": 2652.268,
  "training_gpu_0_memory_MB": 10787,
  "training_gpu_1_memory_MB": 10,
  "training_gpu_2_memory_MB": 10,
  "training_gpu_3_memory_MB": 5917,
  "validation_start_acc": 0.022222222222222223,
  "validation_end_acc": 0.05555555555555555,
  "validation_span_acc": 0.0,
  "validation_em": 0.011111111111111112,
  "validation_f1": 0.13998739373085226,
  "validation_loss": 8.743393580118815,
  "best_validation_start_acc": 0.044444444444444446,
  "best_validation_end_acc": 0.06666666666666667,
  "best_validation_span_acc": 0.022222222222222223,
  "best_validation_em": 0.03333333333333333,
  "best_validation_f1": 0.14849549947748958,
  "best_validation_loss": 8.934789657592773
}