{
  "best_epoch": 11,
  "peak_cpu_memory_MB": 3626.016,
  "peak_gpu_0_memory_MB": 10787,
  "peak_gpu_1_memory_MB": 6755,
  "peak_gpu_2_memory_MB": 7173,
  "peak_gpu_3_memory_MB": 6755,
  "training_duration": "00:04:54",
  "training_start_epoch": 0,
  "training_epochs": 19,
  "epoch": 19,
  "training_start_acc": 0.9953703703703703,
  "training_end_acc": 0.9907407407407407,
  "training_span_acc": 0.9907407407407407,
  "training_em": 0.9768518518518519,
  "training_f1": 0.9913606587416111,
  "training_loss": 0.03325004915573767,
  "training_cpu_memory_MB": 3626.016,
  "training_gpu_0_memory_MB": 10787,
  "training_gpu_1_memory_MB": 6755,
  "training_gpu_2_memory_MB": 7173,
  "training_gpu_3_memory_MB": 6755,
  "validation_start_acc": 0.06666666666666667,
  "validation_end_acc": 0.15555555555555556,
  "validation_span_acc": 0.044444444444444446,
  "validation_em": 0.06666666666666667,
  "validation_f1": 0.25348195509798493,
  "validation_loss": 13.677648862202963,
  "best_validation_start_acc": 0.07777777777777778,
  "best_validation_end_acc": 0.18888888888888888,
  "best_validation_span_acc": 0.06666666666666667,
  "best_validation_em": 0.08888888888888889,
  "best_validation_f1": 0.2843576069133554,
  "best_validation_loss": 11.62713654836019
}