{
  "best_epoch": 8,
  "peak_cpu_memory_MB": 3632.992,
  "peak_gpu_0_memory_MB": 10,
  "peak_gpu_1_memory_MB": 10,
  "peak_gpu_2_memory_MB": 10,
  "peak_gpu_3_memory_MB": 5739,
  "training_duration": "00:02:21",
  "training_start_epoch": 0,
  "training_epochs": 17,
  "epoch": 17,
  "training_start_acc": 0.965389369592089,
  "training_end_acc": 0.9678615574783683,
  "training_span_acc": 0.9493201483312732,
  "training_em": 0.92336217552534,
  "training_f1": 0.961578016541921,
  "training_loss": 0.22733527962483613,
  "training_cpu_memory_MB": 3632.992,
  "training_gpu_0_memory_MB": 10,
  "training_gpu_1_memory_MB": 10,
  "training_gpu_2_memory_MB": 10,
  "training_gpu_3_memory_MB": 5739,
  "validation_start_acc": 0.13186813186813187,
  "validation_end_acc": 0.23076923076923078,
  "validation_span_acc": 0.07692307692307693,
  "validation_em": 0.07692307692307693,
  "validation_f1": 0.2860794631477915,
  "validation_loss": 14.156240304311117,
  "best_validation_start_acc": 0.13186813186813187,
  "best_validation_end_acc": 0.23076923076923078,
  "best_validation_span_acc": 0.07692307692307693,
  "best_validation_em": 0.07692307692307693,
  "best_validation_f1": 0.3047471472843216,
  "best_validation_loss": 8.537216981252035
}