{
  "best_epoch": 8,
  "peak_cpu_memory_MB": 3621.028,
  "peak_gpu_0_memory_MB": 10787,
  "peak_gpu_1_memory_MB": 6755,
  "peak_gpu_2_memory_MB": 7173,
  "peak_gpu_3_memory_MB": 6755,
  "training_duration": "00:02:34",
  "training_start_epoch": 0,
  "training_epochs": 17,
  "epoch": 17,
  "training_start_acc": 0.9764705882352941,
  "training_end_acc": 0.9294117647058824,
  "training_span_acc": 0.9647058823529412,
  "training_em": 0.9294117647058824,
  "training_f1": 0.9668321770181633,
  "training_loss": 0.5393344064553579,
  "training_cpu_memory_MB": 3621.028,
  "training_gpu_0_memory_MB": 10787,
  "training_gpu_1_memory_MB": 6755,
  "training_gpu_2_memory_MB": 7173,
  "training_gpu_3_memory_MB": 6755,
  "validation_start_acc": 0.05555555555555555,
  "validation_end_acc": 0.044444444444444446,
  "validation_span_acc": 0.044444444444444446,
  "validation_em": 0.044444444444444446,
  "validation_f1": 0.1637769408128455,
  "validation_loss": 12.369425137837728,
  "best_validation_start_acc": 0.05555555555555555,
  "best_validation_end_acc": 0.06666666666666667,
  "best_validation_span_acc": 0.044444444444444446,
  "best_validation_em": 0.044444444444444446,
  "best_validation_f1": 0.15157660983469812,
  "best_validation_loss": 10.5780561765035
}