{
  "best_epoch": 14,
  "peak_cpu_memory_MB": 2666.48,
  "peak_gpu_0_memory_MB": 10787,
  "peak_gpu_1_memory_MB": 10,
  "peak_gpu_2_memory_MB": 10,
  "peak_gpu_3_memory_MB": 8858,
  "training_duration": "00:05:12",
  "training_start_epoch": 0,
  "training_epochs": 19,
  "epoch": 19,
  "training_start_acc": 0.8105781057810578,
  "training_end_acc": 0.8610086100861009,
  "training_span_acc": 0.7453874538745388,
  "training_em": 0.7429274292742928,
  "training_f1": 0.8735034462263764,
  "training_loss": 1.1766376927787183,
  "training_cpu_memory_MB": 2666.48,
  "training_gpu_0_memory_MB": 10787,
  "training_gpu_1_memory_MB": 10,
  "training_gpu_2_memory_MB": 10,
  "training_gpu_3_memory_MB": 8858,
  "validation_start_acc": 0.14942528735632185,
  "validation_end_acc": 0.21839080459770116,
  "validation_span_acc": 0.06896551724137931,
  "validation_em": 0.11494252873563218,
  "validation_f1": 0.3598087147543918,
  "validation_loss": 10.851666609446207,
  "best_validation_start_acc": 0.16091954022988506,
  "best_validation_end_acc": 0.1839080459770115,
  "best_validation_span_acc": 0.08045977011494253,
  "best_validation_em": 0.11494252873563218,
  "best_validation_f1": 0.30028982241475655,
  "best_validation_loss": 9.03432854016622
}