{
  "best_epoch": 3,
  "peak_cpu_memory_MB": 3866.676,
  "peak_gpu_0_memory_MB": 10,
  "peak_gpu_1_memory_MB": 10,
  "peak_gpu_2_memory_MB": 10,
  "peak_gpu_3_memory_MB": 4237,
  "training_duration": "00:12:22",
  "training_start_epoch": 0,
  "training_epochs": 12,
  "epoch": 12,
  "training_start_acc": 0.6709677419354839,
  "training_end_acc": 0.7476702508960573,
  "training_span_acc": 0.48960573476702507,
  "training_em": 0.4967741935483871,
  "training_f1": 0.8103130904270576,
  "training_loss": 1.0781384923241355,
  "training_cpu_memory_MB": 3866.676,
  "training_gpu_0_memory_MB": 10,
  "training_gpu_1_memory_MB": 10,
  "training_gpu_2_memory_MB": 10,
  "training_gpu_3_memory_MB": 4237,
  "validation_start_acc": 0.2222222222222222,
  "validation_end_acc": 0.2,
  "validation_span_acc": 0.07777777777777778,
  "validation_em": 0.07777777777777778,
  "validation_f1": 0.31557460911073043,
  "validation_loss": 9.46131960550944,
  "best_validation_start_acc": 0.2222222222222222,
  "best_validation_end_acc": 0.2,
  "best_validation_span_acc": 0.08888888888888889,
  "best_validation_em": 0.08888888888888889,
  "best_validation_f1": 0.3091544910600396,
  "best_validation_loss": 6.709013779958089
}