{
  "best_epoch": 10,
  "peak_cpu_memory_MB": 3626.016,
  "peak_gpu_0_memory_MB": 10787,
  "peak_gpu_1_memory_MB": 6755,
  "peak_gpu_2_memory_MB": 7173,
  "peak_gpu_3_memory_MB": 6755,
  "training_duration": "00:04:16",
  "training_start_epoch": 0,
  "training_epochs": 19,
  "epoch": 19,
  "training_start_acc": 1.0,
  "training_end_acc": 1.0,
  "training_span_acc": 1.0,
  "training_em": 0.9635416666666666,
  "training_f1": 0.9823750942684765,
  "training_loss": 0.04477603454142809,
  "training_cpu_memory_MB": 3626.016,
  "training_gpu_0_memory_MB": 10787,
  "training_gpu_1_memory_MB": 6755,
  "training_gpu_2_memory_MB": 7173,
  "training_gpu_3_memory_MB": 6755,
  "validation_start_acc": 0.1111111111111111,
  "validation_end_acc": 0.17777777777777778,
  "validation_span_acc": 0.044444444444444446,
  "validation_em": 0.05555555555555555,
  "validation_f1": 0.23334339113890756,
  "validation_loss": 11.802738825480143,
  "best_validation_start_acc": 0.13333333333333333,
  "best_validation_end_acc": 0.23333333333333334,
  "best_validation_span_acc": 0.07777777777777778,
  "best_validation_em": 0.1,
  "best_validation_f1": 0.32732597768770144,
  "best_validation_loss": 9.557292461395264
}