{
  "best_epoch": 1,
  "peak_cpu_memory_MB": 2618.208,
  "peak_gpu_0_memory_MB": 10787,
  "peak_gpu_1_memory_MB": 10,
  "peak_gpu_2_memory_MB": 10,
  "peak_gpu_3_memory_MB": 5265,
  "training_duration": "00:02:15",
  "training_start_epoch": 0,
  "training_epochs": 10,
  "epoch": 10,
  "training_start_acc": 0.043209876543209874,
  "training_end_acc": 0.09382716049382717,
  "training_span_acc": 0.0049382716049382715,
  "training_em": 0.006172839506172839,
  "training_f1": 0.13608335316867734,
  "training_loss": 8.057064795026593,
  "training_cpu_memory_MB": 2618.208,
  "training_gpu_0_memory_MB": 10787,
  "training_gpu_1_memory_MB": 10,
  "training_gpu_2_memory_MB": 10,
  "training_gpu_3_memory_MB": 5265,
  "validation_start_acc": 0.03333333333333333,
  "validation_end_acc": 0.12222222222222222,
  "validation_span_acc": 0.0,
  "validation_em": 0.0,
  "validation_f1": 0.17881609895961562,
  "validation_loss": 8.17565123240153,
  "best_validation_start_acc": 0.011111111111111112,
  "best_validation_end_acc": 0.1,
  "best_validation_span_acc": 0.0,
  "best_validation_em": 0.011111111111111112,
  "best_validation_f1": 0.18512006155828567,
  "best_validation_loss": 8.792404174804688
}