{
  "best_epoch": 3,
  "peak_cpu_memory_MB": 2708.152,
  "peak_gpu_0_memory_MB": 8903,
  "peak_gpu_1_memory_MB": 10,
  "peak_gpu_2_memory_MB": 10,
  "peak_gpu_3_memory_MB": 6195,
  "training_duration": "00:00:19",
  "training_start_epoch": 0,
  "training_epochs": 12,
  "epoch": 12,
  "training_start_acc": 0.21951219512195122,
  "training_end_acc": 0.2926829268292683,
  "training_span_acc": 0.18292682926829268,
  "training_em": 0.18292682926829268,
  "training_f1": 0.2913758991125605,
  "training_loss": 4.487951040267944,
  "training_cpu_memory_MB": 2708.152,
  "training_gpu_0_memory_MB": 8903,
  "training_gpu_1_memory_MB": 10,
  "training_gpu_2_memory_MB": 10,
  "training_gpu_3_memory_MB": 6195,
  "validation_start_acc": 0.01098901098901099,
  "validation_end_acc": 0.054945054945054944,
  "validation_span_acc": 0.0,
  "validation_em": 0.01098901098901099,
  "validation_f1": 0.13437254413030456,
  "validation_loss": 11.138081709543863,
  "best_validation_start_acc": 0.0,
  "best_validation_end_acc": 0.04395604395604396,
  "best_validation_span_acc": 0.0,
  "best_validation_em": 0.03296703296703297,
  "best_validation_f1": 0.16672975440707707,
  "best_validation_loss": 8.994146347045898
}