{
  "best_epoch": 12,
  "peak_cpu_memory_MB": 3853.092,
  "peak_gpu_0_memory_MB": 10787,
  "peak_gpu_1_memory_MB": 6755,
  "peak_gpu_2_memory_MB": 7173,
  "peak_gpu_3_memory_MB": 6755,
  "training_duration": "00:15:53",
  "training_start_epoch": 0,
  "training_epochs": 19,
  "epoch": 19,
  "training_start_acc": 0.6974206349206349,
  "training_end_acc": 0.7817460317460317,
  "training_span_acc": 0.5277777777777778,
  "training_em": 0.5406746031746031,
  "training_f1": 0.8410291483148159,
  "training_loss": 0.8809200525283813,
  "training_cpu_memory_MB": 3853.092,
  "training_gpu_0_memory_MB": 10787,
  "training_gpu_1_memory_MB": 6755,
  "training_gpu_2_memory_MB": 7173,
  "training_gpu_3_memory_MB": 6755,
  "validation_start_acc": 0.2,
  "validation_end_acc": 0.3111111111111111,
  "validation_span_acc": 0.1,
  "validation_em": 0.12222222222222222,
  "validation_f1": 0.3407437050940521,
  "validation_loss": 10.013766129811605,
  "best_validation_start_acc": 0.2222222222222222,
  "best_validation_end_acc": 0.35555555555555557,
  "best_validation_span_acc": 0.15555555555555556,
  "best_validation_em": 0.17777777777777778,
  "best_validation_f1": 0.387068914337233,
  "best_validation_loss": 8.771712144215902
}