{
  "best_epoch": 16,
  "peak_cpu_memory_MB": 3879.86,
  "peak_gpu_0_memory_MB": 10,
  "peak_gpu_1_memory_MB": 10,
  "peak_gpu_2_memory_MB": 10,
  "peak_gpu_3_memory_MB": 4237,
  "training_duration": "00:09:44",
  "training_start_epoch": 0,
  "training_epochs": 19,
  "epoch": 19,
  "training_start_acc": 0.7121212121212122,
  "training_end_acc": 0.7818181818181819,
  "training_span_acc": 0.5484848484848485,
  "training_em": 0.5484848484848485,
  "training_f1": 0.8305151406793149,
  "training_loss": 0.9307479510704676,
  "training_cpu_memory_MB": 3879.86,
  "training_gpu_0_memory_MB": 10,
  "training_gpu_1_memory_MB": 10,
  "training_gpu_2_memory_MB": 10,
  "training_gpu_3_memory_MB": 4237,
  "validation_start_acc": 0.2111111111111111,
  "validation_end_acc": 0.16666666666666666,
  "validation_span_acc": 0.08888888888888889,
  "validation_em": 0.12222222222222222,
  "validation_f1": 0.29478632884024886,
  "validation_loss": 10.461419343948364,
  "best_validation_start_acc": 0.23333333333333334,
  "best_validation_end_acc": 0.18888888888888888,
  "best_validation_span_acc": 0.1111111111111111,
  "best_validation_em": 0.17777777777777778,
  "best_validation_f1": 0.33778241517478264,
  "best_validation_loss": 9.63716173171997
}