{
  "best_epoch": 10,
  "peak_cpu_memory_MB": 4614.648,
  "peak_gpu_0_memory_MB": 10,
  "peak_gpu_1_memory_MB": 10,
  "peak_gpu_2_memory_MB": 4415,
  "peak_gpu_3_memory_MB": 1993,
  "training_duration": "00:01:13",
  "training_start_epoch": 0,
  "training_epochs": 19,
  "epoch": 19,
  "training_start_acc": 0.0056179775280898875,
  "training_end_acc": 0.09550561797752809,
  "training_span_acc": 0.0056179775280898875,
  "training_em": 0.011235955056179775,
  "training_f1": 0.15021357252225653,
  "training_loss": 9.308815320332846,
  "training_cpu_memory_MB": 4614.648,
  "training_gpu_0_memory_MB": 10,
  "training_gpu_1_memory_MB": 10,
  "training_gpu_2_memory_MB": 4415,
  "training_gpu_3_memory_MB": 1993,
  "validation_start_acc": 0.022222222222222223,
  "validation_end_acc": 0.08888888888888889,
  "validation_span_acc": 0.011111111111111112,
  "validation_em": 0.011111111111111112,
  "validation_f1": 0.19144633093972843,
  "validation_loss": 9.079583326975504,
  "best_validation_start_acc": 0.011111111111111112,
  "best_validation_end_acc": 0.07777777777777778,
  "best_validation_span_acc": 0.011111111111111112,
  "best_validation_em": 0.011111111111111112,
  "best_validation_f1": 0.17255283542226535,
  "best_validation_loss": 9.19679625829061
}