{
  "best_epoch": 18,
  "peak_cpu_memory_MB": 3656.296,
  "peak_gpu_0_memory_MB": 10,
  "peak_gpu_1_memory_MB": 10,
  "peak_gpu_2_memory_MB": 10,
  "peak_gpu_3_memory_MB": 5705,
  "training_duration": "00:09:29",
  "training_start_epoch": 0,
  "training_epochs": 19,
  "epoch": 19,
  "training_start_acc": 0.9950083194675541,
  "training_end_acc": 0.9950083194675541,
  "training_span_acc": 0.9916805324459235,
  "training_em": 0.9500831946755408,
  "training_f1": 0.977549193367911,
  "training_loss": 0.03521622695322884,
  "training_cpu_memory_MB": 3656.296,
  "training_gpu_0_memory_MB": 10,
  "training_gpu_1_memory_MB": 10,
  "training_gpu_2_memory_MB": 10,
  "training_gpu_3_memory_MB": 5705,
  "validation_start_acc": 0.18681318681318682,
  "validation_end_acc": 0.21978021978021978,
  "validation_span_acc": 0.13186813186813187,
  "validation_em": 0.14285714285714285,
  "validation_f1": 0.27477406172274754,
  "validation_loss": 13.380568186442057,
  "best_validation_start_acc": 0.18681318681318682,
  "best_validation_end_acc": 0.2087912087912088,
  "best_validation_span_acc": 0.15384615384615385,
  "best_validation_em": 0.16483516483516483,
  "best_validation_f1": 0.2882900615961865,
  "best_validation_loss": 13.725076039632162
}