{
  "best_epoch": 8,
  "peak_cpu_memory_MB": 2739.988,
  "peak_gpu_0_memory_MB": 6121,
  "peak_gpu_1_memory_MB": 0,
  "peak_gpu_2_memory_MB": 0,
  "peak_gpu_3_memory_MB": 607,
  "training_duration": "00:01:04",
  "training_start_epoch": 0,
  "training_epochs": 17,
  "epoch": 17,
  "training_start_acc": 0.24175824175824176,
  "training_end_acc": 0.25274725274725274,
  "training_span_acc": 0.13186813186813187,
  "training_em": 0.13186813186813187,
  "training_f1": 0.2591107824420198,
  "training_loss": 3.5194225708643594,
  "training_cpu_memory_MB": 2739.988,
  "training_gpu_0_memory_MB": 6121,
  "training_gpu_1_memory_MB": 0,
  "training_gpu_2_memory_MB": 0,
  "training_gpu_3_memory_MB": 607,
  "validation_start_acc": 0.03333333333333333,
  "validation_end_acc": 0.1,
  "validation_span_acc": 0.022222222222222223,
  "validation_em": 0.03333333333333333,
  "validation_f1": 0.11594031031282774,
  "validation_loss": 13.618227481842041,
  "best_validation_start_acc": 0.03333333333333333,
  "best_validation_end_acc": 0.07777777777777778,
  "best_validation_span_acc": 0.03333333333333333,
  "best_validation_em": 0.044444444444444446,
  "best_validation_f1": 0.12120818807015671,
  "best_validation_loss": 9.941816806793213
}