{
  "best_epoch": 19,
  "peak_cpu_memory_MB": 2630.652,
  "peak_gpu_0_memory_MB": 10787,
  "peak_gpu_1_memory_MB": 10,
  "peak_gpu_2_memory_MB": 10,
  "peak_gpu_3_memory_MB": 8858,
  "training_duration": "00:05:12",
  "training_start_epoch": 0,
  "training_epochs": 19,
  "epoch": 19,
  "training_start_acc": 0.5888888888888889,
  "training_end_acc": 0.7506172839506173,
  "training_span_acc": 0.5123456790123457,
  "training_em": 0.5209876543209877,
  "training_f1": 0.7630541135899443,
  "training_loss": 2.0847470970714794,
  "training_cpu_memory_MB": 2630.652,
  "training_gpu_0_memory_MB": 10787,
  "training_gpu_1_memory_MB": 10,
  "training_gpu_2_memory_MB": 10,
  "training_gpu_3_memory_MB": 8858,
  "validation_start_acc": 0.14444444444444443,
  "validation_end_acc": 0.32222222222222224,
  "validation_span_acc": 0.16666666666666666,
  "validation_em": 0.17777777777777778,
  "validation_f1": 0.3564878709009319,
  "validation_loss": 9.236629009246826,
  "best_validation_start_acc": 0.14444444444444443,
  "best_validation_end_acc": 0.32222222222222224,
  "best_validation_span_acc": 0.16666666666666666,
  "best_validation_em": 0.17777777777777778,
  "best_validation_f1": 0.3564878709009319,
  "best_validation_loss": 9.236629009246826
}