{
  "best_epoch": 5,
  "peak_cpu_memory_MB": 2708.152,
  "peak_gpu_0_memory_MB": 8903,
  "peak_gpu_1_memory_MB": 10,
  "peak_gpu_2_memory_MB": 10,
  "peak_gpu_3_memory_MB": 5519,
  "training_duration": "00:01:05",
  "training_start_epoch": 0,
  "training_epochs": 14,
  "epoch": 14,
  "training_start_acc": 0.38734177215189874,
  "training_end_acc": 0.4050632911392405,
  "training_span_acc": 0.28860759493670884,
  "training_em": 0.29620253164556964,
  "training_f1": 0.444947735830762,
  "training_loss": 3.595333299636841,
  "training_cpu_memory_MB": 2708.152,
  "training_gpu_0_memory_MB": 8903,
  "training_gpu_1_memory_MB": 10,
  "training_gpu_2_memory_MB": 10,
  "training_gpu_3_memory_MB": 5519,
  "validation_start_acc": 0.1,
  "validation_end_acc": 0.1111111111111111,
  "validation_span_acc": 0.044444444444444446,
  "validation_em": 0.044444444444444446,
  "validation_f1": 0.22185652530850214,
  "validation_loss": 10.17527993520101,
  "best_validation_start_acc": 0.06666666666666667,
  "best_validation_end_acc": 0.08888888888888889,
  "best_validation_span_acc": 0.03333333333333333,
  "best_validation_em": 0.044444444444444446,
  "best_validation_f1": 0.1934588181943653,
  "best_validation_loss": 8.34982736905416
}