{
  "best_epoch": 6,
  "peak_cpu_memory_MB": 3866.676,
  "peak_gpu_0_memory_MB": 10,
  "peak_gpu_1_memory_MB": 10,
  "peak_gpu_2_memory_MB": 10,
  "peak_gpu_3_memory_MB": 4237,
  "training_duration": "00:04:20",
  "training_start_epoch": 0,
  "training_epochs": 15,
  "epoch": 15,
  "training_start_acc": 0.7021943573667712,
  "training_end_acc": 0.7836990595611285,
  "training_span_acc": 0.5360501567398119,
  "training_em": 0.5517241379310345,
  "training_f1": 0.8253715743554763,
  "training_loss": 1.0273791611194611,
  "training_cpu_memory_MB": 3866.676,
  "training_gpu_0_memory_MB": 10,
  "training_gpu_1_memory_MB": 10,
  "training_gpu_2_memory_MB": 10,
  "training_gpu_3_memory_MB": 4237,
  "validation_start_acc": 0.07777777777777778,
  "validation_end_acc": 0.1,
  "validation_span_acc": 0.011111111111111112,
  "validation_em": 0.011111111111111112,
  "validation_f1": 0.1804002812806035,
  "validation_loss": 10.890726407368978,
  "best_validation_start_acc": 0.1,
  "best_validation_end_acc": 0.12222222222222222,
  "best_validation_span_acc": 0.05555555555555555,
  "best_validation_em": 0.05555555555555555,
  "best_validation_f1": 0.20511092322972327,
  "best_validation_loss": 8.724764982859293
}