{
  "best_epoch": 1,
  "peak_cpu_memory_MB": 3632.992,
  "peak_gpu_0_memory_MB": 10,
  "peak_gpu_1_memory_MB": 10,
  "peak_gpu_2_memory_MB": 10,
  "peak_gpu_3_memory_MB": 5731,
  "training_duration": "00:03:48",
  "training_start_epoch": 0,
  "training_epochs": 10,
  "epoch": 10,
  "training_start_acc": 0.75,
  "training_end_acc": 0.6911764705882353,
  "training_span_acc": 0.678921568627451,
  "training_em": 0.6617647058823529,
  "training_f1": 0.7505592597391014,
  "training_loss": 1.5680568424554973,
  "training_cpu_memory_MB": 3632.992,
  "training_gpu_0_memory_MB": 10,
  "training_gpu_1_memory_MB": 10,
  "training_gpu_2_memory_MB": 10,
  "training_gpu_3_memory_MB": 5731,
  "validation_start_acc": 0.07692307692307693,
  "validation_end_acc": 0.14285714285714285,
  "validation_span_acc": 0.04395604395604396,
  "validation_em": 0.04395604395604396,
  "validation_f1": 0.2028472691279335,
  "validation_loss": 10.686782995859781,
  "best_validation_start_acc": 0.12087912087912088,
  "best_validation_end_acc": 0.10989010989010989,
  "best_validation_span_acc": 0.04395604395604396,
  "best_validation_em": 0.04395604395604396,
  "best_validation_f1": 0.15662437385550798,
  "best_validation_loss": 7.465257565180461
}