{
  "best_epoch": 9,
  "peak_cpu_memory_MB": 3024.084,
  "peak_gpu_0_memory_MB": 8903,
  "peak_gpu_1_memory_MB": 10,
  "peak_gpu_2_memory_MB": 10,
  "peak_gpu_3_memory_MB": 3995,
  "training_duration": "00:12:02",
  "training_start_epoch": 0,
  "training_epochs": 18,
  "epoch": 18,
  "training_start_acc": 0.996415770609319,
  "training_end_acc": 0.9904420549581839,
  "training_span_acc": 0.9904420549581839,
  "training_em": 0.9522102747909199,
  "training_f1": 0.9782481182935795,
  "training_loss": 0.05150521530787337,
  "training_cpu_memory_MB": 3024.084,
  "training_gpu_0_memory_MB": 8903,
  "training_gpu_1_memory_MB": 10,
  "training_gpu_2_memory_MB": 10,
  "training_gpu_3_memory_MB": 3995,
  "validation_start_acc": 0.14285714285714285,
  "validation_end_acc": 0.2222222222222222,
  "validation_span_acc": 0.07936507936507936,
  "validation_em": 0.1746031746031746,
  "validation_f1": 0.43996611601389446,
  "validation_loss": 15.29361629486084,
  "best_validation_start_acc": 0.15873015873015872,
  "best_validation_end_acc": 0.25396825396825395,
  "best_validation_span_acc": 0.07936507936507936,
  "best_validation_em": 0.2222222222222222,
  "best_validation_f1": 0.4673085448741661,
  "best_validation_loss": 11.045996189117432
}