{
  "best_epoch": 16,
  "peak_cpu_memory_MB": 2708.152,
  "peak_gpu_0_memory_MB": 8903,
  "peak_gpu_1_memory_MB": 10,
  "peak_gpu_2_memory_MB": 10,
  "peak_gpu_3_memory_MB": 4223,
  "training_duration": "00:02:09",
  "training_start_epoch": 0,
  "training_epochs": 19,
  "epoch": 19,
  "training_start_acc": 0.8114754098360656,
  "training_end_acc": 0.8524590163934426,
  "training_span_acc": 0.7639344262295082,
  "training_em": 0.7754098360655738,
  "training_f1": 0.8702959019518787,
  "training_loss": 1.1575313218128986,
  "training_cpu_memory_MB": 2708.152,
  "training_gpu_0_memory_MB": 8903,
  "training_gpu_1_memory_MB": 10,
  "training_gpu_2_memory_MB": 10,
  "training_gpu_3_memory_MB": 4223,
  "validation_start_acc": 0.08888888888888889,
  "validation_end_acc": 0.1,
  "validation_span_acc": 0.044444444444444446,
  "validation_em": 0.06666666666666667,
  "validation_f1": 0.23498367933566297,
  "validation_loss": 12.892173767089844,
  "best_validation_start_acc": 0.08888888888888889,
  "best_validation_end_acc": 0.08888888888888889,
  "best_validation_span_acc": 0.044444444444444446,
  "best_validation_em": 0.06666666666666667,
  "best_validation_f1": 0.1886588079014115,
  "best_validation_loss": 12.225468635559082
}