{
  "best_epoch": 10,
  "peak_cpu_memory_MB": 2708.152,
  "peak_gpu_0_memory_MB": 8903,
  "peak_gpu_1_memory_MB": 10,
  "peak_gpu_2_memory_MB": 10,
  "peak_gpu_3_memory_MB": 5519,
  "training_duration": "00:00:53",
  "training_start_epoch": 0,
  "training_epochs": 19,
  "epoch": 19,
  "training_start_acc": 0.4858490566037736,
  "training_end_acc": 0.45754716981132076,
  "training_span_acc": 0.3632075471698113,
  "training_em": 0.37735849056603776,
  "training_f1": 0.5081445323768929,
  "training_loss": 3.3257916143962314,
  "training_cpu_memory_MB": 2708.152,
  "training_gpu_0_memory_MB": 8903,
  "training_gpu_1_memory_MB": 10,
  "training_gpu_2_memory_MB": 10,
  "training_gpu_3_memory_MB": 5519,
  "validation_start_acc": 0.03296703296703297,
  "validation_end_acc": 0.04395604395604396,
  "validation_span_acc": 0.02197802197802198,
  "validation_em": 0.03296703296703297,
  "validation_f1": 0.15990562591046115,
  "validation_loss": 12.122203985850016,
  "best_validation_start_acc": 0.07692307692307693,
  "best_validation_end_acc": 0.07692307692307693,
  "best_validation_span_acc": 0.02197802197802198,
  "best_validation_em": 0.03296703296703297,
  "best_validation_f1": 0.1661742628486118,
  "best_validation_loss": 10.198748429616293
}