{
  "best_epoch": 9,
  "peak_cpu_memory_MB": 3632.992,
  "peak_gpu_0_memory_MB": 10,
  "peak_gpu_1_memory_MB": 10,
  "peak_gpu_2_memory_MB": 10,
  "peak_gpu_3_memory_MB": 5739,
  "training_duration": "00:00:41",
  "training_start_epoch": 0,
  "training_epochs": 18,
  "epoch": 18,
  "training_start_acc": 0.3894736842105263,
  "training_end_acc": 0.3473684210526316,
  "training_span_acc": 0.2631578947368421,
  "training_em": 0.25263157894736843,
  "training_f1": 0.3763502478550013,
  "training_loss": 3.467463513215383,
  "training_cpu_memory_MB": 3632.992,
  "training_gpu_0_memory_MB": 10,
  "training_gpu_1_memory_MB": 10,
  "training_gpu_2_memory_MB": 10,
  "training_gpu_3_memory_MB": 5739,
  "validation_start_acc": 0.05555555555555555,
  "validation_end_acc": 0.08888888888888889,
  "validation_span_acc": 0.03333333333333333,
  "validation_em": 0.044444444444444446,
  "validation_f1": 0.1407102975372799,
  "validation_loss": 12.127735455830893,
  "best_validation_start_acc": 0.06666666666666667,
  "best_validation_end_acc": 0.1111111111111111,
  "best_validation_span_acc": 0.044444444444444446,
  "best_validation_em": 0.05555555555555555,
  "best_validation_f1": 0.15313651714080073,
  "best_validation_loss": 10.466854731241861
}