{
  "best_epoch": 9,
  "peak_cpu_memory_MB": 3656.02,
  "peak_gpu_0_memory_MB": 10,
  "peak_gpu_1_memory_MB": 10,
  "peak_gpu_2_memory_MB": 10,
  "peak_gpu_3_memory_MB": 4761,
  "training_duration": "00:11:13",
  "training_start_epoch": 0,
  "training_epochs": 18,
  "epoch": 18,
  "training_start_acc": 0.998769987699877,
  "training_end_acc": 0.997539975399754,
  "training_span_acc": 0.997539975399754,
  "training_em": 0.958179581795818,
  "training_f1": 0.982366119071313,
  "training_loss": 0.022517616518170518,
  "training_cpu_memory_MB": 3656.02,
  "training_gpu_0_memory_MB": 10,
  "training_gpu_1_memory_MB": 10,
  "training_gpu_2_memory_MB": 10,
  "training_gpu_3_memory_MB": 4761,
  "validation_start_acc": 0.14942528735632185,
  "validation_end_acc": 0.2413793103448276,
  "validation_span_acc": 0.09195402298850575,
  "validation_em": 0.09195402298850575,
  "validation_f1": 0.29275307138158946,
  "validation_loss": 14.083035628000895,
  "best_validation_start_acc": 0.12643678160919541,
  "best_validation_end_acc": 0.2988505747126437,
  "best_validation_span_acc": 0.10344827586206896,
  "best_validation_em": 0.10344827586206896,
  "best_validation_f1": 0.32944098884611966,
  "best_validation_loss": 9.703702131907145
}