{
  "best_epoch": 15,
  "peak_cpu_memory_MB": 3632.992,
  "peak_gpu_0_memory_MB": 10,
  "peak_gpu_1_memory_MB": 10,
  "peak_gpu_2_memory_MB": 10,
  "peak_gpu_3_memory_MB": 5731,
  "training_duration": "00:06:44",
  "training_start_epoch": 0,
  "training_epochs": 19,
  "epoch": 19,
  "training_start_acc": 0.9819121447028424,
  "training_end_acc": 0.9870801033591732,
  "training_span_acc": 0.979328165374677,
  "training_em": 0.9457364341085271,
  "training_f1": 0.969186073084842,
  "training_loss": 0.15677143320441245,
  "training_cpu_memory_MB": 3632.992,
  "training_gpu_0_memory_MB": 10,
  "training_gpu_1_memory_MB": 10,
  "training_gpu_2_memory_MB": 10,
  "training_gpu_3_memory_MB": 5731,
  "validation_start_acc": 0.10344827586206896,
  "validation_end_acc": 0.1724137931034483,
  "validation_span_acc": 0.06896551724137931,
  "validation_em": 0.08045977011494253,
  "validation_f1": 0.24808481574762237,
  "validation_loss": 14.836871782938639,
  "best_validation_start_acc": 0.11494252873563218,
  "best_validation_end_acc": 0.20689655172413793,
  "best_validation_span_acc": 0.09195402298850575,
  "best_validation_em": 0.10344827586206896,
  "best_validation_f1": 0.30210711547951236,
  "best_validation_loss": 12.965754191080729
}