{
  "best_epoch": 14,
  "peak_cpu_memory_MB": 3656.296,
  "peak_gpu_0_memory_MB": 10,
  "peak_gpu_1_memory_MB": 10,
  "peak_gpu_2_memory_MB": 10,
  "peak_gpu_3_memory_MB": 5705,
  "training_duration": "00:09:47",
  "training_start_epoch": 0,
  "training_epochs": 19,
  "epoch": 19,
  "training_start_acc": 0.9934426229508196,
  "training_end_acc": 0.9934426229508196,
  "training_span_acc": 0.9918032786885246,
  "training_em": 0.9540983606557377,
  "training_f1": 0.9790905770420977,
  "training_loss": 0.045699192091631584,
  "training_cpu_memory_MB": 3656.296,
  "training_gpu_0_memory_MB": 10,
  "training_gpu_1_memory_MB": 10,
  "training_gpu_2_memory_MB": 10,
  "training_gpu_3_memory_MB": 5705,
  "validation_start_acc": 0.15555555555555556,
  "validation_end_acc": 0.24444444444444444,
  "validation_span_acc": 0.12222222222222222,
  "validation_em": 0.13333333333333333,
  "validation_f1": 0.3232428378680838,
  "validation_loss": 12.04616896311442,
  "best_validation_start_acc": 0.23333333333333334,
  "best_validation_end_acc": 0.34444444444444444,
  "best_validation_span_acc": 0.18888888888888888,
  "best_validation_em": 0.18888888888888888,
  "best_validation_f1": 0.3939350279189065,
  "best_validation_loss": 10.376608292261759
}