{
  "best_epoch": 5,
  "peak_cpu_memory_MB": 2739.988,
  "peak_gpu_0_memory_MB": 6121,
  "peak_gpu_1_memory_MB": 0,
  "peak_gpu_2_memory_MB": 0,
  "peak_gpu_3_memory_MB": 607,
  "training_duration": "00:01:16",
  "training_start_epoch": 0,
  "training_epochs": 14,
  "epoch": 14,
  "training_start_acc": 0.2961165048543689,
  "training_end_acc": 0.2766990291262136,
  "training_span_acc": 0.20388349514563106,
  "training_em": 0.20388349514563106,
  "training_f1": 0.2824392572442118,
  "training_loss": 3.4604903551248403,
  "training_cpu_memory_MB": 2739.988,
  "training_gpu_0_memory_MB": 6121,
  "training_gpu_1_memory_MB": 0,
  "training_gpu_2_memory_MB": 0,
  "training_gpu_3_memory_MB": 607,
  "validation_start_acc": 0.06666666666666667,
  "validation_end_acc": 0.1111111111111111,
  "validation_span_acc": 0.03333333333333333,
  "validation_em": 0.03333333333333333,
  "validation_f1": 0.1526165237086461,
  "validation_loss": 13.540360927581787,
  "best_validation_start_acc": 0.05555555555555555,
  "best_validation_end_acc": 0.1,
  "best_validation_span_acc": 0.044444444444444446,
  "best_validation_em": 0.044444444444444446,
  "best_validation_f1": 0.14888197713276186,
  "best_validation_loss": 9.725811958312988
}