{
  "best_epoch": 11,
  "peak_cpu_memory_MB": 3866.676,
  "peak_gpu_0_memory_MB": 10,
  "peak_gpu_1_memory_MB": 10,
  "peak_gpu_2_memory_MB": 10,
  "peak_gpu_3_memory_MB": 4237,
  "training_duration": "00:14:32",
  "training_start_epoch": 0,
  "training_epochs": 19,
  "epoch": 19,
  "training_start_acc": 0.6983511154219205,
  "training_end_acc": 0.7701260911736179,
  "training_span_acc": 0.530552861299709,
  "training_em": 0.5363724539282251,
  "training_f1": 0.8304446302255235,
  "training_loss": 0.9127178742335393,
  "training_cpu_memory_MB": 3866.676,
  "training_gpu_0_memory_MB": 10,
  "training_gpu_1_memory_MB": 10,
  "training_gpu_2_memory_MB": 10,
  "training_gpu_3_memory_MB": 4237,
  "validation_start_acc": 0.10989010989010989,
  "validation_end_acc": 0.21978021978021978,
  "validation_span_acc": 0.06593406593406594,
  "validation_em": 0.07692307692307693,
  "validation_f1": 0.2751334520267931,
  "validation_loss": 12.661632855733236,
  "best_validation_start_acc": 0.14285714285714285,
  "best_validation_end_acc": 0.21978021978021978,
  "best_validation_span_acc": 0.0989010989010989,
  "best_validation_em": 0.10989010989010989,
  "best_validation_f1": 0.2747050407303572,
  "best_validation_loss": 9.311435461044312
}