{
  "best_epoch": 13,
  "peak_cpu_memory_MB": 3682.38,
  "peak_gpu_0_memory_MB": 10,
  "peak_gpu_1_memory_MB": 10,
  "peak_gpu_2_memory_MB": 10,
  "peak_gpu_3_memory_MB": 6395,
  "training_duration": "00:23:38",
  "training_start_epoch": 0,
  "training_epochs": 19,
  "epoch": 19,
  "training_start_acc": 0.7085714285714285,
  "training_end_acc": 0.76,
  "training_span_acc": 0.5321428571428571,
  "training_em": 0.5421428571428571,
  "training_f1": 0.8338315815999353,
  "training_loss": 0.9260506338693879,
  "training_cpu_memory_MB": 3682.38,
  "training_gpu_0_memory_MB": 10,
  "training_gpu_1_memory_MB": 10,
  "training_gpu_2_memory_MB": 10,
  "training_gpu_3_memory_MB": 6395,
  "validation_start_acc": 0.24444444444444444,
  "validation_end_acc": 0.23333333333333334,
  "validation_span_acc": 0.16666666666666666,
  "validation_em": 0.17777777777777778,
  "validation_f1": 0.37599080586564704,
  "validation_loss": 11.322939395904541,
  "best_validation_start_acc": 0.24444444444444444,
  "best_validation_end_acc": 0.2222222222222222,
  "best_validation_span_acc": 0.14444444444444443,
  "best_validation_em": 0.18888888888888888,
  "best_validation_f1": 0.3656960286601386,
  "best_validation_loss": 9.385575771331787
}