{
  "best_epoch": 16,
  "peak_cpu_memory_MB": 3632.992,
  "peak_gpu_0_memory_MB": 10,
  "peak_gpu_1_memory_MB": 10,
  "peak_gpu_2_memory_MB": 10,
  "peak_gpu_3_memory_MB": 5739,
  "training_duration": "00:01:58",
  "training_start_epoch": 0,
  "training_epochs": 19,
  "epoch": 19,
  "training_start_acc": 0.845,
  "training_end_acc": 0.8533333333333334,
  "training_span_acc": 0.7816666666666666,
  "training_em": 0.7716666666666666,
  "training_f1": 0.859267132064814,
  "training_loss": 0.9586242468733537,
  "training_cpu_memory_MB": 3632.992,
  "training_gpu_0_memory_MB": 10,
  "training_gpu_1_memory_MB": 10,
  "training_gpu_2_memory_MB": 10,
  "training_gpu_3_memory_MB": 5739,
  "validation_start_acc": 0.09195402298850575,
  "validation_end_acc": 0.1839080459770115,
  "validation_span_acc": 0.05747126436781609,
  "validation_em": 0.05747126436781609,
  "validation_f1": 0.22481864189742268,
  "validation_loss": 12.981541474660238,
  "best_validation_start_acc": 0.06896551724137931,
  "best_validation_end_acc": 0.1839080459770115,
  "best_validation_span_acc": 0.06896551724137931,
  "best_validation_em": 0.06896551724137931,
  "best_validation_f1": 0.22524566014894873,
  "best_validation_loss": 11.757792154947916
}