{
  "best_epoch": 11,
  "peak_cpu_memory_MB": 3879.86,
  "peak_gpu_0_memory_MB": 10,
  "peak_gpu_1_memory_MB": 10,
  "peak_gpu_2_memory_MB": 10,
  "peak_gpu_3_memory_MB": 4237,
  "training_duration": "00:05:57",
  "training_start_epoch": 0,
  "training_epochs": 19,
  "epoch": 19,
  "training_start_acc": 0.7228571428571429,
  "training_end_acc": 0.7914285714285715,
  "training_span_acc": 0.5571428571428572,
  "training_em": 0.5628571428571428,
  "training_f1": 0.8482288560893841,
  "training_loss": 0.8704879690300334,
  "training_cpu_memory_MB": 3879.86,
  "training_gpu_0_memory_MB": 10,
  "training_gpu_1_memory_MB": 10,
  "training_gpu_2_memory_MB": 10,
  "training_gpu_3_memory_MB": 4237,
  "validation_start_acc": 0.14444444444444443,
  "validation_end_acc": 0.14444444444444443,
  "validation_span_acc": 0.044444444444444446,
  "validation_em": 0.06666666666666667,
  "validation_f1": 0.239482725357825,
  "validation_loss": 11.360565026601156,
  "best_validation_start_acc": 0.17777777777777778,
  "best_validation_end_acc": 0.15555555555555556,
  "best_validation_span_acc": 0.07777777777777778,
  "best_validation_em": 0.12222222222222222,
  "best_validation_f1": 0.31187049904417474,
  "best_validation_loss": 10.174533208211264
}