{
  "best_epoch": 15,
  "peak_cpu_memory_MB": 3867.7,
  "peak_gpu_0_memory_MB": 10,
  "peak_gpu_1_memory_MB": 10,
  "peak_gpu_2_memory_MB": 10,
  "peak_gpu_3_memory_MB": 6395,
  "training_duration": "00:05:50",
  "training_start_epoch": 0,
  "training_epochs": 19,
  "epoch": 19,
  "training_start_acc": 0.7492625368731564,
  "training_end_acc": 0.7522123893805309,
  "training_span_acc": 0.5427728613569321,
  "training_em": 0.5575221238938053,
  "training_f1": 0.8286156036978325,
  "training_loss": 0.9818186245181344,
  "training_cpu_memory_MB": 3867.7,
  "training_gpu_0_memory_MB": 10,
  "training_gpu_1_memory_MB": 10,
  "training_gpu_2_memory_MB": 10,
  "training_gpu_3_memory_MB": 6395,
  "validation_start_acc": 0.20689655172413793,
  "validation_end_acc": 0.12643678160919541,
  "validation_span_acc": 0.08045977011494253,
  "validation_em": 0.11494252873563218,
  "validation_f1": 0.34858306845654025,
  "validation_loss": 11.579898357391357,
  "best_validation_start_acc": 0.1839080459770115,
  "best_validation_end_acc": 0.13793103448275862,
  "best_validation_span_acc": 0.08045977011494253,
  "best_validation_em": 0.12643678160919541,
  "best_validation_f1": 0.3330226228873764,
  "best_validation_loss": 11.399158477783203
}