{
  "best_epoch": 9,
  "peak_cpu_memory_MB": 2652.268,
  "peak_gpu_0_memory_MB": 10787,
  "peak_gpu_1_memory_MB": 10,
  "peak_gpu_2_memory_MB": 10,
  "peak_gpu_3_memory_MB": 5917,
  "training_duration": "00:02:57",
  "training_start_epoch": 0,
  "training_epochs": 18,
  "epoch": 18,
  "training_start_acc": 0.04455445544554455,
  "training_end_acc": 0.12376237623762376,
  "training_span_acc": 0.00825082508250825,
  "training_em": 0.01155115511551155,
  "training_f1": 0.14019138037635945,
  "training_loss": 7.877759644859715,
  "training_cpu_memory_MB": 2652.268,
  "training_gpu_0_memory_MB": 10787,
  "training_gpu_1_memory_MB": 10,
  "training_gpu_2_memory_MB": 10,
  "training_gpu_3_memory_MB": 5917,
  "validation_start_acc": 0.06666666666666667,
  "validation_end_acc": 0.14444444444444443,
  "validation_span_acc": 0.03333333333333333,
  "validation_em": 0.022222222222222223,
  "validation_f1": 0.1566970439119138,
  "validation_loss": 8.197952588399252,
  "best_validation_start_acc": 0.044444444444444446,
  "best_validation_end_acc": 0.07777777777777778,
  "best_validation_span_acc": 0.022222222222222223,
  "best_validation_em": 0.03333333333333333,
  "best_validation_f1": 0.1588520094563321,
  "best_validation_loss": 8.30880888303121
}