{
  "best_epoch": 8,
  "peak_cpu_memory_MB": 3867.7,
  "peak_gpu_0_memory_MB": 10,
  "peak_gpu_1_memory_MB": 10,
  "peak_gpu_2_memory_MB": 10,
  "peak_gpu_3_memory_MB": 6395,
  "training_duration": "00:05:24",
  "training_start_epoch": 0,
  "training_epochs": 17,
  "epoch": 17,
  "training_start_acc": 0.72,
  "training_end_acc": 0.7914285714285715,
  "training_span_acc": 0.5514285714285714,
  "training_em": 0.56,
  "training_f1": 0.8529989585297283,
  "training_loss": 0.924347614700144,
  "training_cpu_memory_MB": 3867.7,
  "training_gpu_0_memory_MB": 10,
  "training_gpu_1_memory_MB": 10,
  "training_gpu_2_memory_MB": 10,
  "training_gpu_3_memory_MB": 6395,
  "validation_start_acc": 0.16666666666666666,
  "validation_end_acc": 0.18888888888888888,
  "validation_span_acc": 0.08888888888888889,
  "validation_em": 0.1111111111111111,
  "validation_f1": 0.29784352487953514,
  "validation_loss": 9.572431246439615,
  "best_validation_start_acc": 0.18888888888888888,
  "best_validation_end_acc": 0.18888888888888888,
  "best_validation_span_acc": 0.08888888888888889,
  "best_validation_em": 0.13333333333333333,
  "best_validation_f1": 0.3339250250402999,
  "best_validation_loss": 8.67366854349772
}