{
  "best_epoch": 5,
  "peak_cpu_memory_MB": 4614.648,
  "peak_gpu_0_memory_MB": 10,
  "peak_gpu_1_memory_MB": 10,
  "peak_gpu_2_memory_MB": 3769,
  "peak_gpu_3_memory_MB": 1993,
  "training_duration": "00:04:00",
  "training_start_epoch": 0,
  "training_epochs": 14,
  "epoch": 14,
  "training_start_acc": 0.05971563981042654,
  "training_end_acc": 0.14597156398104266,
  "training_span_acc": 0.016113744075829384,
  "training_em": 0.01990521327014218,
  "training_f1": 0.18490943854107003,
  "training_loss": 7.464381355227846,
  "training_cpu_memory_MB": 4614.648,
  "training_gpu_0_memory_MB": 10,
  "training_gpu_1_memory_MB": 10,
  "training_gpu_2_memory_MB": 3769,
  "training_gpu_3_memory_MB": 1993,
  "validation_start_acc": 0.022222222222222223,
  "validation_end_acc": 0.08888888888888889,
  "validation_span_acc": 0.0,
  "validation_em": 0.011111111111111112,
  "validation_f1": 0.1714836470012311,
  "validation_loss": 8.28924330075582,
  "best_validation_start_acc": 0.044444444444444446,
  "best_validation_end_acc": 0.044444444444444446,
  "best_validation_span_acc": 0.0,
  "best_validation_em": 0.022222222222222223,
  "best_validation_f1": 0.18369696568187885,
  "best_validation_loss": 8.498743454615274
}