{
  "best_epoch": 2,
  "peak_cpu_memory_MB": 2709.052,
  "peak_gpu_0_memory_MB": 8903,
  "peak_gpu_1_memory_MB": 10,
  "peak_gpu_2_memory_MB": 10,
  "peak_gpu_3_memory_MB": 5009,
  "training_duration": "00:00:40",
  "training_start_epoch": 0,
  "training_epochs": 11,
  "epoch": 11,
  "training_start_acc": 0.2403846153846154,
  "training_end_acc": 0.24519230769230768,
  "training_span_acc": 0.17307692307692307,
  "training_em": 0.16826923076923078,
  "training_f1": 0.2641477954077352,
  "training_loss": 4.321583601144644,
  "training_cpu_memory_MB": 2709.052,
  "training_gpu_0_memory_MB": 8903,
  "training_gpu_1_memory_MB": 10,
  "training_gpu_2_memory_MB": 10,
  "training_gpu_3_memory_MB": 5009,
  "validation_start_acc": 0.0,
  "validation_end_acc": 0.031746031746031744,
  "validation_span_acc": 0.0,
  "validation_em": 0.0,
  "validation_f1": 0.2002003596350246,
  "validation_loss": 11.170514345169067,
  "best_validation_start_acc": 0.06349206349206349,
  "best_validation_end_acc": 0.06349206349206349,
  "best_validation_span_acc": 0.0,
  "best_validation_em": 0.031746031746031744,
  "best_validation_f1": 0.2993307722502787,
  "best_validation_loss": 8.62174367904663
}