{
  "best_epoch": 11,
  "peak_cpu_memory_MB": 3656.296,
  "peak_gpu_0_memory_MB": 10787,
  "peak_gpu_1_memory_MB": 10,
  "peak_gpu_2_memory_MB": 10,
  "peak_gpu_3_memory_MB": 5705,
  "training_duration": "00:09:31",
  "training_start_epoch": 0,
  "training_epochs": 19,
  "epoch": 19,
  "training_start_acc": 0.9898734177215189,
  "training_end_acc": 0.9822784810126582,
  "training_span_acc": 0.979746835443038,
  "training_em": 0.9392405063291139,
  "training_f1": 0.9771834081187929,
  "training_loss": 0.11476332828402519,
  "training_cpu_memory_MB": 3656.296,
  "training_gpu_0_memory_MB": 10,
  "training_gpu_1_memory_MB": 10,
  "training_gpu_2_memory_MB": 10,
  "training_gpu_3_memory_MB": 5705,
  "validation_start_acc": 0.12222222222222222,
  "validation_end_acc": 0.06666666666666667,
  "validation_span_acc": 0.044444444444444446,
  "validation_em": 0.044444444444444446,
  "validation_f1": 0.1824462010350566,
  "validation_loss": 11.340041319529215,
  "best_validation_start_acc": 0.1111111111111111,
  "best_validation_end_acc": 0.12222222222222222,
  "best_validation_span_acc": 0.05555555555555555,
  "best_validation_em": 0.05555555555555555,
  "best_validation_f1": 0.18206992786115903,
  "best_validation_loss": 9.803496837615967
}