{
  "best_epoch": 10,
  "peak_cpu_memory_MB": 2710.964,
  "peak_gpu_0_memory_MB": 10,
  "peak_gpu_1_memory_MB": 10,
  "peak_gpu_2_memory_MB": 10,
  "peak_gpu_3_memory_MB": 4223,
  "training_duration": "00:06:00",
  "training_start_epoch": 0,
  "training_epochs": 19,
  "epoch": 19,
  "training_start_acc": 0.6548223350253807,
  "training_end_acc": 0.7672226250906454,
  "training_span_acc": 0.49673676577229875,
  "training_em": 0.5061638868745467,
  "training_f1": 0.822422138915683,
  "training_loss": 1.459389061763369,
  "training_cpu_memory_MB": 2710.964,
  "training_gpu_0_memory_MB": 10,
  "training_gpu_1_memory_MB": 10,
  "training_gpu_2_memory_MB": 10,
  "training_gpu_3_memory_MB": 4223,
  "validation_start_acc": 0.2222222222222222,
  "validation_end_acc": 0.34444444444444444,
  "validation_span_acc": 0.16666666666666666,
  "validation_em": 0.25555555555555554,
  "validation_f1": 0.4259877680235985,
  "validation_loss": 9.716527779897055,
  "best_validation_start_acc": 0.2222222222222222,
  "best_validation_end_acc": 0.35555555555555557,
  "best_validation_span_acc": 0.2111111111111111,
  "best_validation_em": 0.3111111111111111,
  "best_validation_f1": 0.4350991457892954,
  "best_validation_loss": 7.989163796106975
}