{
  "best_epoch": 7,
  "peak_cpu_memory_MB": 2708.152,
  "peak_gpu_0_memory_MB": 8903,
  "peak_gpu_1_memory_MB": 10,
  "peak_gpu_2_memory_MB": 10,
  "peak_gpu_3_memory_MB": 6195,
  "training_duration": "00:00:27",
  "training_start_epoch": 0,
  "training_epochs": 16,
  "epoch": 16,
  "training_start_acc": 0.22772277227722773,
  "training_end_acc": 0.297029702970297,
  "training_span_acc": 0.12871287128712872,
  "training_em": 0.12871287128712872,
  "training_f1": 0.2537724624042384,
  "training_loss": 4.804456642695835,
  "training_cpu_memory_MB": 2708.152,
  "training_gpu_0_memory_MB": 8903,
  "training_gpu_1_memory_MB": 10,
  "training_gpu_2_memory_MB": 10,
  "training_gpu_3_memory_MB": 6195,
  "validation_start_acc": 0.03333333333333333,
  "validation_end_acc": 0.1,
  "validation_span_acc": 0.0,
  "validation_em": 0.011111111111111112,
  "validation_f1": 0.15254972356677415,
  "validation_loss": 9.64833148320516,
  "best_validation_start_acc": 0.022222222222222223,
  "best_validation_end_acc": 0.1111111111111111,
  "best_validation_span_acc": 0.011111111111111112,
  "best_validation_em": 0.022222222222222223,
  "best_validation_f1": 0.17982732293037615,
  "best_validation_loss": 8.896386782328287
}