{
  "best_epoch": 2,
  "peak_cpu_memory_MB": 4614.648,
  "peak_gpu_0_memory_MB": 10,
  "peak_gpu_1_memory_MB": 10,
  "peak_gpu_2_memory_MB": 3769,
  "peak_gpu_3_memory_MB": 1993,
  "training_duration": "00:03:10",
  "training_start_epoch": 0,
  "training_epochs": 11,
  "epoch": 11,
  "training_start_acc": 0.041707080504364696,
  "training_end_acc": 0.11833171677982542,
  "training_span_acc": 0.015518913676042677,
  "training_em": 0.01745877788554801,
  "training_f1": 0.17580373567561308,
  "training_loss": 7.749372643690843,
  "training_cpu_memory_MB": 4614.648,
  "training_gpu_0_memory_MB": 10,
  "training_gpu_1_memory_MB": 10,
  "training_gpu_2_memory_MB": 3769,
  "training_gpu_3_memory_MB": 1993,
  "validation_start_acc": 0.01098901098901099,
  "validation_end_acc": 0.08791208791208792,
  "validation_span_acc": 0.0,
  "validation_em": 0.0,
  "validation_f1": 0.1664472248000474,
  "validation_loss": 8.348359107971191,
  "best_validation_start_acc": 0.02197802197802198,
  "best_validation_end_acc": 0.054945054945054944,
  "best_validation_span_acc": 0.0,
  "best_validation_em": 0.01098901098901099,
  "best_validation_f1": 0.15379256902219013,
  "best_validation_loss": 8.80819042523702
}