{
  "best_epoch": 0,
  "peak_cpu_memory_MB": 3632.992,
  "peak_gpu_0_memory_MB": 10,
  "peak_gpu_1_memory_MB": 10,
  "peak_gpu_2_memory_MB": 10,
  "peak_gpu_3_memory_MB": 5739,
  "training_duration": "00:00:41",
  "training_start_epoch": 0,
  "training_epochs": 9,
  "epoch": 9,
  "training_start_acc": 0.23940149625935161,
  "training_end_acc": 0.24438902743142144,
  "training_span_acc": 0.13216957605985039,
  "training_em": 0.12718204488778054,
  "training_f1": 0.27085866268047926,
  "training_loss": 4.60210081247183,
  "training_cpu_memory_MB": 3632.992,
  "training_gpu_0_memory_MB": 10,
  "training_gpu_1_memory_MB": 10,
  "training_gpu_2_memory_MB": 10,
  "training_gpu_3_memory_MB": 5739,
  "validation_start_acc": 0.054945054945054944,
  "validation_end_acc": 0.14285714285714285,
  "validation_span_acc": 0.01098901098901099,
  "validation_em": 0.01098901098901099,
  "validation_f1": 0.12947356228011972,
  "validation_loss": 9.788885911305746,
  "best_validation_start_acc": 0.03296703296703297,
  "best_validation_end_acc": 0.054945054945054944,
  "best_validation_span_acc": 0.0,
  "best_validation_em": 0.02197802197802198,
  "best_validation_f1": 0.13539138917537707,
  "best_validation_loss": 8.728369156519571
}