{
  "best_epoch": 17,
  "peak_cpu_memory_MB": 3626.016,
  "peak_gpu_0_memory_MB": 10787,
  "peak_gpu_1_memory_MB": 6759,
  "peak_gpu_2_memory_MB": 7173,
  "peak_gpu_3_memory_MB": 6755,
  "training_duration": "00:03:03",
  "training_start_epoch": 0,
  "training_epochs": 19,
  "epoch": 19,
  "training_start_acc": 0.967032967032967,
  "training_end_acc": 0.978021978021978,
  "training_span_acc": 0.967032967032967,
  "training_em": 0.9230769230769231,
  "training_f1": 0.967048440689745,
  "training_loss": 0.3190734113256137,
  "training_cpu_memory_MB": 3626.016,
  "training_gpu_0_memory_MB": 10787,
  "training_gpu_1_memory_MB": 6759,
  "training_gpu_2_memory_MB": 7173,
  "training_gpu_3_memory_MB": 6755,
  "validation_start_acc": 0.06666666666666667,
  "validation_end_acc": 0.12222222222222222,
  "validation_span_acc": 0.011111111111111112,
  "validation_em": 0.022222222222222223,
  "validation_f1": 0.19359210886154815,
  "validation_loss": 9.934631506601969,
  "best_validation_start_acc": 0.05555555555555555,
  "best_validation_end_acc": 0.12222222222222222,
  "best_validation_span_acc": 0.022222222222222223,
  "best_validation_em": 0.03333333333333333,
  "best_validation_f1": 0.19162525883783368,
  "best_validation_loss": 10.200387795766195
}