{
  "best_epoch": 5,
  "peak_cpu_memory_MB": 2652.268,
  "peak_gpu_0_memory_MB": 10787,
  "peak_gpu_1_memory_MB": 10,
  "peak_gpu_2_memory_MB": 10,
  "peak_gpu_3_memory_MB": 5917,
  "training_duration": "00:01:40",
  "training_start_epoch": 0,
  "training_epochs": 14,
  "epoch": 14,
  "training_start_acc": 0.024752475247524754,
  "training_end_acc": 0.0891089108910891,
  "training_span_acc": 0.0,
  "training_em": 0.0,
  "training_f1": 0.1437166506149473,
  "training_loss": 8.458044895758995,
  "training_cpu_memory_MB": 2652.268,
  "training_gpu_0_memory_MB": 10787,
  "training_gpu_1_memory_MB": 10,
  "training_gpu_2_memory_MB": 10,
  "training_gpu_3_memory_MB": 5917,
  "validation_start_acc": 0.01098901098901099,
  "validation_end_acc": 0.03296703296703297,
  "validation_span_acc": 0.0,
  "validation_em": 0.01098901098901099,
  "validation_f1": 0.18639304864652725,
  "validation_loss": 8.389644145965576,
  "best_validation_start_acc": 0.02197802197802198,
  "best_validation_end_acc": 0.054945054945054944,
  "best_validation_span_acc": 0.0,
  "best_validation_em": 0.01098901098901099,
  "best_validation_f1": 0.15195901652240637,
  "best_validation_loss": 8.610872427622477
}