{
  "best_epoch": 9,
  "peak_cpu_memory_MB": 3856.236,
  "peak_gpu_0_memory_MB": 10,
  "peak_gpu_1_memory_MB": 10,
  "peak_gpu_2_memory_MB": 10,
  "peak_gpu_3_memory_MB": 4237,
  "training_duration": "00:08:28",
  "training_start_epoch": 0,
  "training_epochs": 18,
  "epoch": 18,
  "training_start_acc": 0.6992084432717678,
  "training_end_acc": 0.8047493403693932,
  "training_span_acc": 0.5329815303430079,
  "training_em": 0.5408970976253298,
  "training_f1": 0.8395288931335693,
  "training_loss": 0.9196624221901099,
  "training_cpu_memory_MB": 3856.236,
  "training_gpu_0_memory_MB": 10,
  "training_gpu_1_memory_MB": 10,
  "training_gpu_2_memory_MB": 10,
  "training_gpu_3_memory_MB": 4237,
  "validation_start_acc": 0.0989010989010989,
  "validation_end_acc": 0.12087912087912088,
  "validation_span_acc": 0.054945054945054944,
  "validation_em": 0.054945054945054944,
  "validation_f1": 0.2649586331477125,
  "validation_loss": 10.956820487976074,
  "best_validation_start_acc": 0.10989010989010989,
  "best_validation_end_acc": 0.15384615384615385,
  "best_validation_span_acc": 0.054945054945054944,
  "best_validation_em": 0.10989010989010989,
  "best_validation_f1": 0.29970781374720223,
  "best_validation_loss": 9.116965134938559
}