{
  "best_epoch": 19,
  "peak_cpu_memory_MB": 3867.7,
  "peak_gpu_0_memory_MB": 10,
  "peak_gpu_1_memory_MB": 10,
  "peak_gpu_2_memory_MB": 10,
  "peak_gpu_3_memory_MB": 6395,
  "training_duration": "00:19:02",
  "training_start_epoch": 0,
  "training_epochs": 19,
  "epoch": 19,
  "training_start_acc": 0.683599419448476,
  "training_end_acc": 0.7685050798258345,
  "training_span_acc": 0.5166908563134979,
  "training_em": 0.5217706821480407,
  "training_f1": 0.8212676112612673,
  "training_loss": 0.97512023065282,
  "training_cpu_memory_MB": 3867.7,
  "training_gpu_0_memory_MB": 10,
  "training_gpu_1_memory_MB": 10,
  "training_gpu_2_memory_MB": 10,
  "training_gpu_3_memory_MB": 6395,
  "validation_start_acc": 0.22988505747126436,
  "validation_end_acc": 0.3333333333333333,
  "validation_span_acc": 0.13793103448275862,
  "validation_em": 0.27586206896551724,
  "validation_f1": 0.5061681995706084,
  "validation_loss": 10.186230977376303,
  "best_validation_start_acc": 0.22988505747126436,
  "best_validation_end_acc": 0.3333333333333333,
  "best_validation_span_acc": 0.13793103448275862,
  "best_validation_em": 0.27586206896551724,
  "best_validation_f1": 0.5061681995706084,
  "best_validation_loss": 10.186230977376303
}