{
  "best_epoch": 8,
  "peak_cpu_memory_MB": 2708.152,
  "peak_gpu_0_memory_MB": 8903,
  "peak_gpu_1_memory_MB": 10,
  "peak_gpu_2_memory_MB": 10,
  "peak_gpu_3_memory_MB": 3587,
  "training_duration": "00:02:26",
  "training_start_epoch": 0,
  "training_epochs": 17,
  "epoch": 17,
  "training_start_acc": 0.9715698393077874,
  "training_end_acc": 0.9740420271940667,
  "training_span_acc": 0.9555006180469716,
  "training_em": 0.9332509270704573,
  "training_f1": 0.9706934998677018,
  "training_loss": 0.1951257707733734,
  "training_cpu_memory_MB": 2708.152,
  "training_gpu_0_memory_MB": 8903,
  "training_gpu_1_memory_MB": 10,
  "training_gpu_2_memory_MB": 10,
  "training_gpu_3_memory_MB": 3587,
  "validation_start_acc": 0.0989010989010989,
  "validation_end_acc": 0.2087912087912088,
  "validation_span_acc": 0.02197802197802198,
  "validation_em": 0.07692307692307693,
  "validation_f1": 0.3010420146374029,
  "validation_loss": 15.014077504475912,
  "best_validation_start_acc": 0.10989010989010989,
  "best_validation_end_acc": 0.21978021978021978,
  "best_validation_span_acc": 0.04395604395604396,
  "best_validation_em": 0.10989010989010989,
  "best_validation_f1": 0.33403824647372005,
  "best_validation_loss": 9.124133984247843
}