{
  "best_epoch": 12,
  "peak_cpu_memory_MB": 2739.988,
  "peak_gpu_0_memory_MB": 6121,
  "peak_gpu_1_memory_MB": 0,
  "peak_gpu_2_memory_MB": 0,
  "peak_gpu_3_memory_MB": 607,
  "training_duration": "00:01:02",
  "training_start_epoch": 0,
  "training_epochs": 19,
  "epoch": 19,
  "training_start_acc": 0.38666666666666666,
  "training_end_acc": 0.37333333333333335,
  "training_span_acc": 0.22666666666666666,
  "training_em": 0.22666666666666666,
  "training_f1": 0.34324597453627276,
  "training_loss": 2.751216983795166,
  "training_cpu_memory_MB": 2739.988,
  "training_gpu_0_memory_MB": 6121,
  "training_gpu_1_memory_MB": 0,
  "training_gpu_2_memory_MB": 0,
  "training_gpu_3_memory_MB": 607,
  "validation_start_acc": 0.03333333333333333,
  "validation_end_acc": 0.1,
  "validation_span_acc": 0.022222222222222223,
  "validation_em": 0.03333333333333333,
  "validation_f1": 0.1445891389924866,
  "validation_loss": 14.654274940490723,
  "best_validation_start_acc": 0.03333333333333333,
  "best_validation_end_acc": 0.1,
  "best_validation_span_acc": 0.022222222222222223,
  "best_validation_em": 0.044444444444444446,
  "best_validation_f1": 0.15860332694054183,
  "best_validation_loss": 12.634525616963705
}