{
  "best_epoch": 13,
  "peak_cpu_memory_MB": 3632.992,
  "peak_gpu_0_memory_MB": 10,
  "peak_gpu_1_memory_MB": 10,
  "peak_gpu_2_memory_MB": 10,
  "peak_gpu_3_memory_MB": 5731,
  "training_duration": "00:06:47",
  "training_start_epoch": 0,
  "training_epochs": 19,
  "epoch": 19,
  "training_start_acc": 0.9924050632911392,
  "training_end_acc": 0.9924050632911392,
  "training_span_acc": 0.9924050632911392,
  "training_em": 0.9493670886075949,
  "training_f1": 0.9799596965232713,
  "training_loss": 0.04306236013770103,
  "training_cpu_memory_MB": 3632.992,
  "training_gpu_0_memory_MB": 10,
  "training_gpu_1_memory_MB": 10,
  "training_gpu_2_memory_MB": 10,
  "training_gpu_3_memory_MB": 5731,
  "validation_start_acc": 0.08888888888888889,
  "validation_end_acc": 0.1111111111111111,
  "validation_span_acc": 0.06666666666666667,
  "validation_em": 0.07777777777777778,
  "validation_f1": 0.19116311986805118,
  "validation_loss": 12.801820119222006,
  "best_validation_start_acc": 0.15555555555555556,
  "best_validation_end_acc": 0.13333333333333333,
  "best_validation_span_acc": 0.08888888888888889,
  "best_validation_em": 0.1111111111111111,
  "best_validation_f1": 0.228006690276272,
  "best_validation_loss": 11.212917804718018
}