{
  "best_epoch": 2,
  "peak_cpu_memory_MB": 4614.648,
  "peak_gpu_0_memory_MB": 10,
  "peak_gpu_1_memory_MB": 10,
  "peak_gpu_2_memory_MB": 4415,
  "peak_gpu_3_memory_MB": 1993,
  "training_duration": "00:01:08",
  "training_start_epoch": 0,
  "training_epochs": 11,
  "epoch": 11,
  "training_start_acc": 0.02359882005899705,
  "training_end_acc": 0.1504424778761062,
  "training_span_acc": 0.0029498525073746312,
  "training_em": 0.0058997050147492625,
  "training_f1": 0.17150284979200167,
  "training_loss": 8.35342246835882,
  "training_cpu_memory_MB": 4614.648,
  "training_gpu_0_memory_MB": 10,
  "training_gpu_1_memory_MB": 10,
  "training_gpu_2_memory_MB": 4415,
  "training_gpu_3_memory_MB": 1993,
  "validation_start_acc": 0.011494252873563218,
  "validation_end_acc": 0.05747126436781609,
  "validation_span_acc": 0.0,
  "validation_em": 0.0,
  "validation_f1": 0.2005067618846031,
  "validation_loss": 8.832354863484701,
  "best_validation_start_acc": 0.0,
  "best_validation_end_acc": 0.05747126436781609,
  "best_validation_span_acc": 0.0,
  "best_validation_em": 0.011494252873563218,
  "best_validation_f1": 0.18827897056702367,
  "best_validation_loss": 9.495524883270264
}