{
  "best_epoch": 18,
  "peak_cpu_memory_MB": 3626.016,
  "peak_gpu_0_memory_MB": 10787,
  "peak_gpu_1_memory_MB": 6759,
  "peak_gpu_2_memory_MB": 7173,
  "peak_gpu_3_memory_MB": 6755,
  "training_duration": "00:02:33",
  "training_start_epoch": 0,
  "training_epochs": 19,
  "epoch": 19,
  "training_start_acc": 0.9736842105263158,
  "training_end_acc": 0.9342105263157895,
  "training_span_acc": 0.9473684210526315,
  "training_em": 0.9210526315789473,
  "training_f1": 0.9534489633173843,
  "training_loss": 0.8707104563713074,
  "training_cpu_memory_MB": 3626.016,
  "training_gpu_0_memory_MB": 10787,
  "training_gpu_1_memory_MB": 6759,
  "training_gpu_2_memory_MB": 7173,
  "training_gpu_3_memory_MB": 6755,
  "validation_start_acc": 0.06666666666666667,
  "validation_end_acc": 0.08888888888888889,
  "validation_span_acc": 0.011111111111111112,
  "validation_em": 0.03333333333333333,
  "validation_f1": 0.20747060842103326,
  "validation_loss": 9.015541076660156,
  "best_validation_start_acc": 0.05555555555555555,
  "best_validation_end_acc": 0.1111111111111111,
  "best_validation_span_acc": 0.022222222222222223,
  "best_validation_em": 0.044444444444444446,
  "best_validation_f1": 0.2284991214927403,
  "best_validation_loss": 8.866718292236328
}