{
  "best_epoch": 6,
  "peak_cpu_memory_MB": 3867.7,
  "peak_gpu_0_memory_MB": 10,
  "peak_gpu_1_memory_MB": 10,
  "peak_gpu_2_memory_MB": 10,
  "peak_gpu_3_memory_MB": 6395,
  "training_duration": "00:11:33",
  "training_start_epoch": 0,
  "training_epochs": 15,
  "epoch": 15,
  "training_start_acc": 0.6833493743984601,
  "training_end_acc": 0.7757459095283927,
  "training_span_acc": 0.5274302213666987,
  "training_em": 0.534167468719923,
  "training_f1": 0.8305841201810927,
  "training_loss": 0.9782444481666271,
  "training_cpu_memory_MB": 3867.7,
  "training_gpu_0_memory_MB": 10,
  "training_gpu_1_memory_MB": 10,
  "training_gpu_2_memory_MB": 10,
  "training_gpu_3_memory_MB": 6395,
  "validation_start_acc": 0.26666666666666666,
  "validation_end_acc": 0.24444444444444444,
  "validation_span_acc": 0.13333333333333333,
  "validation_em": 0.23333333333333334,
  "validation_f1": 0.4361512023225306,
  "validation_loss": 8.946776866912842,
  "best_validation_start_acc": 0.24444444444444444,
  "best_validation_end_acc": 0.26666666666666666,
  "best_validation_span_acc": 0.18888888888888888,
  "best_validation_em": 0.28888888888888886,
  "best_validation_f1": 0.4147515415530662,
  "best_validation_loss": 7.017389297485352
}