{
  "best_epoch": 10,
  "peak_cpu_memory_MB": 3621.028,
  "peak_gpu_0_memory_MB": 10787,
  "peak_gpu_1_memory_MB": 4979,
  "peak_gpu_2_memory_MB": 7173,
  "peak_gpu_3_memory_MB": 6755,
  "training_duration": "00:10:16",
  "training_start_epoch": 0,
  "training_epochs": 19,
  "epoch": 19,
  "training_start_acc": 0.998324958123953,
  "training_end_acc": 0.998324958123953,
  "training_span_acc": 0.9966499162479062,
  "training_em": 0.9514237855946399,
  "training_f1": 0.9778490668875464,
  "training_loss": 0.017941658208560272,
  "training_cpu_memory_MB": 3621.028,
  "training_gpu_0_memory_MB": 10787,
  "training_gpu_1_memory_MB": 4979,
  "training_gpu_2_memory_MB": 7173,
  "training_gpu_3_memory_MB": 6755,
  "validation_start_acc": 0.2222222222222222,
  "validation_end_acc": 0.17777777777777778,
  "validation_span_acc": 0.13333333333333333,
  "validation_em": 0.14444444444444443,
  "validation_f1": 0.28868975231740274,
  "validation_loss": 12.874650637308756,
  "best_validation_start_acc": 0.2111111111111111,
  "best_validation_end_acc": 0.18888888888888888,
  "best_validation_span_acc": 0.13333333333333333,
  "best_validation_em": 0.14444444444444443,
  "best_validation_f1": 0.2791863043646524,
  "best_validation_loss": 10.795637766520182
}