{
  "best_epoch": 16,
  "peak_cpu_memory_MB": 3867.7,
  "peak_gpu_0_memory_MB": 10,
  "peak_gpu_1_memory_MB": 10,
  "peak_gpu_2_memory_MB": 10,
  "peak_gpu_3_memory_MB": 6395,
  "training_duration": "00:15:01",
  "training_start_epoch": 0,
  "training_epochs": 19,
  "epoch": 19,
  "training_start_acc": 0.6707431796801505,
  "training_end_acc": 0.7375352775164629,
  "training_span_acc": 0.4816556914393227,
  "training_em": 0.4929444967074318,
  "training_f1": 0.8080201992233286,
  "training_loss": 0.9968499763688045,
  "training_cpu_memory_MB": 3867.7,
  "training_gpu_0_memory_MB": 10,
  "training_gpu_1_memory_MB": 10,
  "training_gpu_2_memory_MB": 10,
  "training_gpu_3_memory_MB": 6395,
  "validation_start_acc": 0.16666666666666666,
  "validation_end_acc": 0.28888888888888886,
  "validation_span_acc": 0.13333333333333333,
  "validation_em": 0.17777777777777778,
  "validation_f1": 0.39160011773596254,
  "validation_loss": 8.791149854660034,
  "best_validation_start_acc": 0.2222222222222222,
  "best_validation_end_acc": 0.3111111111111111,
  "best_validation_span_acc": 0.16666666666666666,
  "best_validation_em": 0.2222222222222222,
  "best_validation_f1": 0.43313179023292114,
  "best_validation_loss": 7.958163261413574
}