{
  "best_epoch": 11,
  "peak_cpu_memory_MB": 3738.64,
  "peak_gpu_0_memory_MB": 10,
  "peak_gpu_1_memory_MB": 10,
  "peak_gpu_2_memory_MB": 10,
  "peak_gpu_3_memory_MB": 6395,
  "training_duration": "00:19:07",
  "training_start_epoch": 0,
  "training_epochs": 19,
  "epoch": 19,
  "training_start_acc": 0.6926375982844889,
  "training_end_acc": 0.7812723373838456,
  "training_span_acc": 0.5310936383130808,
  "training_em": 0.5396711937097927,
  "training_f1": 0.8341160447567159,
  "training_loss": 0.8983512517403472,
  "training_cpu_memory_MB": 3738.64,
  "training_gpu_0_memory_MB": 10,
  "training_gpu_1_memory_MB": 10,
  "training_gpu_2_memory_MB": 10,
  "training_gpu_3_memory_MB": 6395,
  "validation_start_acc": 0.2111111111111111,
  "validation_end_acc": 0.34444444444444444,
  "validation_span_acc": 0.17777777777777778,
  "validation_em": 0.2111111111111111,
  "validation_f1": 0.40863686003343436,
  "validation_loss": 9.119057496388754,
  "best_validation_start_acc": 0.2222222222222222,
  "best_validation_end_acc": 0.3888888888888889,
  "best_validation_span_acc": 0.17777777777777778,
  "best_validation_em": 0.24444444444444444,
  "best_validation_f1": 0.4950209933099992,
  "best_validation_loss": 7.228274901707967
}