{
  "best_epoch": 16,
  "peak_cpu_memory_MB": 2721.744,
  "peak_gpu_0_memory_MB": 10,
  "peak_gpu_1_memory_MB": 10,
  "peak_gpu_2_memory_MB": 10,
  "peak_gpu_3_memory_MB": 4867,
  "training_duration": "00:01:22",
  "training_start_epoch": 0,
  "training_epochs": 19,
  "epoch": 19,
  "training_start_acc": 0.254957507082153,
  "training_end_acc": 0.45325779036827196,
  "training_span_acc": 0.14730878186968838,
  "training_em": 0.16147308781869688,
  "training_f1": 0.46275621715322,
  "training_loss": 4.545161122861116,
  "training_cpu_memory_MB": 2721.744,
  "training_gpu_0_memory_MB": 10,
  "training_gpu_1_memory_MB": 10,
  "training_gpu_2_memory_MB": 10,
  "training_gpu_3_memory_MB": 4867,
  "validation_start_acc": 0.02197802197802198,
  "validation_end_acc": 0.10989010989010989,
  "validation_span_acc": 0.02197802197802198,
  "validation_em": 0.02197802197802198,
  "validation_f1": 0.18685247164931743,
  "validation_loss": 9.674552281697592,
  "best_validation_start_acc": 0.04395604395604396,
  "best_validation_end_acc": 0.10989010989010989,
  "best_validation_span_acc": 0.03296703296703297,
  "best_validation_em": 0.03296703296703297,
  "best_validation_f1": 0.1606077301779156,
  "best_validation_loss": 9.466252009073893
}