{
  "best_epoch": 2,
  "peak_cpu_memory_MB": 3632.992,
  "peak_gpu_0_memory_MB": 10,
  "peak_gpu_1_memory_MB": 10,
  "peak_gpu_2_memory_MB": 10,
  "peak_gpu_3_memory_MB": 5731,
  "training_duration": "00:02:29",
  "training_start_epoch": 0,
  "training_epochs": 11,
  "epoch": 11,
  "training_start_acc": 0.6381909547738693,
  "training_end_acc": 0.5376884422110553,
  "training_span_acc": 0.5226130653266332,
  "training_em": 0.5125628140703518,
  "training_f1": 0.5886524107776249,
  "training_loss": 2.2596690012858462,
  "training_cpu_memory_MB": 3632.992,
  "training_gpu_0_memory_MB": 10,
  "training_gpu_1_memory_MB": 10,
  "training_gpu_2_memory_MB": 10,
  "training_gpu_3_memory_MB": 5731,
  "validation_start_acc": 0.08045977011494253,
  "validation_end_acc": 0.05747126436781609,
  "validation_span_acc": 0.034482758620689655,
  "validation_em": 0.034482758620689655,
  "validation_f1": 0.17239851221117494,
  "validation_loss": 11.600354035695394,
  "best_validation_start_acc": 0.10344827586206896,
  "best_validation_end_acc": 0.09195402298850575,
  "best_validation_span_acc": 0.034482758620689655,
  "best_validation_em": 0.034482758620689655,
  "best_validation_f1": 0.17803484931753208,
  "best_validation_loss": 8.645913283030191
}