{
  "best_epoch": 2,
  "peak_cpu_memory_MB": 3621.028,
  "peak_gpu_0_memory_MB": 10787,
  "peak_gpu_1_memory_MB": 6755,
  "peak_gpu_2_memory_MB": 7173,
  "peak_gpu_3_memory_MB": 6755,
  "training_duration": "00:01:48",
  "training_start_epoch": 0,
  "training_epochs": 11,
  "epoch": 11,
  "training_start_acc": 0.7804878048780488,
  "training_end_acc": 0.7317073170731707,
  "training_span_acc": 0.7073170731707317,
  "training_em": 0.7073170731707317,
  "training_f1": 0.7747812346546336,
  "training_loss": 1.5529621839523315,
  "training_cpu_memory_MB": 3621.028,
  "training_gpu_0_memory_MB": 10787,
  "training_gpu_1_memory_MB": 6755,
  "training_gpu_2_memory_MB": 7173,
  "training_gpu_3_memory_MB": 6755,
  "validation_start_acc": 0.05555555555555555,
  "validation_end_acc": 0.05555555555555555,
  "validation_span_acc": 0.0,
  "validation_em": 0.0,
  "validation_f1": 0.11880574812950702,
  "validation_loss": 10.151215076446533,
  "best_validation_start_acc": 0.044444444444444446,
  "best_validation_end_acc": 0.07777777777777778,
  "best_validation_span_acc": 0.0,
  "best_validation_em": 0.011111111111111112,
  "best_validation_f1": 0.1735231727294512,
  "best_validation_loss": 8.41234540939331
}