{
  "best_epoch": 8,
  "peak_cpu_memory_MB": 3867.7,
  "peak_gpu_0_memory_MB": 10,
  "peak_gpu_1_memory_MB": 10,
  "peak_gpu_2_memory_MB": 10,
  "peak_gpu_3_memory_MB": 6395,
  "training_duration": "00:05:11",
  "training_start_epoch": 0,
  "training_epochs": 17,
  "epoch": 17,
  "training_start_acc": 0.691131498470948,
  "training_end_acc": 0.7889908256880734,
  "training_span_acc": 0.5565749235474006,
  "training_em": 0.5565749235474006,
  "training_f1": 0.8360677683728381,
  "training_loss": 0.9895053803920746,
  "training_cpu_memory_MB": 3867.7,
  "training_gpu_0_memory_MB": 10,
  "training_gpu_1_memory_MB": 10,
  "training_gpu_2_memory_MB": 10,
  "training_gpu_3_memory_MB": 6395,
  "validation_start_acc": 0.07692307692307693,
  "validation_end_acc": 0.1978021978021978,
  "validation_span_acc": 0.02197802197802198,
  "validation_em": 0.06593406593406594,
  "validation_f1": 0.23953193557022415,
  "validation_loss": 10.705824534098307,
  "best_validation_start_acc": 0.10989010989010989,
  "best_validation_end_acc": 0.18681318681318682,
  "best_validation_span_acc": 0.054945054945054944,
  "best_validation_em": 0.0989010989010989,
  "best_validation_f1": 0.26910704247702477,
  "best_validation_loss": 9.92710828781128
}