{
  "best_epoch": 4,
  "peak_cpu_memory_MB": 3877.072,
  "peak_gpu_0_memory_MB": 10,
  "peak_gpu_1_memory_MB": 10,
  "peak_gpu_2_memory_MB": 10,
  "peak_gpu_3_memory_MB": 4237,
  "training_duration": "00:13:10",
  "training_start_epoch": 0,
  "training_epochs": 13,
  "epoch": 13,
  "training_start_acc": 0.6754261363636364,
  "training_end_acc": 0.7443181818181818,
  "training_span_acc": 0.4893465909090909,
  "training_em": 0.4978693181818182,
  "training_f1": 0.808968412146561,
  "training_loss": 1.070079136978496,
  "training_cpu_memory_MB": 3877.072,
  "training_gpu_0_memory_MB": 10,
  "training_gpu_1_memory_MB": 10,
  "training_gpu_2_memory_MB": 10,
  "training_gpu_3_memory_MB": 4237,
  "validation_start_acc": 0.2,
  "validation_end_acc": 0.3333333333333333,
  "validation_span_acc": 0.13333333333333333,
  "validation_em": 0.18888888888888888,
  "validation_f1": 0.3558147934113426,
  "validation_loss": 9.015121698379517,
  "best_validation_start_acc": 0.16666666666666666,
  "best_validation_end_acc": 0.3333333333333333,
  "best_validation_span_acc": 0.16666666666666666,
  "best_validation_em": 0.23333333333333334,
  "best_validation_f1": 0.39545999347047156,
  "best_validation_loss": 6.715435187021892
}