{
  "best_epoch": 4,
  "peak_cpu_memory_MB": 2709.052,
  "peak_gpu_0_memory_MB": 8903,
  "peak_gpu_1_memory_MB": 10,
  "peak_gpu_2_memory_MB": 10,
  "peak_gpu_3_memory_MB": 5009,
  "training_duration": "00:01:26",
  "training_start_epoch": 0,
  "training_epochs": 13,
  "epoch": 13,
  "training_start_acc": 0.23486682808716708,
  "training_end_acc": 0.23728813559322035,
  "training_span_acc": 0.12832929782082325,
  "training_em": 0.1234866828087167,
  "training_f1": 0.25972289540820814,
  "training_loss": 4.328852470104511,
  "training_cpu_memory_MB": 2709.052,
  "training_gpu_0_memory_MB": 8903,
  "training_gpu_1_memory_MB": 10,
  "training_gpu_2_memory_MB": 10,
  "training_gpu_3_memory_MB": 5009,
  "validation_start_acc": 0.031746031746031744,
  "validation_end_acc": 0.047619047619047616,
  "validation_span_acc": 0.0,
  "validation_em": 0.015873015873015872,
  "validation_f1": 0.23038278959005953,
  "validation_loss": 11.462174892425537,
  "best_validation_start_acc": 0.07936507936507936,
  "best_validation_end_acc": 0.047619047619047616,
  "best_validation_span_acc": 0.015873015873015872,
  "best_validation_em": 0.07936507936507936,
  "best_validation_f1": 0.2808453444111815,
  "best_validation_loss": 9.292413592338562
}