{
  "best_epoch": 11,
  "peak_cpu_memory_MB": 2708.152,
  "peak_gpu_0_memory_MB": 8903,
  "peak_gpu_1_memory_MB": 10,
  "peak_gpu_2_memory_MB": 10,
  "peak_gpu_3_memory_MB": 4223,
  "training_duration": "00:02:03",
  "training_start_epoch": 0,
  "training_epochs": 19,
  "epoch": 19,
  "training_start_acc": 0.7890365448504983,
  "training_end_acc": 0.7740863787375415,
  "training_span_acc": 0.7142857142857143,
  "training_em": 0.707641196013289,
  "training_f1": 0.8094863114823396,
  "training_loss": 1.3747291141434719,
  "training_cpu_memory_MB": 2708.152,
  "training_gpu_0_memory_MB": 8903,
  "training_gpu_1_memory_MB": 10,
  "training_gpu_2_memory_MB": 10,
  "training_gpu_3_memory_MB": 4223,
  "validation_start_acc": 0.07692307692307693,
  "validation_end_acc": 0.0989010989010989,
  "validation_span_acc": 0.03296703296703297,
  "validation_em": 0.04395604395604396,
  "validation_f1": 0.22175302078062353,
  "validation_loss": 12.853145758310953,
  "best_validation_start_acc": 0.08791208791208792,
  "best_validation_end_acc": 0.13186813186813187,
  "best_validation_span_acc": 0.06593406593406594,
  "best_validation_em": 0.10989010989010989,
  "best_validation_f1": 0.2479208892541311,
  "best_validation_loss": 9.91121514638265
}