{
  "best_epoch": 3,
  "peak_cpu_memory_MB": 3656.94,
  "peak_gpu_0_memory_MB": 8903,
  "peak_gpu_1_memory_MB": 10,
  "peak_gpu_2_memory_MB": 10,
  "peak_gpu_3_memory_MB": 5731,
  "training_duration": "00:01:42",
  "training_start_epoch": 0,
  "training_epochs": 12,
  "epoch": 12,
  "training_start_acc": 0.5232558139534884,
  "training_end_acc": 0.47674418604651164,
  "training_span_acc": 0.46511627906976744,
  "training_em": 0.4418604651162791,
  "training_f1": 0.5527623758954766,
  "training_loss": 2.542695184548696,
  "training_cpu_memory_MB": 3656.94,
  "training_gpu_0_memory_MB": 8903,
  "training_gpu_1_memory_MB": 10,
  "training_gpu_2_memory_MB": 10,
  "training_gpu_3_memory_MB": 5731,
  "validation_start_acc": 0.04395604395604396,
  "validation_end_acc": 0.04395604395604396,
  "validation_span_acc": 0.01098901098901099,
  "validation_em": 0.01098901098901099,
  "validation_f1": 0.13663249639037964,
  "validation_loss": 12.131434281667074,
  "best_validation_start_acc": 0.04395604395604396,
  "best_validation_end_acc": 0.08791208791208792,
  "best_validation_span_acc": 0.02197802197802198,
  "best_validation_em": 0.02197802197802198,
  "best_validation_f1": 0.15254975001951132,
  "best_validation_loss": 9.394155502319336
}