{
  "best_epoch": 0,
  "peak_cpu_memory_MB": 2652.268,
  "peak_gpu_0_memory_MB": 10787,
  "peak_gpu_1_memory_MB": 10,
  "peak_gpu_2_memory_MB": 10,
  "peak_gpu_3_memory_MB": 5917,
  "training_duration": "00:00:39",
  "training_start_epoch": 0,
  "training_epochs": 9,
  "epoch": 9,
  "training_start_acc": 0.018867924528301886,
  "training_end_acc": 0.07075471698113207,
  "training_span_acc": 0.0,
  "training_em": 0.0,
  "training_f1": 0.12676228016181113,
  "training_loss": 8.945039476667132,
  "training_cpu_memory_MB": 2652.268,
  "training_gpu_0_memory_MB": 10787,
  "training_gpu_1_memory_MB": 10,
  "training_gpu_2_memory_MB": 10,
  "training_gpu_3_memory_MB": 5917,
  "validation_start_acc": 0.0,
  "validation_end_acc": 0.07692307692307693,
  "validation_span_acc": 0.0,
  "validation_em": 0.0,
  "validation_f1": 0.15391687149567684,
  "validation_loss": 8.893787622451782,
  "best_validation_start_acc": 0.02197802197802198,
  "best_validation_end_acc": 0.054945054945054944,
  "best_validation_span_acc": 0.0,
  "best_validation_em": 0.0,
  "best_validation_f1": 0.13902383899411716,
  "best_validation_loss": 9.813740253448486
}