{
  "best_epoch": 10,
  "peak_cpu_memory_MB": 3626.016,
  "peak_gpu_0_memory_MB": 10787,
  "peak_gpu_1_memory_MB": 4979,
  "peak_gpu_2_memory_MB": 7173,
  "peak_gpu_3_memory_MB": 4979,
  "training_duration": "00:10:09",
  "training_start_epoch": 0,
  "training_epochs": 19,
  "epoch": 19,
  "training_start_acc": 0.9950331125827815,
  "training_end_acc": 0.9966887417218543,
  "training_span_acc": 0.9950331125827815,
  "training_em": 0.9470198675496688,
  "training_f1": 0.9769055722093859,
  "training_loss": 0.027744698834507482,
  "training_cpu_memory_MB": 3626.016,
  "training_gpu_0_memory_MB": 10787,
  "training_gpu_1_memory_MB": 4979,
  "training_gpu_2_memory_MB": 7173,
  "training_gpu_3_memory_MB": 4979,
  "validation_start_acc": 0.15555555555555556,
  "validation_end_acc": 0.26666666666666666,
  "validation_span_acc": 0.1111111111111111,
  "validation_em": 0.14444444444444443,
  "validation_f1": 0.34519306477223805,
  "validation_loss": 11.594995816548666,
  "best_validation_start_acc": 0.2,
  "best_validation_end_acc": 0.26666666666666666,
  "best_validation_span_acc": 0.14444444444444443,
  "best_validation_em": 0.2,
  "best_validation_f1": 0.36669103858046775,
  "best_validation_loss": 9.386875629425049
}