{
  "best_epoch": 6,
  "peak_cpu_memory_MB": 2710.964,
  "peak_gpu_0_memory_MB": 10,
  "peak_gpu_1_memory_MB": 10,
  "peak_gpu_2_memory_MB": 10,
  "peak_gpu_3_memory_MB": 4223,
  "training_duration": "00:04:23",
  "training_start_epoch": 0,
  "training_epochs": 15,
  "epoch": 15,
  "training_start_acc": 0.5801581595974119,
  "training_end_acc": 0.7260963335729691,
  "training_span_acc": 0.41552839683680803,
  "training_em": 0.43421998562185476,
  "training_f1": 0.7850271626077548,
  "training_loss": 1.9830566863904053,
  "training_cpu_memory_MB": 2710.964,
  "training_gpu_0_memory_MB": 10,
  "training_gpu_1_memory_MB": 10,
  "training_gpu_2_memory_MB": 10,
  "training_gpu_3_memory_MB": 4223,
  "validation_start_acc": 0.13333333333333333,
  "validation_end_acc": 0.23333333333333334,
  "validation_span_acc": 0.1,
  "validation_em": 0.1111111111111111,
  "validation_f1": 0.33224811527466996,
  "validation_loss": 9.113017876942953,
  "best_validation_start_acc": 0.15555555555555556,
  "best_validation_end_acc": 0.23333333333333334,
  "best_validation_span_acc": 0.12222222222222222,
  "best_validation_em": 0.13333333333333333,
  "best_validation_f1": 0.312666255566574,
  "best_validation_loss": 7.134732564290364
}