{
  "best_epoch": 10,
  "peak_cpu_memory_MB": 3866.676,
  "peak_gpu_0_memory_MB": 10,
  "peak_gpu_1_memory_MB": 10,
  "peak_gpu_2_memory_MB": 10,
  "peak_gpu_3_memory_MB": 4237,
  "training_duration": "00:15:06",
  "training_start_epoch": 0,
  "training_epochs": 19,
  "epoch": 19,
  "training_start_acc": 0.7095238095238096,
  "training_end_acc": 0.7657142857142857,
  "training_span_acc": 0.5295238095238095,
  "training_em": 0.5371428571428571,
  "training_f1": 0.8324565918953649,
  "training_loss": 0.9037226230809183,
  "training_cpu_memory_MB": 3866.676,
  "training_gpu_0_memory_MB": 10,
  "training_gpu_1_memory_MB": 10,
  "training_gpu_2_memory_MB": 10,
  "training_gpu_3_memory_MB": 4237,
  "validation_start_acc": 0.14444444444444443,
  "validation_end_acc": 0.28888888888888886,
  "validation_span_acc": 0.08888888888888889,
  "validation_em": 0.1,
  "validation_f1": 0.2952669606788038,
  "validation_loss": 10.362177530924479,
  "best_validation_start_acc": 0.2111111111111111,
  "best_validation_end_acc": 0.3,
  "best_validation_span_acc": 0.14444444444444443,
  "best_validation_em": 0.14444444444444443,
  "best_validation_f1": 0.3221706544123908,
  "best_validation_loss": 8.22082265218099
}