{
  "best_epoch": 0,
  "peak_cpu_memory_MB": 3632.984,
  "peak_gpu_0_memory_MB": 8903,
  "peak_gpu_1_memory_MB": 10,
  "peak_gpu_2_memory_MB": 10,
  "peak_gpu_3_memory_MB": 4001,
  "training_duration": "00:03:50",
  "training_start_epoch": 0,
  "training_epochs": 9,
  "epoch": 9,
  "training_start_acc": 0.5053304904051172,
  "training_end_acc": 0.39445628997867804,
  "training_span_acc": 0.3624733475479744,
  "training_em": 0.3603411513859275,
  "training_f1": 0.44739680661130315,
  "training_loss": 2.339177731672923,
  "training_cpu_memory_MB": 3632.984,
  "training_gpu_0_memory_MB": 8903,
  "training_gpu_1_memory_MB": 10,
  "training_gpu_2_memory_MB": 10,
  "training_gpu_3_memory_MB": 4001,
  "validation_start_acc": 0.015873015873015872,
  "validation_end_acc": 0.1111111111111111,
  "validation_span_acc": 0.0,
  "validation_em": 0.015873015873015872,
  "validation_f1": 0.2369819841178146,
  "validation_loss": 12.228926420211792,
  "best_validation_start_acc": 0.06349206349206349,
  "best_validation_end_acc": 0.14285714285714285,
  "best_validation_span_acc": 0.0,
  "best_validation_em": 0.06349206349206349,
  "best_validation_f1": 0.34791750046482856,
  "best_validation_loss": 8.20854902267456
}