{
  "best_epoch": 17,
  "peak_cpu_memory_MB": 3626.016,
  "peak_gpu_0_memory_MB": 10787,
  "peak_gpu_1_memory_MB": 6755,
  "peak_gpu_2_memory_MB": 7173,
  "peak_gpu_3_memory_MB": 6755,
  "training_duration": "00:10:51",
  "training_start_epoch": 0,
  "training_epochs": 19,
  "epoch": 19,
  "training_start_acc": 0.9852700490998363,
  "training_end_acc": 0.983633387888707,
  "training_span_acc": 0.9803600654664485,
  "training_em": 0.9459901800327333,
  "training_f1": 0.9740327766545068,
  "training_loss": 0.08233574498444796,
  "training_cpu_memory_MB": 3626.016,
  "training_gpu_0_memory_MB": 10787,
  "training_gpu_1_memory_MB": 6755,
  "training_gpu_2_memory_MB": 7173,
  "training_gpu_3_memory_MB": 6755,
  "validation_start_acc": 0.23333333333333334,
  "validation_end_acc": 0.25555555555555554,
  "validation_span_acc": 0.13333333333333333,
  "validation_em": 0.2111111111111111,
  "validation_f1": 0.46117690074608814,
  "validation_loss": 12.355038166046143,
  "best_validation_start_acc": 0.23333333333333334,
  "best_validation_end_acc": 0.3111111111111111,
  "best_validation_span_acc": 0.17777777777777778,
  "best_validation_em": 0.2222222222222222,
  "best_validation_f1": 0.4271461484406362,
  "best_validation_loss": 12.62369966506958
}