{
  "best_epoch": 12,
  "peak_cpu_memory_MB": 3866.676,
  "peak_gpu_0_memory_MB": 10,
  "peak_gpu_1_memory_MB": 10,
  "peak_gpu_2_memory_MB": 10,
  "peak_gpu_3_memory_MB": 4237,
  "training_duration": "00:19:03",
  "training_start_epoch": 0,
  "training_epochs": 19,
  "epoch": 19,
  "training_start_acc": 0.706821480406386,
  "training_end_acc": 0.7830188679245284,
  "training_span_acc": 0.5442670537010159,
  "training_em": 0.5522496371552975,
  "training_f1": 0.8325983714869379,
  "training_loss": 0.8531427582105001,
  "training_cpu_memory_MB": 3866.676,
  "training_gpu_0_memory_MB": 10,
  "training_gpu_1_memory_MB": 10,
  "training_gpu_2_memory_MB": 10,
  "training_gpu_3_memory_MB": 4237,
  "validation_start_acc": 0.1839080459770115,
  "validation_end_acc": 0.3333333333333333,
  "validation_span_acc": 0.09195402298850575,
  "validation_em": 0.11494252873563218,
  "validation_f1": 0.3544479122871646,
  "validation_loss": 11.713900407155355,
  "best_validation_start_acc": 0.20689655172413793,
  "best_validation_end_acc": 0.3793103448275862,
  "best_validation_span_acc": 0.13793103448275862,
  "best_validation_em": 0.1839080459770115,
  "best_validation_f1": 0.4216885426286691,
  "best_validation_loss": 9.040760517120361
}