{
  "best_epoch": 0,
  "peak_cpu_memory_MB": 4614.648,
  "peak_gpu_0_memory_MB": 10,
  "peak_gpu_1_memory_MB": 10,
  "peak_gpu_2_memory_MB": 4415,
  "peak_gpu_3_memory_MB": 1993,
  "training_duration": "00:00:28",
  "training_start_epoch": 0,
  "training_epochs": 9,
  "epoch": 9,
  "training_start_acc": 0.022058823529411766,
  "training_end_acc": 0.08823529411764706,
  "training_span_acc": 0.0,
  "training_em": 0.0,
  "training_f1": 0.14099277891090803,
  "training_loss": 9.502339469061958,
  "training_cpu_memory_MB": 4614.648,
  "training_gpu_0_memory_MB": 10,
  "training_gpu_1_memory_MB": 10,
  "training_gpu_2_memory_MB": 4415,
  "training_gpu_3_memory_MB": 1993,
  "validation_start_acc": 0.02197802197802198,
  "validation_end_acc": 0.07692307692307693,
  "validation_span_acc": 0.0,
  "validation_em": 0.0,
  "validation_f1": 0.13499415740157064,
  "validation_loss": 9.306954701741537,
  "best_validation_start_acc": 0.02197802197802198,
  "best_validation_end_acc": 0.0,
  "best_validation_span_acc": 0.0,
  "best_validation_em": 0.0,
  "best_validation_f1": 0.1341664497409939,
  "best_validation_loss": 9.666791756947836
}