{
  "best_epoch": 7,
  "peak_cpu_memory_MB": 3853.092,
  "peak_gpu_0_memory_MB": 10787,
  "peak_gpu_1_memory_MB": 6755,
  "peak_gpu_2_memory_MB": 7173,
  "peak_gpu_3_memory_MB": 6755,
  "training_duration": "00:14:15",
  "training_start_epoch": 0,
  "training_epochs": 16,
  "epoch": 16,
  "training_start_acc": 0.6878557874762808,
  "training_end_acc": 0.7438330170777988,
  "training_span_acc": 0.5009487666034156,
  "training_em": 0.5094876660341556,
  "training_f1": 0.8114670233751662,
  "training_loss": 1.0033088768973495,
  "training_cpu_memory_MB": 3853.092,
  "training_gpu_0_memory_MB": 10787,
  "training_gpu_1_memory_MB": 6755,
  "training_gpu_2_memory_MB": 7173,
  "training_gpu_3_memory_MB": 6755,
  "validation_start_acc": 0.13333333333333333,
  "validation_end_acc": 0.25555555555555554,
  "validation_span_acc": 0.07777777777777778,
  "validation_em": 0.07777777777777778,
  "validation_f1": 0.27916217403498494,
  "validation_loss": 9.96066697438558,
  "best_validation_start_acc": 0.2111111111111111,
  "best_validation_end_acc": 0.26666666666666666,
  "best_validation_span_acc": 0.1,
  "best_validation_em": 0.1,
  "best_validation_f1": 0.28649660878194216,
  "best_validation_loss": 8.193582932154337
}