{
  "best_epoch": 9,
  "peak_cpu_memory_MB": 2666.48,
  "peak_gpu_0_memory_MB": 10787,
  "peak_gpu_1_memory_MB": 10,
  "peak_gpu_2_memory_MB": 10,
  "peak_gpu_3_memory_MB": 9802,
  "training_duration": "00:04:57",
  "training_start_epoch": 0,
  "training_epochs": 18,
  "epoch": 18,
  "training_start_acc": 0.9728395061728395,
  "training_end_acc": 0.9728395061728395,
  "training_span_acc": 0.9567901234567902,
  "training_em": 0.9308641975308642,
  "training_f1": 0.9692197103454568,
  "training_loss": 0.19719142751658664,
  "training_cpu_memory_MB": 2666.48,
  "training_gpu_0_memory_MB": 10787,
  "training_gpu_1_memory_MB": 10,
  "training_gpu_2_memory_MB": 10,
  "training_gpu_3_memory_MB": 9802,
  "validation_start_acc": 0.17777777777777778,
  "validation_end_acc": 0.23333333333333334,
  "validation_span_acc": 0.07777777777777778,
  "validation_em": 0.1,
  "validation_f1": 0.30106050159438397,
  "validation_loss": 13.36496353149414,
  "best_validation_start_acc": 0.18888888888888888,
  "best_validation_end_acc": 0.2111111111111111,
  "best_validation_span_acc": 0.08888888888888889,
  "best_validation_em": 0.14444444444444443,
  "best_validation_f1": 0.3572234628429725,
  "best_validation_loss": 9.099328200022379
}