{
  "best_epoch": 3,
  "peak_cpu_memory_MB": 2739.988,
  "peak_gpu_0_memory_MB": 6121,
  "peak_gpu_1_memory_MB": 0,
  "peak_gpu_2_memory_MB": 0,
  "peak_gpu_3_memory_MB": 607,
  "training_duration": "00:01:07",
  "training_start_epoch": 0,
  "training_epochs": 12,
  "epoch": 12,
  "training_start_acc": 0.26732673267326734,
  "training_end_acc": 0.27722772277227725,
  "training_span_acc": 0.16336633663366337,
  "training_em": 0.16336633663366337,
  "training_f1": 0.2696453177675868,
  "training_loss": 4.085356767360981,
  "training_cpu_memory_MB": 2739.988,
  "training_gpu_0_memory_MB": 6121,
  "training_gpu_1_memory_MB": 0,
  "training_gpu_2_memory_MB": 0,
  "training_gpu_3_memory_MB": 607,
  "validation_start_acc": 0.05555555555555555,
  "validation_end_acc": 0.06666666666666667,
  "validation_span_acc": 0.011111111111111112,
  "validation_em": 0.011111111111111112,
  "validation_f1": 0.14784626694924718,
  "validation_loss": 11.809624989827475,
  "best_validation_start_acc": 0.03333333333333333,
  "best_validation_end_acc": 0.07777777777777778,
  "best_validation_span_acc": 0.022222222222222223,
  "best_validation_em": 0.022222222222222223,
  "best_validation_f1": 0.12824740482695832,
  "best_validation_loss": 8.64419412612915
}