{
  "best_epoch": 8,
  "peak_cpu_memory_MB": 2708.152,
  "peak_gpu_0_memory_MB": 8903,
  "peak_gpu_1_memory_MB": 10,
  "peak_gpu_2_memory_MB": 10,
  "peak_gpu_3_memory_MB": 6195,
  "training_duration": "00:00:51",
  "training_start_epoch": 0,
  "training_epochs": 17,
  "epoch": 17,
  "training_start_acc": 0.37320574162679426,
  "training_end_acc": 0.3684210526315789,
  "training_span_acc": 0.21052631578947367,
  "training_em": 0.23444976076555024,
  "training_f1": 0.3898880298850649,
  "training_loss": 3.0700248309544156,
  "training_cpu_memory_MB": 2708.152,
  "training_gpu_0_memory_MB": 8903,
  "training_gpu_1_memory_MB": 10,
  "training_gpu_2_memory_MB": 10,
  "training_gpu_3_memory_MB": 6195,
  "validation_start_acc": 0.011111111111111112,
  "validation_end_acc": 0.08888888888888889,
  "validation_span_acc": 0.0,
  "validation_em": 0.011111111111111112,
  "validation_f1": 0.14439333967746082,
  "validation_loss": 12.588157971700033,
  "best_validation_start_acc": 0.03333333333333333,
  "best_validation_end_acc": 0.06666666666666667,
  "best_validation_span_acc": 0.022222222222222223,
  "best_validation_em": 0.03333333333333333,
  "best_validation_f1": 0.14476418120725845,
  "best_validation_loss": 10.37141211827596
}