{
  "best_epoch": 19,
  "peak_cpu_memory_MB": 2666.48,
  "peak_gpu_0_memory_MB": 10787,
  "peak_gpu_1_memory_MB": 10,
  "peak_gpu_2_memory_MB": 10,
  "peak_gpu_3_memory_MB": 8858,
  "training_duration": "00:05:37",
  "training_start_epoch": 0,
  "training_epochs": 19,
  "epoch": 19,
  "training_start_acc": 0.9271604938271605,
  "training_end_acc": 0.9592592592592593,
  "training_span_acc": 0.908641975308642,
  "training_em": 0.891358024691358,
  "training_f1": 0.954452394019867,
  "training_loss": 0.3803739245323574,
  "training_cpu_memory_MB": 2666.48,
  "training_gpu_0_memory_MB": 10787,
  "training_gpu_1_memory_MB": 10,
  "training_gpu_2_memory_MB": 10,
  "training_gpu_3_memory_MB": 8858,
  "validation_start_acc": 0.13333333333333333,
  "validation_end_acc": 0.18888888888888888,
  "validation_span_acc": 0.06666666666666667,
  "validation_em": 0.1,
  "validation_f1": 0.27869663029193653,
  "validation_loss": 14.450562318166098,
  "best_validation_start_acc": 0.13333333333333333,
  "best_validation_end_acc": 0.18888888888888888,
  "best_validation_span_acc": 0.06666666666666667,
  "best_validation_em": 0.1,
  "best_validation_f1": 0.27869663029193653,
  "best_validation_loss": 14.450562318166098
}