{
  "best_epoch": 8,
  "peak_cpu_memory_MB": 3656.296,
  "peak_gpu_0_memory_MB": 10,
  "peak_gpu_1_memory_MB": 10,
  "peak_gpu_2_memory_MB": 10,
  "peak_gpu_3_memory_MB": 5705,
  "training_duration": "00:09:01",
  "training_start_epoch": 0,
  "training_epochs": 17,
  "epoch": 17,
  "training_start_acc": 0.9926470588235294,
  "training_end_acc": 0.9877450980392157,
  "training_span_acc": 0.9852941176470589,
  "training_em": 0.9485294117647058,
  "training_f1": 0.9792663504400351,
  "training_loss": 0.06295019861024159,
  "training_cpu_memory_MB": 3656.296,
  "training_gpu_0_memory_MB": 10,
  "training_gpu_1_memory_MB": 10,
  "training_gpu_2_memory_MB": 10,
  "training_gpu_3_memory_MB": 5705,
  "validation_start_acc": 0.16483516483516483,
  "validation_end_acc": 0.15384615384615385,
  "validation_span_acc": 0.07692307692307693,
  "validation_em": 0.07692307692307693,
  "validation_f1": 0.2362759888108301,
  "validation_loss": 12.638984521230062,
  "best_validation_start_acc": 0.12087912087912088,
  "best_validation_end_acc": 0.1978021978021978,
  "best_validation_span_acc": 0.0989010989010989,
  "best_validation_em": 0.0989010989010989,
  "best_validation_f1": 0.2406157452666951,
  "best_validation_loss": 10.222652117411295
}