{
  "best_epoch": 5,
  "peak_cpu_memory_MB": 3879.86,
  "peak_gpu_0_memory_MB": 10,
  "peak_gpu_1_memory_MB": 10,
  "peak_gpu_2_memory_MB": 10,
  "peak_gpu_3_memory_MB": 4237,
  "training_duration": "00:07:16",
  "training_start_epoch": 0,
  "training_epochs": 14,
  "epoch": 14,
  "training_start_acc": 0.6875,
  "training_end_acc": 0.7659883720930233,
  "training_span_acc": 0.5247093023255814,
  "training_em": 0.5334302325581395,
  "training_f1": 0.8255667550411553,
  "training_loss": 1.0661761150803677,
  "training_cpu_memory_MB": 3879.86,
  "training_gpu_0_memory_MB": 10,
  "training_gpu_1_memory_MB": 10,
  "training_gpu_2_memory_MB": 10,
  "training_gpu_3_memory_MB": 4237,
  "validation_start_acc": 0.14444444444444443,
  "validation_end_acc": 0.13333333333333333,
  "validation_span_acc": 0.044444444444444446,
  "validation_em": 0.08888888888888889,
  "validation_f1": 0.295807908975716,
  "validation_loss": 10.458158175150553,
  "best_validation_start_acc": 0.15555555555555556,
  "best_validation_end_acc": 0.13333333333333333,
  "best_validation_span_acc": 0.07777777777777778,
  "best_validation_em": 0.12222222222222222,
  "best_validation_f1": 0.28954723363427454,
  "best_validation_loss": 8.09862724939982
}