{
  "best_epoch": 1,
  "peak_cpu_memory_MB": 3632.992,
  "peak_gpu_0_memory_MB": 10,
  "peak_gpu_1_memory_MB": 10,
  "peak_gpu_2_memory_MB": 10,
  "peak_gpu_3_memory_MB": 5739,
  "training_duration": "00:00:25",
  "training_start_epoch": 0,
  "training_epochs": 10,
  "epoch": 10,
  "training_start_acc": 0.20202020202020202,
  "training_end_acc": 0.25757575757575757,
  "training_span_acc": 0.13636363636363635,
  "training_em": 0.13636363636363635,
  "training_f1": 0.24890911291083367,
  "training_loss": 4.625142427591177,
  "training_cpu_memory_MB": 3632.992,
  "training_gpu_0_memory_MB": 10,
  "training_gpu_1_memory_MB": 10,
  "training_gpu_2_memory_MB": 10,
  "training_gpu_3_memory_MB": 5739,
  "validation_start_acc": 0.06666666666666667,
  "validation_end_acc": 0.044444444444444446,
  "validation_span_acc": 0.0,
  "validation_em": 0.0,
  "validation_f1": 0.08128735102785274,
  "validation_loss": 10.395883719126383,
  "best_validation_start_acc": 0.03333333333333333,
  "best_validation_end_acc": 0.1,
  "best_validation_span_acc": 0.03333333333333333,
  "best_validation_em": 0.03333333333333333,
  "best_validation_f1": 0.0915075616900023,
  "best_validation_loss": 8.87188720703125
}