{
  "best_epoch": 6,
  "peak_cpu_memory_MB": 2618.208,
  "peak_gpu_0_memory_MB": 10787,
  "peak_gpu_1_memory_MB": 10,
  "peak_gpu_2_memory_MB": 10,
  "peak_gpu_3_memory_MB": 5265,
  "training_duration": "00:03:15",
  "training_start_epoch": 0,
  "training_epochs": 15,
  "epoch": 15,
  "training_start_acc": 0.04691358024691358,
  "training_end_acc": 0.10493827160493827,
  "training_span_acc": 0.009876543209876543,
  "training_em": 0.012345679012345678,
  "training_f1": 0.15696038188869282,
  "training_loss": 7.920642460093779,
  "training_cpu_memory_MB": 2618.208,
  "training_gpu_0_memory_MB": 10787,
  "training_gpu_1_memory_MB": 10,
  "training_gpu_2_memory_MB": 10,
  "training_gpu_3_memory_MB": 5265,
  "validation_start_acc": 0.044444444444444446,
  "validation_end_acc": 0.07777777777777778,
  "validation_span_acc": 0.011111111111111112,
  "validation_em": 0.011111111111111112,
  "validation_f1": 0.17968898178963116,
  "validation_loss": 8.503891150156656,
  "best_validation_start_acc": 0.05555555555555555,
  "best_validation_end_acc": 0.07777777777777778,
  "best_validation_span_acc": 0.022222222222222223,
  "best_validation_em": 0.03333333333333333,
  "best_validation_f1": 0.17548750266305033,
  "best_validation_loss": 8.768884102503458
}