{
  "best_epoch": 1,
  "peak_cpu_memory_MB": 2739.988,
  "peak_gpu_0_memory_MB": 6121,
  "peak_gpu_1_memory_MB": 0,
  "peak_gpu_2_memory_MB": 0,
  "peak_gpu_3_memory_MB": 607,
  "training_duration": "00:01:59",
  "training_start_epoch": 0,
  "training_epochs": 10,
  "epoch": 10,
  "training_start_acc": 0.23745819397993312,
  "training_end_acc": 0.28595317725752506,
  "training_span_acc": 0.14715719063545152,
  "training_em": 0.15384615384615385,
  "training_f1": 0.26990910929384404,
  "training_loss": 4.186194859052959,
  "training_cpu_memory_MB": 2739.988,
  "training_gpu_0_memory_MB": 6121,
  "training_gpu_1_memory_MB": 0,
  "training_gpu_2_memory_MB": 0,
  "training_gpu_3_memory_MB": 607,
  "validation_start_acc": 0.022222222222222223,
  "validation_end_acc": 0.07777777777777778,
  "validation_span_acc": 0.0,
  "validation_em": 0.0,
  "validation_f1": 0.11054540643187154,
  "validation_loss": 11.039286613464355,
  "best_validation_start_acc": 0.03333333333333333,
  "best_validation_end_acc": 0.07777777777777778,
  "best_validation_span_acc": 0.011111111111111112,
  "best_validation_em": 0.011111111111111112,
  "best_validation_f1": 0.11253601457557796,
  "best_validation_loss": 8.334699630737305
}