{
  "best_epoch": 12,
  "peak_cpu_memory_MB": 3621.028,
  "peak_gpu_0_memory_MB": 10787,
  "peak_gpu_1_memory_MB": 4159,
  "peak_gpu_2_memory_MB": 7173,
  "peak_gpu_3_memory_MB": 4159,
  "training_duration": "00:13:01",
  "training_start_epoch": 0,
  "training_epochs": 19,
  "epoch": 19,
  "training_start_acc": 0.9950617283950617,
  "training_end_acc": 0.9975308641975309,
  "training_span_acc": 0.9938271604938271,
  "training_em": 0.9567901234567902,
  "training_f1": 0.9812183586726321,
  "training_loss": 0.028943504946415916,
  "training_cpu_memory_MB": 3621.028,
  "training_gpu_0_memory_MB": 10787,
  "training_gpu_1_memory_MB": 4159,
  "training_gpu_2_memory_MB": 7173,
  "training_gpu_3_memory_MB": 4159,
  "validation_start_acc": 0.2111111111111111,
  "validation_end_acc": 0.3,
  "validation_span_acc": 0.12222222222222222,
  "validation_em": 0.12222222222222222,
  "validation_f1": 0.36062011110365233,
  "validation_loss": 12.077165126800537,
  "best_validation_start_acc": 0.26666666666666666,
  "best_validation_end_acc": 0.3333333333333333,
  "best_validation_span_acc": 0.16666666666666666,
  "best_validation_em": 0.16666666666666666,
  "best_validation_f1": 0.40214355919179534,
  "best_validation_loss": 10.118136405944824
}