{
  "best_epoch": 10,
  "peak_cpu_memory_MB": 2721.744,
  "peak_gpu_0_memory_MB": 10,
  "peak_gpu_1_memory_MB": 10,
  "peak_gpu_2_memory_MB": 10,
  "peak_gpu_3_memory_MB": 4867,
  "training_duration": "00:02:37",
  "training_start_epoch": 0,
  "training_epochs": 19,
  "epoch": 19,
  "training_start_acc": 0.5521739130434783,
  "training_end_acc": 0.7579710144927536,
  "training_span_acc": 0.4144927536231884,
  "training_em": 0.427536231884058,
  "training_f1": 0.7867954463178843,
  "training_loss": 1.9708611314946956,
  "training_cpu_memory_MB": 2721.744,
  "training_gpu_0_memory_MB": 10,
  "training_gpu_1_memory_MB": 10,
  "training_gpu_2_memory_MB": 10,
  "training_gpu_3_memory_MB": 4867,
  "validation_start_acc": 0.08888888888888889,
  "validation_end_acc": 0.2111111111111111,
  "validation_span_acc": 0.044444444444444446,
  "validation_em": 0.07777777777777778,
  "validation_f1": 0.296617954111791,
  "validation_loss": 10.459269205729166,
  "best_validation_start_acc": 0.08888888888888889,
  "best_validation_end_acc": 0.2222222222222222,
  "best_validation_span_acc": 0.06666666666666667,
  "best_validation_em": 0.08888888888888889,
  "best_validation_f1": 0.3017889888619744,
  "best_validation_loss": 8.271460374196371
}