{
  "best_epoch": 15,
  "peak_cpu_memory_MB": 3876.204,
  "peak_gpu_0_memory_MB": 10,
  "peak_gpu_1_memory_MB": 10,
  "peak_gpu_2_memory_MB": 10,
  "peak_gpu_3_memory_MB": 6395,
  "training_duration": "00:23:58",
  "training_start_epoch": 0,
  "training_epochs": 19,
  "epoch": 19,
  "training_start_acc": 0.7009345794392523,
  "training_end_acc": 0.7706685837526959,
  "training_span_acc": 0.5298346513299784,
  "training_em": 0.5370237239396118,
  "training_f1": 0.8252632809658225,
  "training_loss": 0.9027105895267136,
  "training_cpu_memory_MB": 3876.204,
  "training_gpu_0_memory_MB": 10,
  "training_gpu_1_memory_MB": 10,
  "training_gpu_2_memory_MB": 10,
  "training_gpu_3_memory_MB": 6395,
  "validation_start_acc": 0.2111111111111111,
  "validation_end_acc": 0.32222222222222224,
  "validation_span_acc": 0.12222222222222222,
  "validation_em": 0.16666666666666666,
  "validation_f1": 0.37153842490663874,
  "validation_loss": 8.696474234263102,
  "best_validation_start_acc": 0.28888888888888886,
  "best_validation_end_acc": 0.34444444444444444,
  "best_validation_span_acc": 0.18888888888888888,
  "best_validation_em": 0.26666666666666666,
  "best_validation_f1": 0.46073860147725654,
  "best_validation_loss": 7.505488316218059
}