{
  "best_epoch": 0,
  "peak_cpu_memory_MB": 2652.268,
  "peak_gpu_0_memory_MB": 10787,
  "peak_gpu_1_memory_MB": 10,
  "peak_gpu_2_memory_MB": 10,
  "peak_gpu_3_memory_MB": 5917,
  "training_duration": "00:00:38",
  "training_start_epoch": 0,
  "training_epochs": 9,
  "epoch": 9,
  "training_start_acc": 0.019704433497536946,
  "training_end_acc": 0.04433497536945813,
  "training_span_acc": 0.0049261083743842365,
  "training_em": 0.0049261083743842365,
  "training_f1": 0.13203239880263953,
  "training_loss": 9.11068923656757,
  "training_cpu_memory_MB": 2652.268,
  "training_gpu_0_memory_MB": 10787,
  "training_gpu_1_memory_MB": 10,
  "training_gpu_2_memory_MB": 10,
  "training_gpu_3_memory_MB": 5917,
  "validation_start_acc": 0.01098901098901099,
  "validation_end_acc": 0.07692307692307693,
  "validation_span_acc": 0.0,
  "validation_em": 0.0,
  "validation_f1": 0.14014519675155546,
  "validation_loss": 8.940954208374023,
  "best_validation_start_acc": 0.02197802197802198,
  "best_validation_end_acc": 0.0,
  "best_validation_span_acc": 0.0,
  "best_validation_em": 0.0,
  "best_validation_f1": 0.1341664497409939,
  "best_validation_loss": 9.664161841074625
}