{
  "best_epoch": 16,
  "peak_cpu_memory_MB": 3879.86,
  "peak_gpu_0_memory_MB": 10,
  "peak_gpu_1_memory_MB": 10,
  "peak_gpu_2_memory_MB": 10,
  "peak_gpu_3_memory_MB": 4237,
  "training_duration": "00:05:42",
  "training_start_epoch": 0,
  "training_epochs": 19,
  "epoch": 19,
  "training_start_acc": 0.7033639143730887,
  "training_end_acc": 0.7981651376146789,
  "training_span_acc": 0.5657492354740061,
  "training_em": 0.5657492354740061,
  "training_f1": 0.8369367513471001,
  "training_loss": 0.9479878303550539,
  "training_cpu_memory_MB": 3879.86,
  "training_gpu_0_memory_MB": 10,
  "training_gpu_1_memory_MB": 10,
  "training_gpu_2_memory_MB": 10,
  "training_gpu_3_memory_MB": 4237,
  "validation_start_acc": 0.08791208791208792,
  "validation_end_acc": 0.16483516483516483,
  "validation_span_acc": 0.04395604395604396,
  "validation_em": 0.07692307692307693,
  "validation_f1": 0.2542242476812568,
  "validation_loss": 10.546463966369629,
  "best_validation_start_acc": 0.06593406593406594,
  "best_validation_end_acc": 0.17582417582417584,
  "best_validation_span_acc": 0.04395604395604396,
  "best_validation_em": 0.07692307692307693,
  "best_validation_f1": 0.24664702953597073,
  "best_validation_loss": 11.07938289642334
}