{
  "best_epoch": 7,
  "peak_cpu_memory_MB": 3867.7,
  "peak_gpu_0_memory_MB": 10,
  "peak_gpu_1_memory_MB": 10,
  "peak_gpu_2_memory_MB": 10,
  "peak_gpu_3_memory_MB": 6395,
  "training_duration": "00:05:15",
  "training_start_epoch": 0,
  "training_epochs": 16,
  "epoch": 16,
  "training_start_acc": 0.6565934065934066,
  "training_end_acc": 0.7637362637362637,
  "training_span_acc": 0.49725274725274726,
  "training_em": 0.5,
  "training_f1": 0.8143019941023999,
  "training_loss": 1.0601988020150557,
  "training_cpu_memory_MB": 3867.7,
  "training_gpu_0_memory_MB": 10,
  "training_gpu_1_memory_MB": 10,
  "training_gpu_2_memory_MB": 10,
  "training_gpu_3_memory_MB": 6395,
  "validation_start_acc": 0.07777777777777778,
  "validation_end_acc": 0.15555555555555556,
  "validation_span_acc": 0.03333333333333333,
  "validation_em": 0.05555555555555555,
  "validation_f1": 0.27132192794952,
  "validation_loss": 10.15725596745809,
  "best_validation_start_acc": 0.06666666666666667,
  "best_validation_end_acc": 0.2,
  "best_validation_span_acc": 0.044444444444444446,
  "best_validation_em": 0.06666666666666667,
  "best_validation_f1": 0.27646743111526634,
  "best_validation_loss": 8.663960297902426
}