{
  "best_epoch": 14,
  "peak_cpu_memory_MB": 3867.7,
  "peak_gpu_0_memory_MB": 10,
  "peak_gpu_1_memory_MB": 10,
  "peak_gpu_2_memory_MB": 10,
  "peak_gpu_3_memory_MB": 6395,
  "training_duration": "00:05:29",
  "training_start_epoch": 0,
  "training_epochs": 19,
  "epoch": 19,
  "training_start_acc": 0.6975308641975309,
  "training_end_acc": 0.8209876543209876,
  "training_span_acc": 0.5648148148148148,
  "training_em": 0.5771604938271605,
  "training_f1": 0.841092939845977,
  "training_loss": 0.9621928788366771,
  "training_cpu_memory_MB": 3867.7,
  "training_gpu_0_memory_MB": 10,
  "training_gpu_1_memory_MB": 10,
  "training_gpu_2_memory_MB": 10,
  "training_gpu_3_memory_MB": 6395,
  "validation_start_acc": 0.14444444444444443,
  "validation_end_acc": 0.17777777777777778,
  "validation_span_acc": 0.07777777777777778,
  "validation_em": 0.12222222222222222,
  "validation_f1": 0.271240814958233,
  "validation_loss": 10.671093066533407,
  "best_validation_start_acc": 0.13333333333333333,
  "best_validation_end_acc": 0.17777777777777778,
  "best_validation_span_acc": 0.06666666666666667,
  "best_validation_em": 0.13333333333333333,
  "best_validation_f1": 0.28327686865832474,
  "best_validation_loss": 10.233037630716959
}