{
  "best_epoch": 11,
  "peak_cpu_memory_MB": 3656.02,
  "peak_gpu_0_memory_MB": 10,
  "peak_gpu_1_memory_MB": 10,
  "peak_gpu_2_memory_MB": 10,
  "peak_gpu_3_memory_MB": 4761,
  "training_duration": "00:11:51",
  "training_start_epoch": 0,
  "training_epochs": 19,
  "epoch": 19,
  "training_start_acc": 0.9888888888888889,
  "training_end_acc": 0.9888888888888889,
  "training_span_acc": 0.9839506172839506,
  "training_em": 0.9432098765432099,
  "training_f1": 0.9747114812659047,
  "training_loss": 0.05926559624426505,
  "training_cpu_memory_MB": 3656.02,
  "training_gpu_0_memory_MB": 10,
  "training_gpu_1_memory_MB": 10,
  "training_gpu_2_memory_MB": 10,
  "training_gpu_3_memory_MB": 4761,
  "validation_start_acc": 0.15555555555555556,
  "validation_end_acc": 0.17777777777777778,
  "validation_span_acc": 0.1,
  "validation_em": 0.1111111111111111,
  "validation_f1": 0.2461057693581295,
  "validation_loss": 13.620608806610107,
  "best_validation_start_acc": 0.17777777777777778,
  "best_validation_end_acc": 0.2,
  "best_validation_span_acc": 0.12222222222222222,
  "best_validation_em": 0.14444444444444443,
  "best_validation_f1": 0.2799160472575677,
  "best_validation_loss": 10.451110204060873
}