{
  "best_epoch": 3,
  "peak_cpu_memory_MB": 3856.236,
  "peak_gpu_0_memory_MB": 10,
  "peak_gpu_1_memory_MB": 10,
  "peak_gpu_2_memory_MB": 10,
  "peak_gpu_3_memory_MB": 4237,
  "training_duration": "00:05:00",
  "training_start_epoch": 0,
  "training_epochs": 12,
  "epoch": 12,
  "training_start_acc": 0.6833855799373041,
  "training_end_acc": 0.7398119122257053,
  "training_span_acc": 0.5047021943573667,
  "training_em": 0.5235109717868338,
  "training_f1": 0.8095099103153856,
  "training_loss": 1.221370878815651,
  "training_cpu_memory_MB": 3856.236,
  "training_gpu_0_memory_MB": 10,
  "training_gpu_1_memory_MB": 10,
  "training_gpu_2_memory_MB": 10,
  "training_gpu_3_memory_MB": 4237,
  "validation_start_acc": 0.07777777777777778,
  "validation_end_acc": 0.1111111111111111,
  "validation_span_acc": 0.022222222222222223,
  "validation_em": 0.05555555555555555,
  "validation_f1": 0.22881805271709668,
  "validation_loss": 10.227591753005981,
  "best_validation_start_acc": 0.08888888888888889,
  "best_validation_end_acc": 0.1111111111111111,
  "best_validation_span_acc": 0.03333333333333333,
  "best_validation_em": 0.06666666666666667,
  "best_validation_f1": 0.21669706201486724,
  "best_validation_loss": 8.264341672261557
}