{
  "best_epoch": 8,
  "peak_cpu_memory_MB": 3866.676,
  "peak_gpu_0_memory_MB": 10,
  "peak_gpu_1_memory_MB": 10,
  "peak_gpu_2_memory_MB": 10,
  "peak_gpu_3_memory_MB": 4237,
  "training_duration": "00:09:05",
  "training_start_epoch": 0,
  "training_epochs": 17,
  "epoch": 17,
  "training_start_acc": 0.6715116279069767,
  "training_end_acc": 0.7587209302325582,
  "training_span_acc": 0.501453488372093,
  "training_em": 0.5101744186046512,
  "training_f1": 0.8172604810925138,
  "training_loss": 1.0407724830993386,
  "training_cpu_memory_MB": 3866.676,
  "training_gpu_0_memory_MB": 10,
  "training_gpu_1_memory_MB": 10,
  "training_gpu_2_memory_MB": 10,
  "training_gpu_3_memory_MB": 4237,
  "validation_start_acc": 0.13333333333333333,
  "validation_end_acc": 0.13333333333333333,
  "validation_span_acc": 0.022222222222222223,
  "validation_em": 0.03333333333333333,
  "validation_f1": 0.2323503803385541,
  "validation_loss": 10.601508776346842,
  "best_validation_start_acc": 0.14444444444444443,
  "best_validation_end_acc": 0.13333333333333333,
  "best_validation_span_acc": 0.05555555555555555,
  "best_validation_em": 0.05555555555555555,
  "best_validation_f1": 0.2596456246170061,
  "best_validation_loss": 8.77339235941569
}