{
  "best_epoch": 3,
  "peak_cpu_memory_MB": 3879.86,
  "peak_gpu_0_memory_MB": 10,
  "peak_gpu_1_memory_MB": 10,
  "peak_gpu_2_memory_MB": 10,
  "peak_gpu_3_memory_MB": 4237,
  "training_duration": "00:09:38",
  "training_start_epoch": 0,
  "training_epochs": 12,
  "epoch": 12,
  "training_start_acc": 0.6914285714285714,
  "training_end_acc": 0.7380952380952381,
  "training_span_acc": 0.5057142857142857,
  "training_em": 0.5171428571428571,
  "training_f1": 0.8164953449593716,
  "training_loss": 1.0979291751529232,
  "training_cpu_memory_MB": 3879.86,
  "training_gpu_0_memory_MB": 10,
  "training_gpu_1_memory_MB": 10,
  "training_gpu_2_memory_MB": 10,
  "training_gpu_3_memory_MB": 4237,
  "validation_start_acc": 0.17777777777777778,
  "validation_end_acc": 0.3111111111111111,
  "validation_span_acc": 0.12222222222222222,
  "validation_em": 0.14444444444444443,
  "validation_f1": 0.3656183321309603,
  "validation_loss": 8.46966322263082,
  "best_validation_start_acc": 0.2,
  "best_validation_end_acc": 0.26666666666666666,
  "best_validation_span_acc": 0.1111111111111111,
  "best_validation_em": 0.17777777777777778,
  "best_validation_f1": 0.36355861855249644,
  "best_validation_loss": 6.544246117273967
}