{
  "best_epoch": 9,
  "peak_cpu_memory_MB": 3877.072,
  "peak_gpu_0_memory_MB": 10,
  "peak_gpu_1_memory_MB": 10,
  "peak_gpu_2_memory_MB": 10,
  "peak_gpu_3_memory_MB": 4237,
  "training_duration": "00:17:54",
  "training_start_epoch": 0,
  "training_epochs": 18,
  "epoch": 18,
  "training_start_acc": 0.692144373673036,
  "training_end_acc": 0.7565463552724699,
  "training_span_acc": 0.5074309978768577,
  "training_em": 0.5159235668789809,
  "training_f1": 0.8247378179224873,
  "training_loss": 0.9312723098176249,
  "training_cpu_memory_MB": 3877.072,
  "training_gpu_0_memory_MB": 10,
  "training_gpu_1_memory_MB": 10,
  "training_gpu_2_memory_MB": 10,
  "training_gpu_3_memory_MB": 4237,
  "validation_start_acc": 0.15384615384615385,
  "validation_end_acc": 0.24175824175824176,
  "validation_span_acc": 0.08791208791208792,
  "validation_em": 0.16483516483516483,
  "validation_f1": 0.36343914825772883,
  "validation_loss": 9.959449529647827,
  "best_validation_start_acc": 0.18681318681318682,
  "best_validation_end_acc": 0.2857142857142857,
  "best_validation_span_acc": 0.15384615384615385,
  "best_validation_em": 0.2087912087912088,
  "best_validation_f1": 0.3748075335395136,
  "best_validation_loss": 8.336650848388672
}