{
  "best_epoch": 7,
  "peak_cpu_memory_MB": 3632.992,
  "peak_gpu_0_memory_MB": 10,
  "peak_gpu_1_memory_MB": 10,
  "peak_gpu_2_memory_MB": 10,
  "peak_gpu_3_memory_MB": 5731,
  "training_duration": "00:07:59",
  "training_start_epoch": 0,
  "training_epochs": 16,
  "epoch": 16,
  "training_start_acc": 0.9816666666666667,
  "training_end_acc": 0.9883333333333333,
  "training_span_acc": 0.975,
  "training_em": 0.94,
  "training_f1": 0.9697548411478539,
  "training_loss": 0.10261528439035542,
  "training_cpu_memory_MB": 3632.992,
  "training_gpu_0_memory_MB": 10,
  "training_gpu_1_memory_MB": 10,
  "training_gpu_2_memory_MB": 10,
  "training_gpu_3_memory_MB": 5731,
  "validation_start_acc": 0.11494252873563218,
  "validation_end_acc": 0.22988505747126436,
  "validation_span_acc": 0.08045977011494253,
  "validation_em": 0.08045977011494253,
  "validation_f1": 0.300396254172117,
  "validation_loss": 13.0791015625,
  "best_validation_start_acc": 0.12643678160919541,
  "best_validation_end_acc": 0.21839080459770116,
  "best_validation_span_acc": 0.09195402298850575,
  "best_validation_em": 0.10344827586206896,
  "best_validation_f1": 0.2602667755614981,
  "best_validation_loss": 10.391017436981201
}