{
  "best_epoch": 13,
  "peak_cpu_memory_MB": 2708.152,
  "peak_gpu_0_memory_MB": 8903,
  "peak_gpu_1_memory_MB": 10,
  "peak_gpu_2_memory_MB": 10,
  "peak_gpu_3_memory_MB": 4223,
  "training_duration": "00:02:09",
  "training_start_epoch": 0,
  "training_epochs": 19,
  "epoch": 19,
  "training_start_acc": 0.8136439267886856,
  "training_end_acc": 0.8635607321131448,
  "training_span_acc": 0.7637271214642263,
  "training_em": 0.778702163061564,
  "training_f1": 0.8826352158511898,
  "training_loss": 1.1093550842059285,
  "training_cpu_memory_MB": 2708.152,
  "training_gpu_0_memory_MB": 8903,
  "training_gpu_1_memory_MB": 10,
  "training_gpu_2_memory_MB": 10,
  "training_gpu_3_memory_MB": 4223,
  "validation_start_acc": 0.07692307692307693,
  "validation_end_acc": 0.16483516483516483,
  "validation_span_acc": 0.06593406593406594,
  "validation_em": 0.06593406593406594,
  "validation_f1": 0.24448862704962337,
  "validation_loss": 13.03955332438151,
  "best_validation_start_acc": 0.0989010989010989,
  "best_validation_end_acc": 0.12087912087912088,
  "best_validation_span_acc": 0.06593406593406594,
  "best_validation_em": 0.07692307692307693,
  "best_validation_f1": 0.25796912872588584,
  "best_validation_loss": 11.134178002675375
}