{
  "best_epoch": 0,
  "peak_cpu_memory_MB": 4614.648,
  "peak_gpu_0_memory_MB": 10,
  "peak_gpu_1_memory_MB": 10,
  "peak_gpu_2_memory_MB": 4415,
  "peak_gpu_3_memory_MB": 1993,
  "training_duration": "00:00:32",
  "training_start_epoch": 0,
  "training_epochs": 9,
  "epoch": 9,
  "training_start_acc": 0.026845637583892617,
  "training_end_acc": 0.0738255033557047,
  "training_span_acc": 0.0,
  "training_em": 0.0,
  "training_f1": 0.14511404686974128,
  "training_loss": 9.335236549377441,
  "training_cpu_memory_MB": 4614.648,
  "training_gpu_0_memory_MB": 10,
  "training_gpu_1_memory_MB": 10,
  "training_gpu_2_memory_MB": 4415,
  "training_gpu_3_memory_MB": 1993,
  "validation_start_acc": 0.022222222222222223,
  "validation_end_acc": 0.03333333333333333,
  "validation_span_acc": 0.0,
  "validation_em": 0.0,
  "validation_f1": 0.12117079484548125,
  "validation_loss": 9.602266788482666,
  "best_validation_start_acc": 0.011111111111111112,
  "best_validation_end_acc": 0.0,
  "best_validation_span_acc": 0.0,
  "best_validation_em": 0.0,
  "best_validation_f1": 0.12343940180044836,
  "best_validation_loss": 9.973145961761475
}