{
  "best_epoch": 16,
  "peak_cpu_memory_MB": 3632.984,
  "peak_gpu_0_memory_MB": 8903,
  "peak_gpu_1_memory_MB": 10,
  "peak_gpu_2_memory_MB": 10,
  "peak_gpu_3_memory_MB": 4001,
  "training_duration": "00:02:48",
  "training_start_epoch": 0,
  "training_epochs": 19,
  "epoch": 19,
  "training_start_acc": 0.9587878787878787,
  "training_end_acc": 0.9696969696969697,
  "training_span_acc": 0.943030303030303,
  "training_em": 0.9187878787878788,
  "training_f1": 0.9603322755082441,
  "training_loss": 0.23800315000475025,
  "training_cpu_memory_MB": 3632.984,
  "training_gpu_0_memory_MB": 8903,
  "training_gpu_1_memory_MB": 10,
  "training_gpu_2_memory_MB": 10,
  "training_gpu_3_memory_MB": 4001,
  "validation_start_acc": 0.09523809523809523,
  "validation_end_acc": 0.1746031746031746,
  "validation_span_acc": 0.06349206349206349,
  "validation_em": 0.15873015873015872,
  "validation_f1": 0.400259847218569,
  "validation_loss": 15.784545421600342,
  "best_validation_start_acc": 0.07936507936507936,
  "best_validation_end_acc": 0.2222222222222222,
  "best_validation_span_acc": 0.047619047619047616,
  "best_validation_em": 0.19047619047619047,
  "best_validation_f1": 0.48629016509997086,
  "best_validation_loss": 14.167214632034302
}