{
  "best_epoch": 5,
  "peak_cpu_memory_MB": 3853.092,
  "peak_gpu_0_memory_MB": 10787,
  "peak_gpu_1_memory_MB": 10,
  "peak_gpu_2_memory_MB": 7173,
  "peak_gpu_3_memory_MB": 10,
  "training_duration": "00:04:36",
  "training_start_epoch": 0,
  "training_epochs": 14,
  "epoch": 14,
  "training_start_acc": 0.6778711484593838,
  "training_end_acc": 0.7871148459383753,
  "training_span_acc": 0.5350140056022409,
  "training_em": 0.5406162464985994,
  "training_f1": 0.8226733328209123,
  "training_loss": 1.04357234550559,
  "training_cpu_memory_MB": 3853.092,
  "training_gpu_0_memory_MB": 10787,
  "training_gpu_1_memory_MB": 10,
  "training_gpu_2_memory_MB": 7173,
  "training_gpu_3_memory_MB": 10,
  "validation_start_acc": 0.03333333333333333,
  "validation_end_acc": 0.15555555555555556,
  "validation_span_acc": 0.022222222222222223,
  "validation_em": 0.022222222222222223,
  "validation_f1": 0.1684372070523015,
  "validation_loss": 10.15623950958252,
  "best_validation_start_acc": 0.07777777777777778,
  "best_validation_end_acc": 0.15555555555555556,
  "best_validation_span_acc": 0.05555555555555555,
  "best_validation_em": 0.05555555555555555,
  "best_validation_f1": 0.1745482982532619,
  "best_validation_loss": 8.333142598470053
}