{
  "best_epoch": 8,
  "peak_cpu_memory_MB": 3659.656,
  "peak_gpu_0_memory_MB": 10787,
  "peak_gpu_1_memory_MB": 10,
  "peak_gpu_2_memory_MB": 10,
  "peak_gpu_3_memory_MB": 5705,
  "training_duration": "00:10:21",
  "training_start_epoch": 0,
  "training_epochs": 17,
  "epoch": 17,
  "training_start_acc": 0.9885245901639345,
  "training_end_acc": 0.9770491803278688,
  "training_span_acc": 0.978688524590164,
  "training_em": 0.9426229508196722,
  "training_f1": 0.9684340474565623,
  "training_loss": 0.09954641635219257,
  "training_cpu_memory_MB": 3659.656,
  "training_gpu_0_memory_MB": 10787,
  "training_gpu_1_memory_MB": 10,
  "training_gpu_2_memory_MB": 10,
  "training_gpu_3_memory_MB": 5705,
  "validation_start_acc": 0.13333333333333333,
  "validation_end_acc": 0.14444444444444443,
  "validation_span_acc": 0.03333333333333333,
  "validation_em": 0.06666666666666667,
  "validation_f1": 0.2039066330063896,
  "validation_loss": 13.380810260772705,
  "best_validation_start_acc": 0.14444444444444443,
  "best_validation_end_acc": 0.12222222222222222,
  "best_validation_span_acc": 0.08888888888888889,
  "best_validation_em": 0.1,
  "best_validation_f1": 0.2368532930863401,
  "best_validation_loss": 10.039609750111898
}