{
  "best_epoch": 3,
  "peak_cpu_memory_MB": 3867.7,
  "peak_gpu_0_memory_MB": 10,
  "peak_gpu_1_memory_MB": 10,
  "peak_gpu_2_memory_MB": 10,
  "peak_gpu_3_memory_MB": 6395,
  "training_duration": "00:02:15",
  "training_start_epoch": 0,
  "training_epochs": 12,
  "epoch": 12,
  "training_start_acc": 0.676923076923077,
  "training_end_acc": 0.8307692307692308,
  "training_span_acc": 0.5769230769230769,
  "training_em": 0.5846153846153846,
  "training_f1": 0.8649364323282932,
  "training_loss": 1.1206292907396953,
  "training_cpu_memory_MB": 3867.7,
  "training_gpu_0_memory_MB": 10,
  "training_gpu_1_memory_MB": 10,
  "training_gpu_2_memory_MB": 10,
  "training_gpu_3_memory_MB": 6395,
  "validation_start_acc": 0.03296703296703297,
  "validation_end_acc": 0.12087912087912088,
  "validation_span_acc": 0.01098901098901099,
  "validation_em": 0.01098901098901099,
  "validation_f1": 0.20372367357249946,
  "validation_loss": 10.228665033976236,
  "best_validation_start_acc": 0.06593406593406594,
  "best_validation_end_acc": 0.054945054945054944,
  "best_validation_span_acc": 0.02197802197802198,
  "best_validation_em": 0.03296703296703297,
  "best_validation_f1": 0.19930276690033602,
  "best_validation_loss": 8.827886819839478
}