{
  "best_epoch": 5,
  "peak_cpu_memory_MB": 2708.152,
  "peak_gpu_0_memory_MB": 8903,
  "peak_gpu_1_memory_MB": 10,
  "peak_gpu_2_memory_MB": 10,
  "peak_gpu_3_memory_MB": 5519,
  "training_duration": "00:01:08",
  "training_start_epoch": 0,
  "training_epochs": 14,
  "epoch": 14,
  "training_start_acc": 0.49507389162561577,
  "training_end_acc": 0.5369458128078818,
  "training_span_acc": 0.4014778325123153,
  "training_em": 0.4211822660098522,
  "training_f1": 0.5662448313793281,
  "training_loss": 3.014746198287377,
  "training_cpu_memory_MB": 2708.152,
  "training_gpu_0_memory_MB": 8903,
  "training_gpu_1_memory_MB": 10,
  "training_gpu_2_memory_MB": 10,
  "training_gpu_3_memory_MB": 5519,
  "validation_start_acc": 0.05555555555555555,
  "validation_end_acc": 0.12222222222222222,
  "validation_span_acc": 0.022222222222222223,
  "validation_em": 0.044444444444444446,
  "validation_f1": 0.23805036945490765,
  "validation_loss": 10.34898074467977,
  "best_validation_start_acc": 0.07777777777777778,
  "best_validation_end_acc": 0.12222222222222222,
  "best_validation_span_acc": 0.022222222222222223,
  "best_validation_em": 0.06666666666666667,
  "best_validation_f1": 0.2050299437716208,
  "best_validation_loss": 8.067492723464966
}