{
  "best_epoch": 4,
  "peak_cpu_memory_MB": 2708.152,
  "peak_gpu_0_memory_MB": 8903,
  "peak_gpu_1_memory_MB": 10,
  "peak_gpu_2_memory_MB": 10,
  "peak_gpu_3_memory_MB": 6195,
  "training_duration": "00:00:20",
  "training_start_epoch": 0,
  "training_epochs": 13,
  "epoch": 13,
  "training_start_acc": 0.27906976744186046,
  "training_end_acc": 0.3372093023255814,
  "training_span_acc": 0.1511627906976744,
  "training_em": 0.1511627906976744,
  "training_f1": 0.33449053982256055,
  "training_loss": 3.9768491983413696,
  "training_cpu_memory_MB": 2708.152,
  "training_gpu_0_memory_MB": 8903,
  "training_gpu_1_memory_MB": 10,
  "training_gpu_2_memory_MB": 10,
  "training_gpu_3_memory_MB": 6195,
  "validation_start_acc": 0.054945054945054944,
  "validation_end_acc": 0.054945054945054944,
  "validation_span_acc": 0.02197802197802198,
  "validation_em": 0.03296703296703297,
  "validation_f1": 0.14824865428398254,
  "validation_loss": 11.372515042622885,
  "best_validation_start_acc": 0.04395604395604396,
  "best_validation_end_acc": 0.0989010989010989,
  "best_validation_span_acc": 0.03296703296703297,
  "best_validation_em": 0.03296703296703297,
  "best_validation_f1": 0.15481289837776452,
  "best_validation_loss": 8.351237297058105
}