{
  "best_epoch": 1,
  "peak_cpu_memory_MB": 3626.016,
  "peak_gpu_0_memory_MB": 10787,
  "peak_gpu_1_memory_MB": 6755,
  "peak_gpu_2_memory_MB": 7173,
  "peak_gpu_3_memory_MB": 6755,
  "training_duration": "00:01:29",
  "training_start_epoch": 0,
  "training_epochs": 10,
  "epoch": 10,
  "training_start_acc": 0.6304347826086957,
  "training_end_acc": 0.5652173913043478,
  "training_span_acc": 0.532608695652174,
  "training_em": 0.5108695652173914,
  "training_f1": 0.6003274164114487,
  "training_loss": 2.488552689552307,
  "training_cpu_memory_MB": 3626.016,
  "training_gpu_0_memory_MB": 10787,
  "training_gpu_1_memory_MB": 6755,
  "training_gpu_2_memory_MB": 7173,
  "training_gpu_3_memory_MB": 6755,
  "validation_start_acc": 0.011111111111111112,
  "validation_end_acc": 0.03333333333333333,
  "validation_span_acc": 0.0,
  "validation_em": 0.011111111111111112,
  "validation_f1": 0.17917074920605824,
  "validation_loss": 10.3358686765035,
  "best_validation_start_acc": 0.03333333333333333,
  "best_validation_end_acc": 0.08888888888888889,
  "best_validation_span_acc": 0.03333333333333333,
  "best_validation_em": 0.05555555555555555,
  "best_validation_f1": 0.18879961412235816,
  "best_validation_loss": 8.614815870920816
}