{
  "best_epoch": 7,
  "peak_cpu_memory_MB": 3625.804,
  "peak_gpu_0_memory_MB": 10787,
  "peak_gpu_1_memory_MB": 4159,
  "peak_gpu_2_memory_MB": 7173,
  "peak_gpu_3_memory_MB": 4159,
  "training_duration": "00:10:59",
  "training_start_epoch": 0,
  "training_epochs": 16,
  "epoch": 16,
  "training_start_acc": 0.9901234567901235,
  "training_end_acc": 0.9938271604938271,
  "training_span_acc": 0.9864197530864197,
  "training_em": 0.9506172839506173,
  "training_f1": 0.9778387170525622,
  "training_loss": 0.04431552586930932,
  "training_cpu_memory_MB": 3625.804,
  "training_gpu_0_memory_MB": 10787,
  "training_gpu_1_memory_MB": 4159,
  "training_gpu_2_memory_MB": 7173,
  "training_gpu_3_memory_MB": 4159,
  "validation_start_acc": 0.23333333333333334,
  "validation_end_acc": 0.25555555555555554,
  "validation_span_acc": 0.12222222222222222,
  "validation_em": 0.14444444444444443,
  "validation_f1": 0.36267970632844754,
  "validation_loss": 11.513984203338623,
  "best_validation_start_acc": 0.18888888888888888,
  "best_validation_end_acc": 0.3111111111111111,
  "best_validation_span_acc": 0.14444444444444443,
  "best_validation_em": 0.2111111111111111,
  "best_validation_f1": 0.39265040105828414,
  "best_validation_loss": 8.249364217122396
}