{
  "best_epoch": 1,
  "peak_cpu_memory_MB": 2708.152,
  "peak_gpu_0_memory_MB": 8903,
  "peak_gpu_1_memory_MB": 10,
  "peak_gpu_2_memory_MB": 10,
  "peak_gpu_3_memory_MB": 4867,
  "training_duration": "00:01:08",
  "training_start_epoch": 0,
  "training_epochs": 10,
  "epoch": 10,
  "training_start_acc": 0.46534653465346537,
  "training_end_acc": 0.5478547854785478,
  "training_span_acc": 0.367986798679868,
  "training_em": 0.400990099009901,
  "training_f1": 0.5852362987837636,
  "training_loss": 3.2393143867191516,
  "training_cpu_memory_MB": 2708.152,
  "training_gpu_0_memory_MB": 8903,
  "training_gpu_1_memory_MB": 10,
  "training_gpu_2_memory_MB": 10,
  "training_gpu_3_memory_MB": 4867,
  "validation_start_acc": 0.044444444444444446,
  "validation_end_acc": 0.15555555555555556,
  "validation_span_acc": 0.0,
  "validation_em": 0.011111111111111112,
  "validation_f1": 0.1959995676282962,
  "validation_loss": 9.363585313161215,
  "best_validation_start_acc": 0.022222222222222223,
  "best_validation_end_acc": 0.1,
  "best_validation_span_acc": 0.011111111111111112,
  "best_validation_em": 0.044444444444444446,
  "best_validation_f1": 0.1978628642456873,
  "best_validation_loss": 7.838483015696208
}