{
  "best_epoch": 16,
  "peak_cpu_memory_MB": 2739.988,
  "peak_gpu_0_memory_MB": 6121,
  "peak_gpu_1_memory_MB": 0,
  "peak_gpu_2_memory_MB": 0,
  "peak_gpu_3_memory_MB": 607,
  "training_duration": "00:01:11",
  "training_start_epoch": 0,
  "training_epochs": 19,
  "epoch": 19,
  "training_start_acc": 0.14606741573033707,
  "training_end_acc": 0.2247191011235955,
  "training_span_acc": 0.10112359550561797,
  "training_em": 0.10112359550561797,
  "training_f1": 0.2650142924690885,
  "training_loss": 4.734223127365112,
  "training_cpu_memory_MB": 2739.988,
  "training_gpu_0_memory_MB": 6121,
  "training_gpu_1_memory_MB": 0,
  "training_gpu_2_memory_MB": 0,
  "training_gpu_3_memory_MB": 607,
  "validation_start_acc": 0.03333333333333333,
  "validation_end_acc": 0.1111111111111111,
  "validation_span_acc": 0.03333333333333333,
  "validation_em": 0.03333333333333333,
  "validation_f1": 0.1414131627960384,
  "validation_loss": 10.945824146270752,
  "best_validation_start_acc": 0.044444444444444446,
  "best_validation_end_acc": 0.1111111111111111,
  "best_validation_span_acc": 0.044444444444444446,
  "best_validation_em": 0.044444444444444446,
  "best_validation_f1": 0.1576997379513257,
  "best_validation_loss": 10.668940226236979
}