{
  "best_epoch": 3,
  "peak_cpu_memory_MB": 2652.268,
  "peak_gpu_0_memory_MB": 10787,
  "peak_gpu_1_memory_MB": 10,
  "peak_gpu_2_memory_MB": 10,
  "peak_gpu_3_memory_MB": 5917,
  "training_duration": "00:01:24",
  "training_start_epoch": 0,
  "training_epochs": 12,
  "epoch": 12,
  "training_start_acc": 0.02763819095477387,
  "training_end_acc": 0.10050251256281408,
  "training_span_acc": 0.0,
  "training_em": 0.002512562814070352,
  "training_f1": 0.13216614292562526,
  "training_loss": 8.21137544631958,
  "training_cpu_memory_MB": 2652.268,
  "training_gpu_0_memory_MB": 10787,
  "training_gpu_1_memory_MB": 10,
  "training_gpu_2_memory_MB": 10,
  "training_gpu_3_memory_MB": 5917,
  "validation_start_acc": 0.022222222222222223,
  "validation_end_acc": 0.1111111111111111,
  "validation_span_acc": 0.011111111111111112,
  "validation_em": 0.022222222222222223,
  "validation_f1": 0.19197305733841113,
  "validation_loss": 8.664209683736166,
  "best_validation_start_acc": 0.011111111111111112,
  "best_validation_end_acc": 0.06666666666666667,
  "best_validation_span_acc": 0.0,
  "best_validation_em": 0.022222222222222223,
  "best_validation_f1": 0.18202033390975306,
  "best_validation_loss": 9.192115306854248
}