{
  "best_epoch": 11,
  "peak_cpu_memory_MB": 3621.028,
  "peak_gpu_0_memory_MB": 10787,
  "peak_gpu_1_memory_MB": 6755,
  "peak_gpu_2_memory_MB": 7173,
  "peak_gpu_3_memory_MB": 6755,
  "training_duration": "00:07:07",
  "training_start_epoch": 0,
  "training_epochs": 19,
  "epoch": 19,
  "training_start_acc": 0.9974811083123426,
  "training_end_acc": 0.9974811083123426,
  "training_span_acc": 0.9949622166246851,
  "training_em": 0.9571788413098237,
  "training_f1": 0.9869436586541921,
  "training_loss": 0.025966353677213193,
  "training_cpu_memory_MB": 3621.028,
  "training_gpu_0_memory_MB": 10787,
  "training_gpu_1_memory_MB": 6755,
  "training_gpu_2_memory_MB": 7173,
  "training_gpu_3_memory_MB": 6755,
  "validation_start_acc": 0.14444444444444443,
  "validation_end_acc": 0.15555555555555556,
  "validation_span_acc": 0.05555555555555555,
  "validation_em": 0.05555555555555555,
  "validation_f1": 0.22639138809150078,
  "validation_loss": 12.071482022603353,
  "best_validation_start_acc": 0.18888888888888888,
  "best_validation_end_acc": 0.18888888888888888,
  "best_validation_span_acc": 0.08888888888888889,
  "best_validation_em": 0.1,
  "best_validation_f1": 0.283317362799489,
  "best_validation_loss": 10.265737771987915
}