{
  "best_epoch": 3,
  "peak_cpu_memory_MB": 2739.988,
  "peak_gpu_0_memory_MB": 6121,
  "peak_gpu_1_memory_MB": 0,
  "peak_gpu_2_memory_MB": 0,
  "peak_gpu_3_memory_MB": 607,
  "training_duration": "00:01:07",
  "training_start_epoch": 0,
  "training_epochs": 12,
  "epoch": 12,
  "training_start_acc": 0.27586206896551724,
  "training_end_acc": 0.270935960591133,
  "training_span_acc": 0.12807881773399016,
  "training_em": 0.12807881773399016,
  "training_f1": 0.2452610838915289,
  "training_loss": 4.057813846147978,
  "training_cpu_memory_MB": 2739.988,
  "training_gpu_0_memory_MB": 6121,
  "training_gpu_1_memory_MB": 0,
  "training_gpu_2_memory_MB": 0,
  "training_gpu_3_memory_MB": 607,
  "validation_start_acc": 0.03333333333333333,
  "validation_end_acc": 0.05555555555555555,
  "validation_span_acc": 0.011111111111111112,
  "validation_em": 0.011111111111111112,
  "validation_f1": 0.13049658926306967,
  "validation_loss": 11.801053524017334,
  "best_validation_start_acc": 0.03333333333333333,
  "best_validation_end_acc": 0.07777777777777778,
  "best_validation_span_acc": 0.022222222222222223,
  "best_validation_em": 0.022222222222222223,
  "best_validation_f1": 0.1257982793032848,
  "best_validation_loss": 8.801008224487305
}