{
  "best_epoch": 5,
  "peak_cpu_memory_MB": 3212.88,
  "peak_gpu_0_memory_MB": 10,
  "peak_gpu_1_memory_MB": 10,
  "peak_gpu_2_memory_MB": 10,
  "peak_gpu_3_memory_MB": 4237,
  "training_duration": "00:14:25",
  "training_start_epoch": 0,
  "training_epochs": 14,
  "epoch": 14,
  "training_start_acc": 0.6745350500715308,
  "training_end_acc": 0.7453505007153076,
  "training_span_acc": 0.49856938483547925,
  "training_em": 0.5014306151645207,
  "training_f1": 0.8100254237399517,
  "training_loss": 1.0419293675910344,
  "training_cpu_memory_MB": 3212.88,
  "training_gpu_0_memory_MB": 10,
  "training_gpu_1_memory_MB": 10,
  "training_gpu_2_memory_MB": 10,
  "training_gpu_3_memory_MB": 4237,
  "validation_start_acc": 0.14285714285714285,
  "validation_end_acc": 0.2967032967032967,
  "validation_span_acc": 0.06593406593406594,
  "validation_em": 0.13186813186813187,
  "validation_f1": 0.34145314540474103,
  "validation_loss": 9.925681591033936,
  "best_validation_start_acc": 0.17582417582417584,
  "best_validation_end_acc": 0.26373626373626374,
  "best_validation_span_acc": 0.0989010989010989,
  "best_validation_em": 0.15384615384615385,
  "best_validation_f1": 0.3360047184102678,
  "best_validation_loss": 7.011550188064575
}