{
  "best_epoch": 1,
  "peak_cpu_memory_MB": 2652.268,
  "peak_gpu_0_memory_MB": 10787,
  "peak_gpu_1_memory_MB": 10,
  "peak_gpu_2_memory_MB": 10,
  "peak_gpu_3_memory_MB": 5917,
  "training_duration": "00:00:24",
  "training_start_epoch": 0,
  "training_epochs": 10,
  "epoch": 10,
  "training_start_acc": 0.011764705882352941,
  "training_end_acc": 0.07058823529411765,
  "training_span_acc": 0.0,
  "training_em": 0.0,
  "training_f1": 0.15108564269772207,
  "training_loss": 9.541274706522623,
  "training_cpu_memory_MB": 2652.268,
  "training_gpu_0_memory_MB": 10787,
  "training_gpu_1_memory_MB": 10,
  "training_gpu_2_memory_MB": 10,
  "training_gpu_3_memory_MB": 5917,
  "validation_start_acc": 0.0,
  "validation_end_acc": 0.08888888888888889,
  "validation_span_acc": 0.0,
  "validation_em": 0.0,
  "validation_f1": 0.1401742494904439,
  "validation_loss": 10.006981372833252,
  "best_validation_start_acc": 0.05555555555555555,
  "best_validation_end_acc": 0.011111111111111112,
  "best_validation_span_acc": 0.0,
  "best_validation_em": 0.011111111111111112,
  "best_validation_f1": 0.1468419874916078,
  "best_validation_loss": 10.205814997355143
}