{
  "best_epoch": 18,
  "peak_cpu_memory_MB": 2721.744,
  "peak_gpu_0_memory_MB": 10,
  "peak_gpu_1_memory_MB": 10,
  "peak_gpu_2_memory_MB": 10,
  "peak_gpu_3_memory_MB": 4867,
  "training_duration": "00:04:12",
  "training_start_epoch": 0,
  "training_epochs": 19,
  "epoch": 19,
  "training_start_acc": 0.5510597302504817,
  "training_end_acc": 0.708092485549133,
  "training_span_acc": 0.37475915221579964,
  "training_em": 0.3901734104046243,
  "training_f1": 0.7649437143937015,
  "training_loss": 2.0566313706911528,
  "training_cpu_memory_MB": 2721.744,
  "training_gpu_0_memory_MB": 10,
  "training_gpu_1_memory_MB": 10,
  "training_gpu_2_memory_MB": 10,
  "training_gpu_3_memory_MB": 4867,
  "validation_start_acc": 0.07777777777777778,
  "validation_end_acc": 0.2,
  "validation_span_acc": 0.05555555555555555,
  "validation_em": 0.08888888888888889,
  "validation_f1": 0.3274897100471661,
  "validation_loss": 10.421116352081299,
  "best_validation_start_acc": 0.1111111111111111,
  "best_validation_end_acc": 0.23333333333333334,
  "best_validation_span_acc": 0.06666666666666667,
  "best_validation_em": 0.1111111111111111,
  "best_validation_f1": 0.3515751593611957,
  "best_validation_loss": 10.418797969818115
}