{
  "best_epoch": 2,
  "peak_cpu_memory_MB": 2739.988,
  "peak_gpu_0_memory_MB": 6121,
  "peak_gpu_1_memory_MB": 0,
  "peak_gpu_2_memory_MB": 0,
  "peak_gpu_3_memory_MB": 607,
  "training_duration": "00:02:09",
  "training_start_epoch": 0,
  "training_epochs": 11,
  "epoch": 11,
  "training_start_acc": 0.2747068676716918,
  "training_end_acc": 0.23115577889447236,
  "training_span_acc": 0.1440536013400335,
  "training_em": 0.1507537688442211,
  "training_f1": 0.2574226959417873,
  "training_loss": 3.7965897196217586,
  "training_cpu_memory_MB": 2739.988,
  "training_gpu_0_memory_MB": 6121,
  "training_gpu_1_memory_MB": 0,
  "training_gpu_2_memory_MB": 0,
  "training_gpu_3_memory_MB": 607,
  "validation_start_acc": 0.08888888888888889,
  "validation_end_acc": 0.13333333333333333,
  "validation_span_acc": 0.0,
  "validation_em": 0.0,
  "validation_f1": 0.19601406612473365,
  "validation_loss": 10.489304542541504,
  "best_validation_start_acc": 0.06666666666666667,
  "best_validation_end_acc": 0.07777777777777778,
  "best_validation_span_acc": 0.011111111111111112,
  "best_validation_em": 0.022222222222222223,
  "best_validation_f1": 0.14619131588655,
  "best_validation_loss": 8.195593992869059
}