{
  "best_epoch": 3,
  "peak_cpu_memory_MB": 3656.94,
  "peak_gpu_0_memory_MB": 8903,
  "peak_gpu_1_memory_MB": 10,
  "peak_gpu_2_memory_MB": 10,
  "peak_gpu_3_memory_MB": 5731,
  "training_duration": "00:01:54",
  "training_start_epoch": 0,
  "training_epochs": 12,
  "epoch": 12,
  "training_start_acc": 0.6951219512195121,
  "training_end_acc": 0.6463414634146342,
  "training_span_acc": 0.6219512195121951,
  "training_em": 0.6097560975609756,
  "training_f1": 0.6734566891026447,
  "training_loss": 2.0381877024968467,
  "training_cpu_memory_MB": 3656.94,
  "training_gpu_0_memory_MB": 8903,
  "training_gpu_1_memory_MB": 10,
  "training_gpu_2_memory_MB": 10,
  "training_gpu_3_memory_MB": 5731,
  "validation_start_acc": 0.06593406593406594,
  "validation_end_acc": 0.054945054945054944,
  "validation_span_acc": 0.04395604395604396,
  "validation_em": 0.054945054945054944,
  "validation_f1": 0.19911514164750382,
  "validation_loss": 11.612062295277914,
  "best_validation_start_acc": 0.054945054945054944,
  "best_validation_end_acc": 0.06593406593406594,
  "best_validation_span_acc": 0.04395604395604396,
  "best_validation_em": 0.054945054945054944,
  "best_validation_f1": 0.19414874651328903,
  "best_validation_loss": 9.076160351435343
}