{
  "best_epoch": 9,
  "peak_cpu_memory_MB": 3856.236,
  "peak_gpu_0_memory_MB": 10,
  "peak_gpu_1_memory_MB": 10,
  "peak_gpu_2_memory_MB": 10,
  "peak_gpu_3_memory_MB": 4237,
  "training_duration": "00:14:46",
  "training_start_epoch": 0,
  "training_epochs": 18,
  "epoch": 18,
  "training_start_acc": 0.6861313868613139,
  "training_end_acc": 0.7854014598540145,
  "training_span_acc": 0.5357664233576642,
  "training_em": 0.5343065693430656,
  "training_f1": 0.8268578636273143,
  "training_loss": 0.9684304996978405,
  "training_cpu_memory_MB": 3856.236,
  "training_gpu_0_memory_MB": 10,
  "training_gpu_1_memory_MB": 10,
  "training_gpu_2_memory_MB": 10,
  "training_gpu_3_memory_MB": 4237,
  "validation_start_acc": 0.15555555555555556,
  "validation_end_acc": 0.12222222222222222,
  "validation_span_acc": 0.044444444444444446,
  "validation_em": 0.05555555555555555,
  "validation_f1": 0.24295845446914704,
  "validation_loss": 10.312330563863119,
  "best_validation_start_acc": 0.1111111111111111,
  "best_validation_end_acc": 0.13333333333333333,
  "best_validation_span_acc": 0.06666666666666667,
  "best_validation_em": 0.1111111111111111,
  "best_validation_f1": 0.25490490996337245,
  "best_validation_loss": 8.904117743174234
}