{
  "best_epoch": 6,
  "peak_cpu_memory_MB": 2708.152,
  "peak_gpu_0_memory_MB": 8903,
  "peak_gpu_1_memory_MB": 10,
  "peak_gpu_2_memory_MB": 10,
  "peak_gpu_3_memory_MB": 5519,
  "training_duration": "00:01:11",
  "training_start_epoch": 0,
  "training_epochs": 15,
  "epoch": 15,
  "training_start_acc": 0.7864321608040201,
  "training_end_acc": 0.7638190954773869,
  "training_span_acc": 0.6934673366834171,
  "training_em": 0.7160804020100503,
  "training_f1": 0.8035584878089903,
  "training_loss": 1.3473078572750092,
  "training_cpu_memory_MB": 2708.152,
  "training_gpu_0_memory_MB": 8903,
  "training_gpu_1_memory_MB": 10,
  "training_gpu_2_memory_MB": 10,
  "training_gpu_3_memory_MB": 5519,
  "validation_start_acc": 0.07777777777777778,
  "validation_end_acc": 0.2,
  "validation_span_acc": 0.03333333333333333,
  "validation_em": 0.03333333333333333,
  "validation_f1": 0.19707290307777303,
  "validation_loss": 12.145088831583658,
  "best_validation_start_acc": 0.044444444444444446,
  "best_validation_end_acc": 0.1,
  "best_validation_span_acc": 0.022222222222222223,
  "best_validation_em": 0.05555555555555555,
  "best_validation_f1": 0.20011694434633892,
  "best_validation_loss": 9.345514297485352
}