{
  "best_epoch": 14,
  "peak_cpu_memory_MB": 3856.236,
  "peak_gpu_0_memory_MB": 10,
  "peak_gpu_1_memory_MB": 10,
  "peak_gpu_2_memory_MB": 10,
  "peak_gpu_3_memory_MB": 4237,
  "training_duration": "00:14:42",
  "training_start_epoch": 0,
  "training_epochs": 19,
  "epoch": 19,
  "training_start_acc": 0.7045454545454546,
  "training_end_acc": 0.7515151515151515,
  "training_span_acc": 0.5348484848484848,
  "training_em": 0.5378787878787878,
  "training_f1": 0.8226477775883482,
  "training_loss": 0.9716610255695525,
  "training_cpu_memory_MB": 3856.236,
  "training_gpu_0_memory_MB": 10,
  "training_gpu_1_memory_MB": 10,
  "training_gpu_2_memory_MB": 10,
  "training_gpu_3_memory_MB": 4237,
  "validation_start_acc": 0.17777777777777778,
  "validation_end_acc": 0.2111111111111111,
  "validation_span_acc": 0.06666666666666667,
  "validation_em": 0.13333333333333333,
  "validation_f1": 0.31953494386026043,
  "validation_loss": 9.992206573486328,
  "best_validation_start_acc": 0.17777777777777778,
  "best_validation_end_acc": 0.18888888888888888,
  "best_validation_span_acc": 0.12222222222222222,
  "best_validation_em": 0.18888888888888888,
  "best_validation_f1": 0.36401556670667146,
  "best_validation_loss": 8.571646769841513
}