{
  "best_epoch": 19,
  "peak_cpu_memory_MB": 3866.676,
  "peak_gpu_0_memory_MB": 10,
  "peak_gpu_1_memory_MB": 10,
  "peak_gpu_2_memory_MB": 10,
  "peak_gpu_3_memory_MB": 4237,
  "training_duration": "00:10:14",
  "training_start_epoch": 0,
  "training_epochs": 19,
  "epoch": 19,
  "training_start_acc": 0.6715976331360947,
  "training_end_acc": 0.7736686390532544,
  "training_span_acc": 0.5103550295857988,
  "training_em": 0.5177514792899408,
  "training_f1": 0.8139187723851743,
  "training_loss": 1.006696497285089,
  "training_cpu_memory_MB": 3866.676,
  "training_gpu_0_memory_MB": 10,
  "training_gpu_1_memory_MB": 10,
  "training_gpu_2_memory_MB": 10,
  "training_gpu_3_memory_MB": 4237,
  "validation_start_acc": 0.1724137931034483,
  "validation_end_acc": 0.2413793103448276,
  "validation_span_acc": 0.12643678160919541,
  "validation_em": 0.16091954022988506,
  "validation_f1": 0.34645755722777166,
  "validation_loss": 9.815818627675375,
  "best_validation_start_acc": 0.1724137931034483,
  "best_validation_end_acc": 0.2413793103448276,
  "best_validation_span_acc": 0.12643678160919541,
  "best_validation_em": 0.16091954022988506,
  "best_validation_f1": 0.34645755722777166,
  "best_validation_loss": 9.815818627675375
}