{
  "best_epoch": 7,
  "peak_cpu_memory_MB": 3853.092,
  "peak_gpu_0_memory_MB": 10787,
  "peak_gpu_1_memory_MB": 10,
  "peak_gpu_2_memory_MB": 7173,
  "peak_gpu_3_memory_MB": 10,
  "training_duration": "00:05:12",
  "training_start_epoch": 0,
  "training_epochs": 16,
  "epoch": 16,
  "training_start_acc": 0.6601671309192201,
  "training_end_acc": 0.8217270194986073,
  "training_span_acc": 0.5376044568245125,
  "training_em": 0.5403899721448467,
  "training_f1": 0.8403623740577297,
  "training_loss": 1.030241593070652,
  "training_cpu_memory_MB": 3853.092,
  "training_gpu_0_memory_MB": 10787,
  "training_gpu_1_memory_MB": 10,
  "training_gpu_2_memory_MB": 7173,
  "training_gpu_3_memory_MB": 10,
  "validation_start_acc": 0.1,
  "validation_end_acc": 0.13333333333333333,
  "validation_span_acc": 0.011111111111111112,
  "validation_em": 0.011111111111111112,
  "validation_f1": 0.19540988285798674,
  "validation_loss": 10.479932149251303,
  "best_validation_start_acc": 0.12222222222222222,
  "best_validation_end_acc": 0.13333333333333333,
  "best_validation_span_acc": 0.044444444444444446,
  "best_validation_em": 0.05555555555555555,
  "best_validation_f1": 0.22096208731091632,
  "best_validation_loss": 9.330286105473837
}