{
  "best_epoch": 16,
  "peak_cpu_memory_MB": 2739.988,
  "peak_gpu_0_memory_MB": 6121,
  "peak_gpu_1_memory_MB": 0,
  "peak_gpu_2_memory_MB": 0,
  "peak_gpu_3_memory_MB": 607,
  "training_duration": "00:01:49",
  "training_start_epoch": 0,
  "training_epochs": 19,
  "epoch": 19,
  "training_start_acc": 0.4055299539170507,
  "training_end_acc": 0.33640552995391704,
  "training_span_acc": 0.2626728110599078,
  "training_em": 0.2626728110599078,
  "training_f1": 0.36712338469523353,
  "training_loss": 3.0090116432734897,
  "training_cpu_memory_MB": 2739.988,
  "training_gpu_0_memory_MB": 6121,
  "training_gpu_1_memory_MB": 0,
  "training_gpu_2_memory_MB": 0,
  "training_gpu_3_memory_MB": 607,
  "validation_start_acc": 0.06666666666666667,
  "validation_end_acc": 0.1,
  "validation_span_acc": 0.044444444444444446,
  "validation_em": 0.06666666666666667,
  "validation_f1": 0.17610391303351836,
  "validation_loss": 12.47330872217814,
  "best_validation_start_acc": 0.05555555555555555,
  "best_validation_end_acc": 0.1,
  "best_validation_span_acc": 0.044444444444444446,
  "best_validation_em": 0.06666666666666667,
  "best_validation_f1": 0.1760705014553278,
  "best_validation_loss": 12.002818584442139
}