{
  "best_epoch": 2,
  "peak_cpu_memory_MB": 3632.992,
  "peak_gpu_0_memory_MB": 10,
  "peak_gpu_1_memory_MB": 10,
  "peak_gpu_2_memory_MB": 10,
  "peak_gpu_3_memory_MB": 5739,
  "training_duration": "00:00:15",
  "training_start_epoch": 0,
  "training_epochs": 11,
  "epoch": 11,
  "training_start_acc": 0.16470588235294117,
  "training_end_acc": 0.24705882352941178,
  "training_span_acc": 0.07058823529411765,
  "training_em": 0.08235294117647059,
  "training_f1": 0.22112092185758875,
  "training_loss": 4.706034262975057,
  "training_cpu_memory_MB": 3632.992,
  "training_gpu_0_memory_MB": 10,
  "training_gpu_1_memory_MB": 10,
  "training_gpu_2_memory_MB": 10,
  "training_gpu_3_memory_MB": 5739,
  "validation_start_acc": 0.0,
  "validation_end_acc": 0.06666666666666667,
  "validation_span_acc": 0.0,
  "validation_em": 0.0,
  "validation_f1": 0.09982683942722087,
  "validation_loss": 10.389410813649496,
  "best_validation_start_acc": 0.011111111111111112,
  "best_validation_end_acc": 0.08888888888888889,
  "best_validation_span_acc": 0.022222222222222223,
  "best_validation_em": 0.022222222222222223,
  "best_validation_f1": 0.12022475144942026,
  "best_validation_loss": 9.14147917429606
}