{
  "best_epoch": 13,
  "peak_cpu_memory_MB": 3632.992,
  "peak_gpu_0_memory_MB": 10,
  "peak_gpu_1_memory_MB": 10,
  "peak_gpu_2_memory_MB": 10,
  "peak_gpu_3_memory_MB": 5739,
  "training_duration": "00:02:34",
  "training_start_epoch": 0,
  "training_epochs": 19,
  "epoch": 19,
  "training_start_acc": 0.972939729397294,
  "training_end_acc": 0.9704797047970479,
  "training_span_acc": 0.9544895448954489,
  "training_em": 0.931119311193112,
  "training_f1": 0.9691790494548512,
  "training_loss": 0.23729436384404407,
  "training_cpu_memory_MB": 3632.992,
  "training_gpu_0_memory_MB": 10,
  "training_gpu_1_memory_MB": 10,
  "training_gpu_2_memory_MB": 10,
  "training_gpu_3_memory_MB": 5739,
  "validation_start_acc": 0.14942528735632185,
  "validation_end_acc": 0.1724137931034483,
  "validation_span_acc": 0.06896551724137931,
  "validation_em": 0.08045977011494253,
  "validation_f1": 0.2675429632922686,
  "validation_loss": 14.161310036977133,
  "best_validation_start_acc": 0.12643678160919541,
  "best_validation_end_acc": 0.19540229885057472,
  "best_validation_span_acc": 0.10344827586206896,
  "best_validation_em": 0.10344827586206896,
  "best_validation_f1": 0.23945959661456004,
  "best_validation_loss": 12.02133305867513
}