{
  "best_epoch": 9,
  "peak_cpu_memory_MB": 3856.236,
  "peak_gpu_0_memory_MB": 10,
  "peak_gpu_1_memory_MB": 10,
  "peak_gpu_2_memory_MB": 10,
  "peak_gpu_3_memory_MB": 4237,
  "training_duration": "00:20:23",
  "training_start_epoch": 0,
  "training_epochs": 18,
  "epoch": 18,
  "training_start_acc": 0.7020648967551623,
  "training_end_acc": 0.7817109144542773,
  "training_span_acc": 0.5467059980334317,
  "training_em": 0.5457227138643068,
  "training_f1": 0.8210387648003987,
  "training_loss": 0.913944442756474,
  "training_cpu_memory_MB": 3856.236,
  "training_gpu_0_memory_MB": 10,
  "training_gpu_1_memory_MB": 10,
  "training_gpu_2_memory_MB": 10,
  "training_gpu_3_memory_MB": 4237,
  "validation_start_acc": 0.16091954022988506,
  "validation_end_acc": 0.28735632183908044,
  "validation_span_acc": 0.08045977011494253,
  "validation_em": 0.21839080459770116,
  "validation_f1": 0.4554718861821462,
  "validation_loss": 10.512654622395834,
  "best_validation_start_acc": 0.19540229885057472,
  "best_validation_end_acc": 0.3218390804597701,
  "best_validation_span_acc": 0.11494252873563218,
  "best_validation_em": 0.2413793103448276,
  "best_validation_f1": 0.46238653769007904,
  "best_validation_loss": 9.312962055206299
}