{
  "best_epoch": 12,
  "peak_cpu_memory_MB": 3659.656,
  "peak_gpu_0_memory_MB": 10787,
  "peak_gpu_1_memory_MB": 10,
  "peak_gpu_2_memory_MB": 10,
  "peak_gpu_3_memory_MB": 5705,
  "training_duration": "00:11:13",
  "training_start_epoch": 0,
  "training_epochs": 19,
  "epoch": 19,
  "training_start_acc": 0.9966666666666667,
  "training_end_acc": 0.99,
  "training_span_acc": 0.99,
  "training_em": 0.9516666666666667,
  "training_f1": 0.9777066001174535,
  "training_loss": 0.03855231597921566,
  "training_cpu_memory_MB": 3659.656,
  "training_gpu_0_memory_MB": 10787,
  "training_gpu_1_memory_MB": 10,
  "training_gpu_2_memory_MB": 10,
  "training_gpu_3_memory_MB": 5705,
  "validation_start_acc": 0.11494252873563218,
  "validation_end_acc": 0.22988505747126436,
  "validation_span_acc": 0.08045977011494253,
  "validation_em": 0.12643678160919541,
  "validation_f1": 0.40654538876390073,
  "validation_loss": 12.903253555297852,
  "best_validation_start_acc": 0.16091954022988506,
  "best_validation_end_acc": 0.21839080459770116,
  "best_validation_span_acc": 0.13793103448275862,
  "best_validation_em": 0.16091954022988506,
  "best_validation_f1": 0.4178634730292705,
  "best_validation_loss": 11.637497901916504
}