{
  "best_epoch": 8,
  "peak_cpu_memory_MB": 3879.86,
  "peak_gpu_0_memory_MB": 10,
  "peak_gpu_1_memory_MB": 10,
  "peak_gpu_2_memory_MB": 10,
  "peak_gpu_3_memory_MB": 4237,
  "training_duration": "00:12:48",
  "training_start_epoch": 0,
  "training_epochs": 17,
  "epoch": 17,
  "training_start_acc": 0.7061105722599418,
  "training_end_acc": 0.7555771096023278,
  "training_span_acc": 0.5344325897187197,
  "training_em": 0.5354025218234724,
  "training_f1": 0.8182154182754243,
  "training_loss": 0.9657719910144806,
  "training_cpu_memory_MB": 3879.86,
  "training_gpu_0_memory_MB": 10,
  "training_gpu_1_memory_MB": 10,
  "training_gpu_2_memory_MB": 10,
  "training_gpu_3_memory_MB": 4237,
  "validation_start_acc": 0.08791208791208792,
  "validation_end_acc": 0.25274725274725274,
  "validation_span_acc": 0.04395604395604396,
  "validation_em": 0.0989010989010989,
  "validation_f1": 0.3190147792191694,
  "validation_loss": 11.435176372528076,
  "best_validation_start_acc": 0.12087912087912088,
  "best_validation_end_acc": 0.25274725274725274,
  "best_validation_span_acc": 0.06593406593406594,
  "best_validation_em": 0.16483516483516483,
  "best_validation_f1": 0.3728435582440923,
  "best_validation_loss": 8.288986206054688
}