{
  "best_epoch": 7,
  "peak_cpu_memory_MB": 3853.092,
  "peak_gpu_0_memory_MB": 10787,
  "peak_gpu_1_memory_MB": 10,
  "peak_gpu_2_memory_MB": 7173,
  "peak_gpu_3_memory_MB": 10,
  "training_duration": "00:03:23",
  "training_start_epoch": 0,
  "training_epochs": 16,
  "epoch": 16,
  "training_start_acc": 0.7018633540372671,
  "training_end_acc": 0.7701863354037267,
  "training_span_acc": 0.5217391304347826,
  "training_em": 0.5279503105590062,
  "training_f1": 0.8422617898084503,
  "training_loss": 1.286424691026861,
  "training_cpu_memory_MB": 3853.092,
  "training_gpu_0_memory_MB": 10787,
  "training_gpu_1_memory_MB": 10,
  "training_gpu_2_memory_MB": 7173,
  "training_gpu_3_memory_MB": 10,
  "validation_start_acc": 0.05555555555555555,
  "validation_end_acc": 0.13333333333333333,
  "validation_span_acc": 0.011111111111111112,
  "validation_em": 0.011111111111111112,
  "validation_f1": 0.18129112350974716,
  "validation_loss": 9.67344363530477,
  "best_validation_start_acc": 0.05555555555555555,
  "best_validation_end_acc": 0.13333333333333333,
  "best_validation_span_acc": 0.03333333333333333,
  "best_validation_em": 0.03333333333333333,
  "best_validation_f1": 0.1850003789322587,
  "best_validation_loss": 9.22847064336141
}