{
  "best_epoch": 1,
  "peak_cpu_memory_MB": 3866.676,
  "peak_gpu_0_memory_MB": 10,
  "peak_gpu_1_memory_MB": 10,
  "peak_gpu_2_memory_MB": 10,
  "peak_gpu_3_memory_MB": 4237,
  "training_duration": "00:01:39",
  "training_start_epoch": 0,
  "training_epochs": 10,
  "epoch": 10,
  "training_start_acc": 0.6176470588235294,
  "training_end_acc": 0.7279411764705882,
  "training_span_acc": 0.4485294117647059,
  "training_em": 0.4485294117647059,
  "training_f1": 0.7402317873565943,
  "training_loss": 1.798894272910224,
  "training_cpu_memory_MB": 3866.676,
  "training_gpu_0_memory_MB": 10,
  "training_gpu_1_memory_MB": 10,
  "training_gpu_2_memory_MB": 10,
  "training_gpu_3_memory_MB": 4237,
  "validation_start_acc": 0.04395604395604396,
  "validation_end_acc": 0.03296703296703297,
  "validation_span_acc": 0.0,
  "validation_em": 0.0,
  "validation_f1": 0.1296222170834007,
  "validation_loss": 10.057298183441162,
  "best_validation_start_acc": 0.054945054945054944,
  "best_validation_end_acc": 0.06593406593406594,
  "best_validation_span_acc": 0.03296703296703297,
  "best_validation_em": 0.03296703296703297,
  "best_validation_f1": 0.1271007708814848,
  "best_validation_loss": 8.242516358693441
}