{
  "best_epoch": 13,
  "peak_cpu_memory_MB": 2721.744,
  "peak_gpu_0_memory_MB": 10,
  "peak_gpu_1_memory_MB": 10,
  "peak_gpu_2_memory_MB": 10,
  "peak_gpu_3_memory_MB": 4867,
  "training_duration": "00:02:37",
  "training_start_epoch": 0,
  "training_epochs": 19,
  "epoch": 19,
  "training_start_acc": 0.5691868758915835,
  "training_end_acc": 0.7289586305278174,
  "training_span_acc": 0.40228245363766046,
  "training_em": 0.42082738944365194,
  "training_f1": 0.7780760898979231,
  "training_loss": 1.9615295773202723,
  "training_cpu_memory_MB": 2721.744,
  "training_gpu_0_memory_MB": 10,
  "training_gpu_1_memory_MB": 10,
  "training_gpu_2_memory_MB": 10,
  "training_gpu_3_memory_MB": 4867,
  "validation_start_acc": 0.06593406593406594,
  "validation_end_acc": 0.1978021978021978,
  "validation_span_acc": 0.054945054945054944,
  "validation_em": 0.054945054945054944,
  "validation_f1": 0.2802158615330631,
  "validation_loss": 11.563156286875406,
  "best_validation_start_acc": 0.06593406593406594,
  "best_validation_end_acc": 0.18681318681318682,
  "best_validation_span_acc": 0.054945054945054944,
  "best_validation_em": 0.08791208791208792,
  "best_validation_f1": 0.2838795464024215,
  "best_validation_loss": 9.794726053873697
}