{
  "best_epoch": 15,
  "peak_cpu_memory_MB": 3656.296,
  "peak_gpu_0_memory_MB": 10787,
  "peak_gpu_1_memory_MB": 10,
  "peak_gpu_2_memory_MB": 10,
  "peak_gpu_3_memory_MB": 5705,
  "training_duration": "00:09:33",
  "training_start_epoch": 0,
  "training_epochs": 19,
  "epoch": 19,
  "training_start_acc": 0.992462311557789,
  "training_end_acc": 0.992462311557789,
  "training_span_acc": 0.992462311557789,
  "training_em": 0.949748743718593,
  "training_f1": 0.9792101360242564,
  "training_loss": 0.03809820249676704,
  "training_cpu_memory_MB": 3656.296,
  "training_gpu_0_memory_MB": 10,
  "training_gpu_1_memory_MB": 10,
  "training_gpu_2_memory_MB": 10,
  "training_gpu_3_memory_MB": 5705,
  "validation_start_acc": 0.13333333333333333,
  "validation_end_acc": 0.14444444444444443,
  "validation_span_acc": 0.05555555555555555,
  "validation_em": 0.06666666666666667,
  "validation_f1": 0.2181363897321599,
  "validation_loss": 14.726281960805258,
  "best_validation_start_acc": 0.18888888888888888,
  "best_validation_end_acc": 0.18888888888888888,
  "best_validation_span_acc": 0.1,
  "best_validation_em": 0.1,
  "best_validation_f1": 0.2593876881531457,
  "best_validation_loss": 13.612368742624918
}