{
  "best_epoch": 13,
  "peak_cpu_memory_MB": 2658.132,
  "peak_gpu_0_memory_MB": 10787,
  "peak_gpu_1_memory_MB": 10,
  "peak_gpu_2_memory_MB": 10,
  "peak_gpu_3_memory_MB": 8858,
  "training_duration": "00:05:22",
  "training_start_epoch": 0,
  "training_epochs": 19,
  "epoch": 19,
  "training_start_acc": 0.7197530864197531,
  "training_end_acc": 0.817283950617284,
  "training_span_acc": 0.6395061728395062,
  "training_em": 0.6382716049382716,
  "training_f1": 0.8300482658579668,
  "training_loss": 1.475129743417104,
  "training_cpu_memory_MB": 2658.132,
  "training_gpu_0_memory_MB": 10787,
  "training_gpu_1_memory_MB": 10,
  "training_gpu_2_memory_MB": 10,
  "training_gpu_3_memory_MB": 8858,
  "validation_start_acc": 0.12222222222222222,
  "validation_end_acc": 0.24444444444444444,
  "validation_span_acc": 0.05555555555555555,
  "validation_em": 0.1111111111111111,
  "validation_f1": 0.2870622214362113,
  "validation_loss": 10.880743344624838,
  "best_validation_start_acc": 0.14444444444444443,
  "best_validation_end_acc": 0.2222222222222222,
  "best_validation_span_acc": 0.06666666666666667,
  "best_validation_em": 0.12222222222222222,
  "best_validation_f1": 0.3123545661682284,
  "best_validation_loss": 8.475527922312418
}