{
  "best_epoch": 10,
  "peak_cpu_memory_MB": 3626.016,
  "peak_gpu_0_memory_MB": 10787,
  "peak_gpu_1_memory_MB": 6755,
  "peak_gpu_2_memory_MB": 7173,
  "peak_gpu_3_memory_MB": 6755,
  "training_duration": "00:04:25",
  "training_start_epoch": 0,
  "training_epochs": 19,
  "epoch": 19,
  "training_start_acc": 0.9951923076923077,
  "training_end_acc": 0.9951923076923077,
  "training_span_acc": 0.9903846153846154,
  "training_em": 0.9567307692307693,
  "training_f1": 0.979117055340821,
  "training_loss": 0.07352583368237202,
  "training_cpu_memory_MB": 3626.016,
  "training_gpu_0_memory_MB": 10787,
  "training_gpu_1_memory_MB": 6755,
  "training_gpu_2_memory_MB": 7173,
  "training_gpu_3_memory_MB": 6755,
  "validation_start_acc": 0.07777777777777778,
  "validation_end_acc": 0.1111111111111111,
  "validation_span_acc": 0.022222222222222223,
  "validation_em": 0.022222222222222223,
  "validation_f1": 0.19308353964521172,
  "validation_loss": 11.966151237487793,
  "best_validation_start_acc": 0.1,
  "best_validation_end_acc": 0.14444444444444443,
  "best_validation_span_acc": 0.05555555555555555,
  "best_validation_em": 0.06666666666666667,
  "best_validation_f1": 0.2077609711352368,
  "best_validation_loss": 9.944304625193277
}