{
  "best_epoch": 5,
  "peak_cpu_memory_MB": 3580.12,
  "peak_gpu_0_memory_MB": 8903,
  "peak_gpu_1_memory_MB": 10,
  "peak_gpu_2_memory_MB": 10,
  "peak_gpu_3_memory_MB": 3997,
  "training_duration": "00:04:13",
  "training_start_epoch": 0,
  "training_epochs": 14,
  "epoch": 14,
  "training_start_acc": 0.8942307692307693,
  "training_end_acc": 0.8846153846153846,
  "training_span_acc": 0.8605769230769231,
  "training_em": 0.8269230769230769,
  "training_f1": 0.8988324775805039,
  "training_loss": 0.7723026252709903,
  "training_cpu_memory_MB": 3580.12,
  "training_gpu_0_memory_MB": 8903,
  "training_gpu_1_memory_MB": 10,
  "training_gpu_2_memory_MB": 10,
  "training_gpu_3_memory_MB": 3997,
  "validation_start_acc": 0.06349206349206349,
  "validation_end_acc": 0.047619047619047616,
  "validation_span_acc": 0.015873015873015872,
  "validation_em": 0.031746031746031744,
  "validation_f1": 0.3136844599348874,
  "validation_loss": 11.144984483718872,
  "best_validation_start_acc": 0.031746031746031744,
  "best_validation_end_acc": 0.015873015873015872,
  "best_validation_span_acc": 0.015873015873015872,
  "best_validation_em": 0.06349206349206349,
  "best_validation_f1": 0.2784594483973551,
  "best_validation_loss": 9.616256475448608
}