{
  "best_epoch": 0,
  "peak_cpu_memory_MB": 3593.744,
  "peak_gpu_0_memory_MB": 8903,
  "peak_gpu_1_memory_MB": 10,
  "peak_gpu_2_memory_MB": 10,
  "peak_gpu_3_memory_MB": 3997,
  "training_duration": "00:03:44",
  "training_start_epoch": 0,
  "training_epochs": 9,
  "epoch": 9,
  "training_start_acc": 0.5522388059701493,
  "training_end_acc": 0.43710021321961623,
  "training_span_acc": 0.42217484008528783,
  "training_em": 0.4200426439232409,
  "training_f1": 0.5025182821886298,
  "training_loss": 2.198064581553141,
  "training_cpu_memory_MB": 3593.744,
  "training_gpu_0_memory_MB": 8903,
  "training_gpu_1_memory_MB": 10,
  "training_gpu_2_memory_MB": 10,
  "training_gpu_3_memory_MB": 3997,
  "validation_start_acc": 0.031746031746031744,
  "validation_end_acc": 0.1111111111111111,
  "validation_span_acc": 0.0,
  "validation_em": 0.031746031746031744,
  "validation_f1": 0.2683619872660705,
  "validation_loss": 12.023377418518066,
  "best_validation_start_acc": 0.06349206349206349,
  "best_validation_end_acc": 0.12698412698412698,
  "best_validation_span_acc": 0.0,
  "best_validation_em": 0.06349206349206349,
  "best_validation_f1": 0.3610185503188394,
  "best_validation_loss": 8.189111828804016
}