{
  "best_epoch": 2,
  "peak_cpu_memory_MB": 2618.208,
  "peak_gpu_0_memory_MB": 10787,
  "peak_gpu_1_memory_MB": 10,
  "peak_gpu_2_memory_MB": 10,
  "peak_gpu_3_memory_MB": 5265,
  "training_duration": "00:02:27",
  "training_start_epoch": 0,
  "training_epochs": 11,
  "epoch": 11,
  "training_start_acc": 0.03955500618046971,
  "training_end_acc": 0.09517923362175525,
  "training_span_acc": 0.004944375772558714,
  "training_em": 0.004944375772558714,
  "training_f1": 0.13839298507174846,
  "training_loss": 7.9956157160740275,
  "training_cpu_memory_MB": 2618.208,
  "training_gpu_0_memory_MB": 10787,
  "training_gpu_1_memory_MB": 10,
  "training_gpu_2_memory_MB": 10,
  "training_gpu_3_memory_MB": 5265,
  "validation_start_acc": 0.03296703296703297,
  "validation_end_acc": 0.10989010989010989,
  "validation_span_acc": 0.0,
  "validation_em": 0.0,
  "validation_f1": 0.1562782530203931,
  "validation_loss": 8.151278098424276,
  "best_validation_start_acc": 0.01098901098901099,
  "best_validation_end_acc": 0.10989010989010989,
  "best_validation_span_acc": 0.0,
  "best_validation_em": 0.01098901098901099,
  "best_validation_f1": 0.17519470565472323,
  "best_validation_loss": 8.421151320139566
}