{
  "best_epoch": 7,
  "peak_cpu_memory_MB": 3879.86,
  "peak_gpu_0_memory_MB": 10,
  "peak_gpu_1_memory_MB": 10,
  "peak_gpu_2_memory_MB": 10,
  "peak_gpu_3_memory_MB": 4237,
  "training_duration": "00:11:57",
  "training_start_epoch": 0,
  "training_epochs": 16,
  "epoch": 16,
  "training_start_acc": 0.7074109720885466,
  "training_end_acc": 0.7603464870067372,
  "training_span_acc": 0.5418671799807507,
  "training_em": 0.5380173243503369,
  "training_f1": 0.82885406754765,
  "training_loss": 0.9495549431213965,
  "training_cpu_memory_MB": 3879.86,
  "training_gpu_0_memory_MB": 10,
  "training_gpu_1_memory_MB": 10,
  "training_gpu_2_memory_MB": 10,
  "training_gpu_3_memory_MB": 4237,
  "validation_start_acc": 0.2111111111111111,
  "validation_end_acc": 0.18888888888888888,
  "validation_span_acc": 0.1,
  "validation_em": 0.15555555555555556,
  "validation_f1": 0.3391303745125961,
  "validation_loss": 10.560502529144287,
  "best_validation_start_acc": 0.2111111111111111,
  "best_validation_end_acc": 0.2111111111111111,
  "best_validation_span_acc": 0.14444444444444443,
  "best_validation_em": 0.2111111111111111,
  "best_validation_f1": 0.3685944688709492,
  "best_validation_loss": 8.786098957061768
}