{
  "best_epoch": 14,
  "peak_cpu_memory_MB": 3632.992,
  "peak_gpu_0_memory_MB": 10,
  "peak_gpu_1_memory_MB": 10,
  "peak_gpu_2_memory_MB": 10,
  "peak_gpu_3_memory_MB": 5731,
  "training_duration": "00:04:13",
  "training_start_epoch": 0,
  "training_epochs": 19,
  "epoch": 19,
  "training_start_acc": 0.9746192893401016,
  "training_end_acc": 0.9695431472081218,
  "training_span_acc": 0.9593908629441624,
  "training_em": 0.934010152284264,
  "training_f1": 0.9526940894938493,
  "training_loss": 0.15344550231328377,
  "training_cpu_memory_MB": 3632.992,
  "training_gpu_0_memory_MB": 10,
  "training_gpu_1_memory_MB": 10,
  "training_gpu_2_memory_MB": 10,
  "training_gpu_3_memory_MB": 5731,
  "validation_start_acc": 0.0989010989010989,
  "validation_end_acc": 0.15384615384615385,
  "validation_span_acc": 0.04395604395604396,
  "validation_em": 0.04395604395604396,
  "validation_f1": 0.20191468971274917,
  "validation_loss": 12.913348038991293,
  "best_validation_start_acc": 0.12087912087912088,
  "best_validation_end_acc": 0.16483516483516483,
  "best_validation_span_acc": 0.054945054945054944,
  "best_validation_em": 0.054945054945054944,
  "best_validation_f1": 0.1753808982335,
  "best_validation_loss": 11.968722343444824
}