{
  "best_epoch": 9,
  "peak_cpu_memory_MB": 3656.94,
  "peak_gpu_0_memory_MB": 8903,
  "peak_gpu_1_memory_MB": 10,
  "peak_gpu_2_memory_MB": 10,
  "peak_gpu_3_memory_MB": 5729,
  "training_duration": "00:13:20",
  "training_start_epoch": 0,
  "training_epochs": 18,
  "epoch": 18,
  "training_start_acc": 0.9916666666666667,
  "training_end_acc": 0.9916666666666667,
  "training_span_acc": 0.9883333333333333,
  "training_em": 0.9516666666666667,
  "training_f1": 0.9788640791886718,
  "training_loss": 0.04533862345851958,
  "training_cpu_memory_MB": 3656.94,
  "training_gpu_0_memory_MB": 8903,
  "training_gpu_1_memory_MB": 10,
  "training_gpu_2_memory_MB": 10,
  "training_gpu_3_memory_MB": 5729,
  "validation_start_acc": 0.06896551724137931,
  "validation_end_acc": 0.1724137931034483,
  "validation_span_acc": 0.05747126436781609,
  "validation_em": 0.09195402298850575,
  "validation_f1": 0.35972959111712755,
  "validation_loss": 13.156762599945068,
  "best_validation_start_acc": 0.08045977011494253,
  "best_validation_end_acc": 0.19540229885057472,
  "best_validation_span_acc": 0.10344827586206896,
  "best_validation_em": 0.12643678160919541,
  "best_validation_f1": 0.3525208828659328,
  "best_validation_loss": 11.619371255238852
}