{
  "best_epoch": 4,
  "peak_cpu_memory_MB": 2708.152,
  "peak_gpu_0_memory_MB": 8903,
  "peak_gpu_1_memory_MB": 10,
  "peak_gpu_2_memory_MB": 10,
  "peak_gpu_3_memory_MB": 4867,
  "training_duration": "00:00:59",
  "training_start_epoch": 0,
  "training_epochs": 13,
  "epoch": 13,
  "training_start_acc": 0.34430379746835443,
  "training_end_acc": 0.3291139240506329,
  "training_span_acc": 0.21265822784810126,
  "training_em": 0.21772151898734177,
  "training_f1": 0.36547196067658216,
  "training_loss": 3.956340751647949,
  "training_cpu_memory_MB": 2708.152,
  "training_gpu_0_memory_MB": 8903,
  "training_gpu_1_memory_MB": 10,
  "training_gpu_2_memory_MB": 10,
  "training_gpu_3_memory_MB": 4867,
  "validation_start_acc": 0.05555555555555555,
  "validation_end_acc": 0.07777777777777778,
  "validation_span_acc": 0.011111111111111112,
  "validation_em": 0.011111111111111112,
  "validation_f1": 0.17732516395901993,
  "validation_loss": 11.101691404978434,
  "best_validation_start_acc": 0.06666666666666667,
  "best_validation_end_acc": 0.044444444444444446,
  "best_validation_span_acc": 0.011111111111111112,
  "best_validation_em": 0.022222222222222223,
  "best_validation_f1": 0.1683456737269029,
  "best_validation_loss": 8.754815181096395
}