{
  "best_epoch": 19,
  "peak_cpu_memory_MB": 3632.992,
  "peak_gpu_0_memory_MB": 10,
  "peak_gpu_1_memory_MB": 10,
  "peak_gpu_2_memory_MB": 10,
  "peak_gpu_3_memory_MB": 5739,
  "training_duration": "00:01:23",
  "training_start_epoch": 0,
  "training_epochs": 19,
  "epoch": 19,
  "training_start_acc": 0.7331670822942643,
  "training_end_acc": 0.8054862842892768,
  "training_span_acc": 0.6957605985037406,
  "training_em": 0.6907730673316709,
  "training_f1": 0.7954379496029247,
  "training_loss": 1.39289630147127,
  "training_cpu_memory_MB": 3632.992,
  "training_gpu_0_memory_MB": 10,
  "training_gpu_1_memory_MB": 10,
  "training_gpu_2_memory_MB": 10,
  "training_gpu_3_memory_MB": 5739,
  "validation_start_acc": 0.1111111111111111,
  "validation_end_acc": 0.12222222222222222,
  "validation_span_acc": 0.07777777777777778,
  "validation_em": 0.07777777777777778,
  "validation_f1": 0.2191622100789814,
  "validation_loss": 12.725417931874594,
  "best_validation_start_acc": 0.1111111111111111,
  "best_validation_end_acc": 0.12222222222222222,
  "best_validation_span_acc": 0.07777777777777778,
  "best_validation_em": 0.07777777777777778,
  "best_validation_f1": 0.2191622100789814,
  "best_validation_loss": 12.725417931874594
}