{
  "best_epoch": 13,
  "peak_cpu_memory_MB": 2665.0,
  "peak_gpu_0_memory_MB": 10787,
  "peak_gpu_1_memory_MB": 10,
  "peak_gpu_2_memory_MB": 10,
  "peak_gpu_3_memory_MB": 8858,
  "training_duration": "00:05:20",
  "training_start_epoch": 0,
  "training_epochs": 19,
  "epoch": 19,
  "training_start_acc": 0.29876543209876544,
  "training_end_acc": 0.4691358024691358,
  "training_span_acc": 0.21851851851851853,
  "training_em": 0.22469135802469137,
  "training_f1": 0.4634034218720706,
  "training_loss": 4.462300567065968,
  "training_cpu_memory_MB": 2665.0,
  "training_gpu_0_memory_MB": 10787,
  "training_gpu_1_memory_MB": 10,
  "training_gpu_2_memory_MB": 10,
  "training_gpu_3_memory_MB": 8858,
  "validation_start_acc": 0.08888888888888889,
  "validation_end_acc": 0.2,
  "validation_span_acc": 0.044444444444444446,
  "validation_em": 0.06666666666666667,
  "validation_f1": 0.3074566743155366,
  "validation_loss": 7.861778100331624,
  "best_validation_start_acc": 0.08888888888888889,
  "best_validation_end_acc": 0.23333333333333334,
  "best_validation_span_acc": 0.07777777777777778,
  "best_validation_em": 0.08888888888888889,
  "best_validation_f1": 0.323137219509117,
  "best_validation_loss": 7.7707648277282715
}