{
  "best_epoch": 14,
  "peak_cpu_memory_MB": 3632.992,
  "peak_gpu_0_memory_MB": 10,
  "peak_gpu_1_memory_MB": 10,
  "peak_gpu_2_memory_MB": 10,
  "peak_gpu_3_memory_MB": 5739,
  "training_duration": "00:01:25",
  "training_start_epoch": 0,
  "training_epochs": 19,
  "epoch": 19,
  "training_start_acc": 0.5160493827160494,
  "training_end_acc": 0.5308641975308642,
  "training_span_acc": 0.41728395061728396,
  "training_em": 0.40987654320987654,
  "training_f1": 0.5428374748983872,
  "training_loss": 2.662657448878655,
  "training_cpu_memory_MB": 3632.992,
  "training_gpu_0_memory_MB": 10,
  "training_gpu_1_memory_MB": 10,
  "training_gpu_2_memory_MB": 10,
  "training_gpu_3_memory_MB": 5739,
  "validation_start_acc": 0.06666666666666667,
  "validation_end_acc": 0.1,
  "validation_span_acc": 0.022222222222222223,
  "validation_em": 0.022222222222222223,
  "validation_f1": 0.15236494736848413,
  "validation_loss": 11.752549330393473,
  "best_validation_start_acc": 0.07777777777777778,
  "best_validation_end_acc": 0.1,
  "best_validation_span_acc": 0.03333333333333333,
  "best_validation_em": 0.03333333333333333,
  "best_validation_f1": 0.14231749095332197,
  "best_validation_loss": 10.582426071166992
}