{
  "best_epoch": 15,
  "peak_cpu_memory_MB": 3632.992,
  "peak_gpu_0_memory_MB": 10,
  "peak_gpu_1_memory_MB": 10,
  "peak_gpu_2_memory_MB": 10,
  "peak_gpu_3_memory_MB": 5739,
  "training_duration": "00:02:37",
  "training_start_epoch": 0,
  "training_epochs": 19,
  "epoch": 19,
  "training_start_acc": 0.8814814814814815,
  "training_end_acc": 0.9111111111111111,
  "training_span_acc": 0.837037037037037,
  "training_em": 0.825925925925926,
  "training_f1": 0.912850565434825,
  "training_loss": 0.6784838180915982,
  "training_cpu_memory_MB": 3632.992,
  "training_gpu_0_memory_MB": 10,
  "training_gpu_1_memory_MB": 10,
  "training_gpu_2_memory_MB": 10,
  "training_gpu_3_memory_MB": 5739,
  "validation_start_acc": 0.13333333333333333,
  "validation_end_acc": 0.17777777777777778,
  "validation_span_acc": 0.05555555555555555,
  "validation_em": 0.05555555555555555,
  "validation_f1": 0.2191003583833884,
  "validation_loss": 13.37023369471232,
  "best_validation_start_acc": 0.13333333333333333,
  "best_validation_end_acc": 0.16666666666666666,
  "best_validation_span_acc": 0.06666666666666667,
  "best_validation_em": 0.06666666666666667,
  "best_validation_f1": 0.21359107919341544,
  "best_validation_loss": 12.634910106658936
}