{
  "best_epoch": 8,
  "peak_cpu_memory_MB": 3571.064,
  "peak_gpu_0_memory_MB": 8903,
  "peak_gpu_1_memory_MB": 10,
  "peak_gpu_2_memory_MB": 10,
  "peak_gpu_3_memory_MB": 4785,
  "training_duration": "00:16:13",
  "training_start_epoch": 0,
  "training_epochs": 17,
  "epoch": 17,
  "training_start_acc": 0.9901112484548825,
  "training_end_acc": 0.992583436341162,
  "training_span_acc": 0.9864029666254636,
  "training_em": 0.9517923362175525,
  "training_f1": 0.9823647102058711,
  "training_loss": 0.07141399966991123,
  "training_cpu_memory_MB": 3571.064,
  "training_gpu_0_memory_MB": 8903,
  "training_gpu_1_memory_MB": 10,
  "training_gpu_2_memory_MB": 10,
  "training_gpu_3_memory_MB": 4785,
  "validation_start_acc": 0.16483516483516483,
  "validation_end_acc": 0.1978021978021978,
  "validation_span_acc": 0.12087912087912088,
  "validation_em": 0.13186813186813187,
  "validation_f1": 0.3152156161032054,
  "validation_loss": 12.484186172485352,
  "best_validation_start_acc": 0.17582417582417584,
  "best_validation_end_acc": 0.1978021978021978,
  "best_validation_span_acc": 0.14285714285714285,
  "best_validation_em": 0.18681318681318682,
  "best_validation_f1": 0.2973030794838095,
  "best_validation_loss": 8.412991205851236
}