{
  "best_epoch": 8,
  "peak_cpu_memory_MB": 3632.992,
  "peak_gpu_0_memory_MB": 10,
  "peak_gpu_1_memory_MB": 10,
  "peak_gpu_2_memory_MB": 10,
  "peak_gpu_3_memory_MB": 5739,
  "training_duration": "00:01:17",
  "training_start_epoch": 0,
  "training_epochs": 17,
  "epoch": 17,
  "training_start_acc": 0.6921182266009852,
  "training_end_acc": 0.7315270935960592,
  "training_span_acc": 0.6305418719211823,
  "training_em": 0.6182266009852216,
  "training_f1": 0.7489515218328026,
  "training_loss": 1.6807608535656562,
  "training_cpu_memory_MB": 3632.992,
  "training_gpu_0_memory_MB": 10,
  "training_gpu_1_memory_MB": 10,
  "training_gpu_2_memory_MB": 10,
  "training_gpu_3_memory_MB": 5739,
  "validation_start_acc": 0.03333333333333333,
  "validation_end_acc": 0.1111111111111111,
  "validation_span_acc": 0.011111111111111112,
  "validation_em": 0.022222222222222223,
  "validation_f1": 0.16862307278734928,
  "validation_loss": 10.78950277964274,
  "best_validation_start_acc": 0.044444444444444446,
  "best_validation_end_acc": 0.1,
  "best_validation_span_acc": 0.022222222222222223,
  "best_validation_em": 0.044444444444444446,
  "best_validation_f1": 0.16343247301976296,
  "best_validation_loss": 8.697007973988852
}