{
  "best_epoch": 7,
  "peak_cpu_memory_MB": 3853.092,
  "peak_gpu_0_memory_MB": 10787,
  "peak_gpu_1_memory_MB": 4159,
  "peak_gpu_2_memory_MB": 7173,
  "peak_gpu_3_memory_MB": 4159,
  "training_duration": "00:18:06",
  "training_start_epoch": 0,
  "training_epochs": 16,
  "epoch": 16,
  "training_start_acc": 0.6854256854256854,
  "training_end_acc": 0.7734487734487735,
  "training_span_acc": 0.5151515151515151,
  "training_em": 0.5209235209235209,
  "training_f1": 0.8240017878460814,
  "training_loss": 0.9600051662017559,
  "training_cpu_memory_MB": 3853.092,
  "training_gpu_0_memory_MB": 10787,
  "training_gpu_1_memory_MB": 4159,
  "training_gpu_2_memory_MB": 7173,
  "training_gpu_3_memory_MB": 4159,
  "validation_start_acc": 0.23333333333333334,
  "validation_end_acc": 0.32222222222222224,
  "validation_span_acc": 0.15555555555555556,
  "validation_em": 0.15555555555555556,
  "validation_f1": 0.3633265990605681,
  "validation_loss": 8.349692026774088,
  "best_validation_start_acc": 0.2777777777777778,
  "best_validation_end_acc": 0.28888888888888886,
  "best_validation_span_acc": 0.16666666666666666,
  "best_validation_em": 0.17777777777777778,
  "best_validation_f1": 0.3823760609007042,
  "best_validation_loss": 6.199582099914551
}