{
  "best_epoch": 11,
  "peak_cpu_memory_MB": 2630.652,
  "peak_gpu_0_memory_MB": 10787,
  "peak_gpu_1_memory_MB": 10,
  "peak_gpu_2_memory_MB": 10,
  "peak_gpu_3_memory_MB": 8858,
  "training_duration": "00:03:45",
  "training_start_epoch": 0,
  "training_epochs": 19,
  "epoch": 19,
  "training_start_acc": 0.5962962962962963,
  "training_end_acc": 0.7592592592592593,
  "training_span_acc": 0.5123456790123457,
  "training_em": 0.5160493827160494,
  "training_f1": 0.7577408607511603,
  "training_loss": 2.2536709635865453,
  "training_cpu_memory_MB": 2630.652,
  "training_gpu_0_memory_MB": 10787,
  "training_gpu_1_memory_MB": 10,
  "training_gpu_2_memory_MB": 10,
  "training_gpu_3_memory_MB": 8858,
  "validation_start_acc": 0.13333333333333333,
  "validation_end_acc": 0.23333333333333334,
  "validation_span_acc": 0.07777777777777778,
  "validation_em": 0.1111111111111111,
  "validation_f1": 0.3215808219395765,
  "validation_loss": 8.600057999293009,
  "best_validation_start_acc": 0.12222222222222222,
  "best_validation_end_acc": 0.2222222222222222,
  "best_validation_span_acc": 0.07777777777777778,
  "best_validation_em": 0.1111111111111111,
  "best_validation_f1": 0.29104255147314134,
  "best_validation_loss": 7.159654378890991
}