{
  "best_epoch": 9,
  "peak_cpu_memory_MB": 2710.964,
  "peak_gpu_0_memory_MB": 10,
  "peak_gpu_1_memory_MB": 10,
  "peak_gpu_2_memory_MB": 10,
  "peak_gpu_3_memory_MB": 4223,
  "training_duration": "00:03:53",
  "training_start_epoch": 0,
  "training_epochs": 18,
  "epoch": 18,
  "training_start_acc": 0.6071774975751697,
  "training_end_acc": 0.7245392822502424,
  "training_span_acc": 0.4364694471387003,
  "training_em": 0.44907856450048494,
  "training_f1": 0.7858875680099018,
  "training_loss": 1.7537416311410756,
  "training_cpu_memory_MB": 2710.964,
  "training_gpu_0_memory_MB": 10,
  "training_gpu_1_memory_MB": 10,
  "training_gpu_2_memory_MB": 10,
  "training_gpu_3_memory_MB": 4223,
  "validation_start_acc": 0.07692307692307693,
  "validation_end_acc": 0.2087912087912088,
  "validation_span_acc": 0.01098901098901099,
  "validation_em": 0.10989010989010989,
  "validation_f1": 0.32617996467840266,
  "validation_loss": 10.491410732269287,
  "best_validation_start_acc": 0.0989010989010989,
  "best_validation_end_acc": 0.23076923076923078,
  "best_validation_span_acc": 0.07692307692307693,
  "best_validation_em": 0.14285714285714285,
  "best_validation_f1": 0.32126991964430385,
  "best_validation_loss": 8.112649917602539
}