{
  "best_epoch": 14,
  "peak_cpu_memory_MB": 3515.728,
  "peak_gpu_0_memory_MB": 10,
  "peak_gpu_1_memory_MB": 10,
  "peak_gpu_2_memory_MB": 10,
  "peak_gpu_3_memory_MB": 4785,
  "training_duration": "00:16:40",
  "training_start_epoch": 0,
  "training_epochs": 19,
  "epoch": 19,
  "training_start_acc": 0.9950617283950617,
  "training_end_acc": 0.9925925925925926,
  "training_span_acc": 0.9901234567901235,
  "training_em": 0.9506172839506173,
  "training_f1": 0.9784163789539471,
  "training_loss": 0.04568750361053675,
  "training_cpu_memory_MB": 3515.728,
  "training_gpu_0_memory_MB": 10,
  "training_gpu_1_memory_MB": 10,
  "training_gpu_2_memory_MB": 10,
  "training_gpu_3_memory_MB": 4785,
  "validation_start_acc": 0.13333333333333333,
  "validation_end_acc": 0.16666666666666666,
  "validation_span_acc": 0.06666666666666667,
  "validation_em": 0.06666666666666667,
  "validation_f1": 0.20518230997359277,
  "validation_loss": 14.639853795369467,
  "best_validation_start_acc": 0.15555555555555556,
  "best_validation_end_acc": 0.13333333333333333,
  "best_validation_span_acc": 0.07777777777777778,
  "best_validation_em": 0.08888888888888889,
  "best_validation_f1": 0.2127399273966801,
  "best_validation_loss": 13.093230247497559
}