{
  "best_epoch": 8,
  "peak_cpu_memory_MB": 3856.236,
  "peak_gpu_0_memory_MB": 10,
  "peak_gpu_1_memory_MB": 10,
  "peak_gpu_2_memory_MB": 10,
  "peak_gpu_3_memory_MB": 4237,
  "training_duration": "00:21:19",
  "training_start_epoch": 0,
  "training_epochs": 17,
  "epoch": 17,
  "training_start_acc": 0.6923809523809524,
  "training_end_acc": 0.7638095238095238,
  "training_span_acc": 0.52,
  "training_em": 0.5295238095238095,
  "training_f1": 0.8276673060148041,
  "training_loss": 0.9690092698191152,
  "training_cpu_memory_MB": 3856.236,
  "training_gpu_0_memory_MB": 10,
  "training_gpu_1_memory_MB": 10,
  "training_gpu_2_memory_MB": 10,
  "training_gpu_3_memory_MB": 4237,
  "validation_start_acc": 0.2111111111111111,
  "validation_end_acc": 0.28888888888888886,
  "validation_span_acc": 0.1111111111111111,
  "validation_em": 0.16666666666666666,
  "validation_f1": 0.41120026228826606,
  "validation_loss": 9.549989144007364,
  "best_validation_start_acc": 0.23333333333333334,
  "best_validation_end_acc": 0.28888888888888886,
  "best_validation_span_acc": 0.14444444444444443,
  "best_validation_em": 0.2,
  "best_validation_f1": 0.4105123179640922,
  "best_validation_loss": 7.422780752182007
}