{
  "best_epoch": 6,
  "peak_cpu_memory_MB": 3621.028,
  "peak_gpu_0_memory_MB": 10787,
  "peak_gpu_1_memory_MB": 6755,
  "peak_gpu_2_memory_MB": 7173,
  "peak_gpu_3_memory_MB": 6755,
  "training_duration": "00:02:22",
  "training_start_epoch": 0,
  "training_epochs": 15,
  "epoch": 15,
  "training_start_acc": 0.9560439560439561,
  "training_end_acc": 0.967032967032967,
  "training_span_acc": 0.978021978021978,
  "training_em": 0.945054945054945,
  "training_f1": 0.9720726577344224,
  "training_loss": 0.39974699293573696,
  "training_cpu_memory_MB": 3621.028,
  "training_gpu_0_memory_MB": 10787,
  "training_gpu_1_memory_MB": 6755,
  "training_gpu_2_memory_MB": 7173,
  "training_gpu_3_memory_MB": 6755,
  "validation_start_acc": 0.06666666666666667,
  "validation_end_acc": 0.1,
  "validation_span_acc": 0.0,
  "validation_em": 0.0,
  "validation_f1": 0.14465583144441865,
  "validation_loss": 10.291367053985596,
  "best_validation_start_acc": 0.06666666666666667,
  "best_validation_end_acc": 0.1111111111111111,
  "best_validation_span_acc": 0.022222222222222223,
  "best_validation_em": 0.022222222222222223,
  "best_validation_f1": 0.14540415275005422,
  "best_validation_loss": 9.4768754641215
}