{
  "best_epoch": 2,
  "peak_cpu_memory_MB": 2739.988,
  "peak_gpu_0_memory_MB": 6121,
  "peak_gpu_1_memory_MB": 0,
  "peak_gpu_2_memory_MB": 0,
  "peak_gpu_3_memory_MB": 607,
  "training_duration": "00:01:37",
  "training_start_epoch": 0,
  "training_epochs": 11,
  "epoch": 11,
  "training_start_acc": 0.2518703241895262,
  "training_end_acc": 0.22942643391521197,
  "training_span_acc": 0.12468827930174564,
  "training_em": 0.12468827930174564,
  "training_f1": 0.25951372381430243,
  "training_loss": 3.9402463161028347,
  "training_cpu_memory_MB": 2739.988,
  "training_gpu_0_memory_MB": 6121,
  "training_gpu_1_memory_MB": 0,
  "training_gpu_2_memory_MB": 0,
  "training_gpu_3_memory_MB": 607,
  "validation_start_acc": 0.044444444444444446,
  "validation_end_acc": 0.07777777777777778,
  "validation_span_acc": 0.0,
  "validation_em": 0.0,
  "validation_f1": 0.1227658207009157,
  "validation_loss": 10.742319742838541,
  "best_validation_start_acc": 0.05555555555555555,
  "best_validation_end_acc": 0.08888888888888889,
  "best_validation_span_acc": 0.03333333333333333,
  "best_validation_em": 0.03333333333333333,
  "best_validation_f1": 0.1450387288624182,
  "best_validation_loss": 7.999706427256267
}