{
  "best_epoch": 5,
  "peak_cpu_memory_MB": 3626.016,
  "peak_gpu_0_memory_MB": 10787,
  "peak_gpu_1_memory_MB": 10,
  "peak_gpu_2_memory_MB": 7173,
  "peak_gpu_3_memory_MB": 6757,
  "training_duration": "00:02:10",
  "training_start_epoch": 0,
  "training_epochs": 14,
  "epoch": 14,
  "training_start_acc": 0.9130434782608695,
  "training_end_acc": 0.9456521739130435,
  "training_span_acc": 0.9239130434782609,
  "training_em": 0.8913043478260869,
  "training_f1": 0.9276333661094817,
  "training_loss": 0.5160346527894338,
  "training_cpu_memory_MB": 3626.016,
  "training_gpu_0_memory_MB": 10787,
  "training_gpu_1_memory_MB": 10,
  "training_gpu_2_memory_MB": 7173,
  "training_gpu_3_memory_MB": 6757,
  "validation_start_acc": 0.044444444444444446,
  "validation_end_acc": 0.12222222222222222,
  "validation_span_acc": 0.011111111111111112,
  "validation_em": 0.03333333333333333,
  "validation_f1": 0.18962287741688363,
  "validation_loss": 10.463111082712809,
  "best_validation_start_acc": 0.05555555555555555,
  "best_validation_end_acc": 0.08888888888888889,
  "best_validation_span_acc": 0.022222222222222223,
  "best_validation_em": 0.05555555555555555,
  "best_validation_f1": 0.18476637499579524,
  "best_validation_loss": 9.609776814778646
}