{
  "best_epoch": 2,
  "peak_cpu_memory_MB": 3656.94,
  "peak_gpu_0_memory_MB": 8903,
  "peak_gpu_1_memory_MB": 10,
  "peak_gpu_2_memory_MB": 10,
  "peak_gpu_3_memory_MB": 5731,
  "training_duration": "00:02:58",
  "training_start_epoch": 0,
  "training_epochs": 11,
  "epoch": 11,
  "training_start_acc": 0.6733668341708543,
  "training_end_acc": 0.5879396984924623,
  "training_span_acc": 0.5276381909547738,
  "training_em": 0.5175879396984925,
  "training_f1": 0.6340650239892346,
  "training_loss": 2.009378772515517,
  "training_cpu_memory_MB": 3656.94,
  "training_gpu_0_memory_MB": 8903,
  "training_gpu_1_memory_MB": 10,
  "training_gpu_2_memory_MB": 10,
  "training_gpu_3_memory_MB": 5731,
  "validation_start_acc": 0.08045977011494253,
  "validation_end_acc": 0.10344827586206896,
  "validation_span_acc": 0.034482758620689655,
  "validation_em": 0.04597701149425287,
  "validation_f1": 0.2146263551032998,
  "validation_loss": 11.205788453420004,
  "best_validation_start_acc": 0.09195402298850575,
  "best_validation_end_acc": 0.09195402298850575,
  "best_validation_span_acc": 0.022988505747126436,
  "best_validation_em": 0.05747126436781609,
  "best_validation_f1": 0.24123342522630942,
  "best_validation_loss": 8.70507033665975
}