{
  "best_epoch": 11,
  "peak_cpu_memory_MB": 3621.028,
  "peak_gpu_0_memory_MB": 10787,
  "peak_gpu_1_memory_MB": 6759,
  "peak_gpu_2_memory_MB": 7173,
  "peak_gpu_3_memory_MB": 6757,
  "training_duration": "00:03:12",
  "training_start_epoch": 0,
  "training_epochs": 19,
  "epoch": 19,
  "training_start_acc": 0.9891304347826086,
  "training_end_acc": 0.9891304347826086,
  "training_span_acc": 0.9891304347826086,
  "training_em": 0.9456521739130435,
  "training_f1": 0.9765642828751957,
  "training_loss": 0.09104467183351517,
  "training_cpu_memory_MB": 3621.028,
  "training_gpu_0_memory_MB": 10787,
  "training_gpu_1_memory_MB": 6759,
  "training_gpu_2_memory_MB": 7173,
  "training_gpu_3_memory_MB": 6757,
  "validation_start_acc": 0.05555555555555555,
  "validation_end_acc": 0.1,
  "validation_span_acc": 0.022222222222222223,
  "validation_em": 0.044444444444444446,
  "validation_f1": 0.18389398989790504,
  "validation_loss": 10.725211461385092,
  "best_validation_start_acc": 0.07777777777777778,
  "best_validation_end_acc": 0.1111111111111111,
  "best_validation_span_acc": 0.03333333333333333,
  "best_validation_em": 0.05555555555555555,
  "best_validation_f1": 0.17866464510448812,
  "best_validation_loss": 10.644995133082071
}