{
  "best_epoch": 3,
  "peak_cpu_memory_MB": 3626.016,
  "peak_gpu_0_memory_MB": 10787,
  "peak_gpu_1_memory_MB": 6755,
  "peak_gpu_2_memory_MB": 7173,
  "peak_gpu_3_memory_MB": 6755,
  "training_duration": "00:01:52",
  "training_start_epoch": 0,
  "training_epochs": 12,
  "epoch": 12,
  "training_start_acc": 0.8352941176470589,
  "training_end_acc": 0.7411764705882353,
  "training_span_acc": 0.7529411764705882,
  "training_em": 0.7176470588235294,
  "training_f1": 0.8043429798432731,
  "training_loss": 1.8014313379923503,
  "training_cpu_memory_MB": 3626.016,
  "training_gpu_0_memory_MB": 10787,
  "training_gpu_1_memory_MB": 6755,
  "training_gpu_2_memory_MB": 7173,
  "training_gpu_3_memory_MB": 6755,
  "validation_start_acc": 0.05555555555555555,
  "validation_end_acc": 0.1,
  "validation_span_acc": 0.011111111111111112,
  "validation_em": 0.022222222222222223,
  "validation_f1": 0.211019212086935,
  "validation_loss": 10.509652932484945,
  "best_validation_start_acc": 0.07777777777777778,
  "best_validation_end_acc": 0.07777777777777778,
  "best_validation_span_acc": 0.022222222222222223,
  "best_validation_em": 0.044444444444444446,
  "best_validation_f1": 0.20057964610027137,
  "best_validation_loss": 8.675371011098227
}