{
  "best_epoch": 13,
  "peak_cpu_memory_MB": 2652.268,
  "peak_gpu_0_memory_MB": 10787,
  "peak_gpu_1_memory_MB": 10,
  "peak_gpu_2_memory_MB": 10,
  "peak_gpu_3_memory_MB": 5917,
  "training_duration": "00:03:05",
  "training_start_epoch": 0,
  "training_epochs": 19,
  "epoch": 19,
  "training_start_acc": 0.03,
  "training_end_acc": 0.10166666666666667,
  "training_span_acc": 0.008333333333333333,
  "training_em": 0.011666666666666667,
  "training_f1": 0.13103272025369722,
  "training_loss": 8.111043691635132,
  "training_cpu_memory_MB": 2652.268,
  "training_gpu_0_memory_MB": 10787,
  "training_gpu_1_memory_MB": 10,
  "training_gpu_2_memory_MB": 10,
  "training_gpu_3_memory_MB": 5917,
  "validation_start_acc": 0.034482758620689655,
  "validation_end_acc": 0.09195402298850575,
  "validation_span_acc": 0.011494252873563218,
  "validation_em": 0.022988505747126436,
  "validation_f1": 0.2019883982062597,
  "validation_loss": 8.428423325220743,
  "best_validation_start_acc": 0.05747126436781609,
  "best_validation_end_acc": 0.09195402298850575,
  "best_validation_span_acc": 0.011494252873563218,
  "best_validation_em": 0.034482758620689655,
  "best_validation_f1": 0.18581167279012317,
  "best_validation_loss": 8.608002344767252
}