{
  "best_epoch": 16,
  "peak_cpu_memory_MB": 3593.744,
  "peak_gpu_0_memory_MB": 8903,
  "peak_gpu_1_memory_MB": 10,
  "peak_gpu_2_memory_MB": 10,
  "peak_gpu_3_memory_MB": 4001,
  "training_duration": "00:02:47",
  "training_start_epoch": 0,
  "training_epochs": 19,
  "epoch": 19,
  "training_start_acc": 0.8876941457586619,
  "training_end_acc": 0.8972520908004779,
  "training_span_acc": 0.8470728793309439,
  "training_em": 0.8327359617682198,
  "training_f1": 0.908122486798762,
  "training_loss": 0.6907359929579608,
  "training_cpu_memory_MB": 3593.744,
  "training_gpu_0_memory_MB": 8903,
  "training_gpu_1_memory_MB": 10,
  "training_gpu_2_memory_MB": 10,
  "training_gpu_3_memory_MB": 4001,
  "validation_start_acc": 0.19047619047619047,
  "validation_end_acc": 0.2698412698412698,
  "validation_span_acc": 0.12698412698412698,
  "validation_em": 0.20634920634920634,
  "validation_f1": 0.43393546639319225,
  "validation_loss": 12.789530277252197,
  "best_validation_start_acc": 0.14285714285714285,
  "best_validation_end_acc": 0.2698412698412698,
  "best_validation_span_acc": 0.12698412698412698,
  "best_validation_em": 0.25396825396825395,
  "best_validation_f1": 0.4279977462063188,
  "best_validation_loss": 11.600852966308594
}