{
  "best_epoch": 14,
  "peak_cpu_memory_MB": 3629.696,
  "peak_gpu_0_memory_MB": 8903,
  "peak_gpu_1_memory_MB": 10,
  "peak_gpu_2_memory_MB": 10,
  "peak_gpu_3_memory_MB": 4785,
  "training_duration": "00:12:25",
  "training_start_epoch": 0,
  "training_epochs": 19,
  "epoch": 19,
  "training_start_acc": 0.9888888888888889,
  "training_end_acc": 0.9938271604938271,
  "training_span_acc": 0.9876543209876543,
  "training_em": 0.945679012345679,
  "training_f1": 0.973392339800706,
  "training_loss": 0.05540119835139051,
  "training_cpu_memory_MB": 3629.696,
  "training_gpu_0_memory_MB": 8903,
  "training_gpu_1_memory_MB": 10,
  "training_gpu_2_memory_MB": 10,
  "training_gpu_3_memory_MB": 4785,
  "validation_start_acc": 0.2,
  "validation_end_acc": 0.2111111111111111,
  "validation_span_acc": 0.13333333333333333,
  "validation_em": 0.16666666666666666,
  "validation_f1": 0.3591530220189222,
  "validation_loss": 13.220571994781494,
  "best_validation_start_acc": 0.2222222222222222,
  "best_validation_end_acc": 0.26666666666666666,
  "best_validation_span_acc": 0.1111111111111111,
  "best_validation_em": 0.2,
  "best_validation_f1": 0.40194592074364777,
  "best_validation_loss": 11.318688233693441
}