{
  "best_epoch": 7,
  "peak_cpu_memory_MB": 3866.676,
  "peak_gpu_0_memory_MB": 10,
  "peak_gpu_1_memory_MB": 10,
  "peak_gpu_2_memory_MB": 10,
  "peak_gpu_3_memory_MB": 4237,
  "training_duration": "00:02:56",
  "training_start_epoch": 0,
  "training_epochs": 16,
  "epoch": 16,
  "training_start_acc": 0.6615384615384615,
  "training_end_acc": 0.823076923076923,
  "training_span_acc": 0.5692307692307692,
  "training_em": 0.5846153846153846,
  "training_f1": 0.8368691321213755,
  "training_loss": 1.2216484016842313,
  "training_cpu_memory_MB": 3866.676,
  "training_gpu_0_memory_MB": 10,
  "training_gpu_1_memory_MB": 10,
  "training_gpu_2_memory_MB": 10,
  "training_gpu_3_memory_MB": 4237,
  "validation_start_acc": 0.06593406593406594,
  "validation_end_acc": 0.0989010989010989,
  "validation_span_acc": 0.02197802197802198,
  "validation_em": 0.02197802197802198,
  "validation_f1": 0.18041729014312283,
  "validation_loss": 10.805938561757406,
  "best_validation_start_acc": 0.06593406593406594,
  "best_validation_end_acc": 0.054945054945054944,
  "best_validation_span_acc": 0.03296703296703297,
  "best_validation_em": 0.03296703296703297,
  "best_validation_f1": 0.14961504144909793,
  "best_validation_loss": 10.146064758300781
}