{
  "best_epoch": 4,
  "peak_cpu_memory_MB": 2652.268,
  "peak_gpu_0_memory_MB": 10787,
  "peak_gpu_1_memory_MB": 10,
  "peak_gpu_2_memory_MB": 10,
  "peak_gpu_3_memory_MB": 5917,
  "training_duration": "00:00:52",
  "training_start_epoch": 0,
  "training_epochs": 13,
  "epoch": 13,
  "training_start_acc": 0.010101010101010102,
  "training_end_acc": 0.1111111111111111,
  "training_span_acc": 0.0,
  "training_em": 0.0,
  "training_f1": 0.12697117352566042,
  "training_loss": 8.624484502352201,
  "training_cpu_memory_MB": 2652.268,
  "training_gpu_0_memory_MB": 10787,
  "training_gpu_1_memory_MB": 10,
  "training_gpu_2_memory_MB": 10,
  "training_gpu_3_memory_MB": 5917,
  "validation_start_acc": 0.022222222222222223,
  "validation_end_acc": 0.08888888888888889,
  "validation_span_acc": 0.011111111111111112,
  "validation_em": 0.011111111111111112,
  "validation_f1": 0.13923721779069204,
  "validation_loss": 9.295377095540365,
  "best_validation_start_acc": 0.022222222222222223,
  "best_validation_end_acc": 0.07777777777777778,
  "best_validation_span_acc": 0.022222222222222223,
  "best_validation_em": 0.022222222222222223,
  "best_validation_f1": 0.14659625756688513,
  "best_validation_loss": 9.82091728846232
}