{
  "best_epoch": 17,
  "peak_cpu_memory_MB": 3632.984,
  "peak_gpu_0_memory_MB": 8903,
  "peak_gpu_1_memory_MB": 10,
  "peak_gpu_2_memory_MB": 10,
  "peak_gpu_3_memory_MB": 4001,
  "training_duration": "00:01:40",
  "training_start_epoch": 0,
  "training_epochs": 19,
  "epoch": 19,
  "training_start_acc": 0.9445628997867804,
  "training_end_acc": 0.9808102345415778,
  "training_span_acc": 0.9381663113006397,
  "training_em": 0.929637526652452,
  "training_f1": 0.9699082527737473,
  "training_loss": 0.24928489749630292,
  "training_cpu_memory_MB": 3632.984,
  "training_gpu_0_memory_MB": 8903,
  "training_gpu_1_memory_MB": 10,
  "training_gpu_2_memory_MB": 10,
  "training_gpu_3_memory_MB": 4001,
  "validation_start_acc": 0.09523809523809523,
  "validation_end_acc": 0.19047619047619047,
  "validation_span_acc": 0.047619047619047616,
  "validation_em": 0.06349206349206349,
  "validation_f1": 0.30790543489549715,
  "validation_loss": 14.22157883644104,
  "best_validation_start_acc": 0.07936507936507936,
  "best_validation_end_acc": 0.2222222222222222,
  "best_validation_span_acc": 0.06349206349206349,
  "best_validation_em": 0.12698412698412698,
  "best_validation_f1": 0.3785980140975576,
  "best_validation_loss": 13.220232963562012
}