{
  "best_epoch": 3,
  "peak_cpu_memory_MB": 3656.296,
  "peak_gpu_0_memory_MB": 10,
  "peak_gpu_1_memory_MB": 10,
  "peak_gpu_2_memory_MB": 10,
  "peak_gpu_3_memory_MB": 5705,
  "training_duration": "00:02:46",
  "training_start_epoch": 0,
  "training_epochs": 12,
  "epoch": 12,
  "training_start_acc": 0.6886792452830188,
  "training_end_acc": 0.5801886792452831,
  "training_span_acc": 0.6132075471698113,
  "training_em": 0.6037735849056604,
  "training_f1": 0.671524563478406,
  "training_loss": 1.8894921711512975,
  "training_cpu_memory_MB": 3656.296,
  "training_gpu_0_memory_MB": 10,
  "training_gpu_1_memory_MB": 10,
  "training_gpu_2_memory_MB": 10,
  "training_gpu_3_memory_MB": 5705,
  "validation_start_acc": 0.06593406593406594,
  "validation_end_acc": 0.08791208791208792,
  "validation_span_acc": 0.04395604395604396,
  "validation_em": 0.04395604395604396,
  "validation_f1": 0.16503285209343677,
  "validation_loss": 10.909851551055908,
  "best_validation_start_acc": 0.054945054945054944,
  "best_validation_end_acc": 0.08791208791208792,
  "best_validation_span_acc": 0.04395604395604396,
  "best_validation_em": 0.04395604395604396,
  "best_validation_f1": 0.13960892170567984,
  "best_validation_loss": 8.383023659388224
}