{
  "best_epoch": 11,
  "peak_cpu_memory_MB": 3866.676,
  "peak_gpu_0_memory_MB": 10,
  "peak_gpu_1_memory_MB": 10,
  "peak_gpu_2_memory_MB": 10,
  "peak_gpu_3_memory_MB": 4237,
  "training_duration": "00:10:40",
  "training_start_epoch": 0,
  "training_epochs": 19,
  "epoch": 19,
  "training_start_acc": 0.672463768115942,
  "training_end_acc": 0.7768115942028986,
  "training_span_acc": 0.5159420289855072,
  "training_em": 0.5260869565217391,
  "training_f1": 0.8424315744775358,
  "training_loss": 0.9120499180121855,
  "training_cpu_memory_MB": 3866.676,
  "training_gpu_0_memory_MB": 10,
  "training_gpu_1_memory_MB": 10,
  "training_gpu_2_memory_MB": 10,
  "training_gpu_3_memory_MB": 4237,
  "validation_start_acc": 0.16666666666666666,
  "validation_end_acc": 0.2777777777777778,
  "validation_span_acc": 0.07777777777777778,
  "validation_em": 0.08888888888888889,
  "validation_f1": 0.292637736363057,
  "validation_loss": 10.550201574961344,
  "best_validation_start_acc": 0.14444444444444443,
  "best_validation_end_acc": 0.24444444444444444,
  "best_validation_span_acc": 0.13333333333333333,
  "best_validation_em": 0.13333333333333333,
  "best_validation_f1": 0.309031260425353,
  "best_validation_loss": 8.497148831685385
}