{
  "best_epoch": 8,
  "peak_cpu_memory_MB": 3853.092,
  "peak_gpu_0_memory_MB": 10787,
  "peak_gpu_1_memory_MB": 4159,
  "peak_gpu_2_memory_MB": 7173,
  "peak_gpu_3_memory_MB": 4159,
  "training_duration": "00:18:58",
  "training_start_epoch": 0,
  "training_epochs": 17,
  "epoch": 17,
  "training_start_acc": 0.6839452843772498,
  "training_end_acc": 0.7530597552195825,
  "training_span_acc": 0.49676025917926564,
  "training_em": 0.503959683225342,
  "training_f1": 0.8158598759090376,
  "training_loss": 0.9517824618980802,
  "training_cpu_memory_MB": 3853.092,
  "training_gpu_0_memory_MB": 10787,
  "training_gpu_1_memory_MB": 4159,
  "training_gpu_2_memory_MB": 7173,
  "training_gpu_3_memory_MB": 4159,
  "validation_start_acc": 0.2,
  "validation_end_acc": 0.35555555555555557,
  "validation_span_acc": 0.14444444444444443,
  "validation_em": 0.14444444444444443,
  "validation_f1": 0.37671602204127247,
  "validation_loss": 9.94223419825236,
  "best_validation_start_acc": 0.26666666666666666,
  "best_validation_end_acc": 0.4111111111111111,
  "best_validation_span_acc": 0.2,
  "best_validation_em": 0.2,
  "best_validation_f1": 0.45201292742898147,
  "best_validation_loss": 7.604921579360962
}