{
  "best_epoch": 7,
  "peak_cpu_memory_MB": 3867.7,
  "peak_gpu_0_memory_MB": 10,
  "peak_gpu_1_memory_MB": 10,
  "peak_gpu_2_memory_MB": 10,
  "peak_gpu_3_memory_MB": 6399,
  "training_duration": "00:02:57",
  "training_start_epoch": 0,
  "training_epochs": 16,
  "epoch": 16,
  "training_start_acc": 0.6778523489932886,
  "training_end_acc": 0.7986577181208053,
  "training_span_acc": 0.5302013422818792,
  "training_em": 0.5369127516778524,
  "training_f1": 0.8407206688160922,
  "training_loss": 1.0256380915641785,
  "training_cpu_memory_MB": 3867.7,
  "training_gpu_0_memory_MB": 10,
  "training_gpu_1_memory_MB": 10,
  "training_gpu_2_memory_MB": 10,
  "training_gpu_3_memory_MB": 6399,
  "validation_start_acc": 0.07777777777777778,
  "validation_end_acc": 0.1,
  "validation_span_acc": 0.03333333333333333,
  "validation_em": 0.06666666666666667,
  "validation_f1": 0.23842215716246992,
  "validation_loss": 11.358401616414389,
  "best_validation_start_acc": 0.07777777777777778,
  "best_validation_end_acc": 0.06666666666666667,
  "best_validation_span_acc": 0.044444444444444446,
  "best_validation_em": 0.07777777777777778,
  "best_validation_f1": 0.2270109838449225,
  "best_validation_loss": 10.07454506556193
}