{
  "best_epoch": 7,
  "peak_cpu_memory_MB": 3234.068,
  "peak_gpu_0_memory_MB": 10,
  "peak_gpu_1_memory_MB": 10,
  "peak_gpu_2_memory_MB": 10,
  "peak_gpu_3_memory_MB": 4237,
  "training_duration": "00:15:57",
  "training_start_epoch": 0,
  "training_epochs": 16,
  "epoch": 16,
  "training_start_acc": 0.6781115879828327,
  "training_end_acc": 0.7639484978540773,
  "training_span_acc": 0.5078683834048641,
  "training_em": 0.5135908440629471,
  "training_f1": 0.8167252913571764,
  "training_loss": 0.9892766882072795,
  "training_cpu_memory_MB": 3233.944,
  "training_gpu_0_memory_MB": 10,
  "training_gpu_1_memory_MB": 10,
  "training_gpu_2_memory_MB": 10,
  "training_gpu_3_memory_MB": 4237,
  "validation_start_acc": 0.15384615384615385,
  "validation_end_acc": 0.31868131868131866,
  "validation_span_acc": 0.10989010989010989,
  "validation_em": 0.14285714285714285,
  "validation_f1": 0.3429559054537322,
  "validation_loss": 9.821566025416056,
  "best_validation_start_acc": 0.16483516483516483,
  "best_validation_end_acc": 0.3076923076923077,
  "best_validation_span_acc": 0.13186813186813187,
  "best_validation_em": 0.1978021978021978,
  "best_validation_f1": 0.38750293829848764,
  "best_validation_loss": 7.856465816497803
}