{
  "best_epoch": 3,
  "peak_cpu_memory_MB": 3621.028,
  "peak_gpu_0_memory_MB": 10787,
  "peak_gpu_1_memory_MB": 6759,
  "peak_gpu_2_memory_MB": 7173,
  "peak_gpu_3_memory_MB": 6757,
  "training_duration": "00:01:55",
  "training_start_epoch": 0,
  "training_epochs": 12,
  "epoch": 12,
  "training_start_acc": 0.8192771084337349,
  "training_end_acc": 0.6506024096385542,
  "training_span_acc": 0.6987951807228916,
  "training_em": 0.6746987951807228,
  "training_f1": 0.7627336348928503,
  "training_loss": 1.8963566819826763,
  "training_cpu_memory_MB": 3621.028,
  "training_gpu_0_memory_MB": 10787,
  "training_gpu_1_memory_MB": 6759,
  "training_gpu_2_memory_MB": 7173,
  "training_gpu_3_memory_MB": 6755,
  "validation_start_acc": 0.022222222222222223,
  "validation_end_acc": 0.06666666666666667,
  "validation_span_acc": 0.0,
  "validation_em": 0.0,
  "validation_f1": 0.10855976422100756,
  "validation_loss": 10.328334013621012,
  "best_validation_start_acc": 0.011111111111111112,
  "best_validation_end_acc": 0.07777777777777778,
  "best_validation_span_acc": 0.022222222222222223,
  "best_validation_em": 0.022222222222222223,
  "best_validation_f1": 0.13608761680720705,
  "best_validation_loss": 8.891381820042929
}