{
  "best_epoch": 12,
  "peak_cpu_memory_MB": 3879.86,
  "peak_gpu_0_memory_MB": 10,
  "peak_gpu_1_memory_MB": 10,
  "peak_gpu_2_memory_MB": 10,
  "peak_gpu_3_memory_MB": 4237,
  "training_duration": "00:10:39",
  "training_start_epoch": 0,
  "training_epochs": 19,
  "epoch": 19,
  "training_start_acc": 0.7043478260869566,
  "training_end_acc": 0.7913043478260869,
  "training_span_acc": 0.5434782608695652,
  "training_em": 0.5521739130434783,
  "training_f1": 0.8441603617823563,
  "training_loss": 0.9145576398481022,
  "training_cpu_memory_MB": 3879.86,
  "training_gpu_0_memory_MB": 10,
  "training_gpu_1_memory_MB": 10,
  "training_gpu_2_memory_MB": 10,
  "training_gpu_3_memory_MB": 4237,
  "validation_start_acc": 0.12222222222222222,
  "validation_end_acc": 0.25555555555555554,
  "validation_span_acc": 0.06666666666666667,
  "validation_em": 0.1,
  "validation_f1": 0.3305070235970532,
  "validation_loss": 10.006238460540771,
  "best_validation_start_acc": 0.16666666666666666,
  "best_validation_end_acc": 0.23333333333333334,
  "best_validation_span_acc": 0.08888888888888889,
  "best_validation_em": 0.15555555555555556,
  "best_validation_f1": 0.3871888788505472,
  "best_validation_loss": 8.788988828659058
}