{
  "best_epoch": 10,
  "peak_cpu_memory_MB": 3867.7,
  "peak_gpu_0_memory_MB": 10,
  "peak_gpu_1_memory_MB": 10,
  "peak_gpu_2_memory_MB": 10,
  "peak_gpu_3_memory_MB": 6395,
  "training_duration": "00:06:03",
  "training_start_epoch": 0,
  "training_epochs": 19,
  "epoch": 19,
  "training_start_acc": 0.7044854881266491,
  "training_end_acc": 0.7941952506596306,
  "training_span_acc": 0.5303430079155673,
  "training_em": 0.5303430079155673,
  "training_f1": 0.8321547732180075,
  "training_loss": 0.9258177739878496,
  "training_cpu_memory_MB": 3867.7,
  "training_gpu_0_memory_MB": 10,
  "training_gpu_1_memory_MB": 10,
  "training_gpu_2_memory_MB": 10,
  "training_gpu_3_memory_MB": 6395,
  "validation_start_acc": 0.12087912087912088,
  "validation_end_acc": 0.13186813186813187,
  "validation_span_acc": 0.04395604395604396,
  "validation_em": 0.06593406593406594,
  "validation_f1": 0.25834108909669196,
  "validation_loss": 10.08333651224772,
  "best_validation_start_acc": 0.08791208791208792,
  "best_validation_end_acc": 0.13186813186813187,
  "best_validation_span_acc": 0.06593406593406594,
  "best_validation_em": 0.0989010989010989,
  "best_validation_f1": 0.2639006491027448,
  "best_validation_loss": 9.680499156316122
}