{
  "best_epoch": 12,
  "peak_cpu_memory_MB": 2720.292,
  "peak_gpu_0_memory_MB": 5473,
  "peak_gpu_1_memory_MB": 0,
  "peak_gpu_2_memory_MB": 0,
  "peak_gpu_3_memory_MB": 1204,
  "training_duration": "00:05:08",
  "training_start_epoch": 0,
  "training_epochs": 19,
  "epoch": 19,
  "training_start_acc": 0.8679012345679012,
  "training_end_acc": 0.8777777777777778,
  "training_span_acc": 0.8209876543209876,
  "training_em": 0.8160493827160494,
  "training_f1": 0.8801460642450024,
  "training_loss": 0.6842249526697046,
  "training_cpu_memory_MB": 2720.292,
  "training_gpu_0_memory_MB": 5473,
  "training_gpu_1_memory_MB": 0,
  "training_gpu_2_memory_MB": 0,
  "training_gpu_3_memory_MB": 1204,
  "validation_start_acc": 0.06666666666666667,
  "validation_end_acc": 0.1111111111111111,
  "validation_span_acc": 0.022222222222222223,
  "validation_em": 0.022222222222222223,
  "validation_f1": 0.15720759093430361,
  "validation_loss": 14.225403944651285,
  "best_validation_start_acc": 0.1111111111111111,
  "best_validation_end_acc": 0.12222222222222222,
  "best_validation_span_acc": 0.06666666666666667,
  "best_validation_em": 0.06666666666666667,
  "best_validation_f1": 0.16937863917978155,
  "best_validation_loss": 11.163510004679361
}