{
  "best_epoch": 5,
  "peak_cpu_memory_MB": 4614.648,
  "peak_gpu_0_memory_MB": 10,
  "peak_gpu_1_memory_MB": 10,
  "peak_gpu_2_memory_MB": 3769,
  "peak_gpu_3_memory_MB": 1993,
  "training_duration": "00:02:40",
  "training_start_epoch": 0,
  "training_epochs": 14,
  "epoch": 14,
  "training_start_acc": 0.01914580265095729,
  "training_end_acc": 0.1325478645066274,
  "training_span_acc": 0.004418262150220913,
  "training_em": 0.007363770250368188,
  "training_f1": 0.18998520697843835,
  "training_loss": 7.995000761608745,
  "training_cpu_memory_MB": 4614.648,
  "training_gpu_0_memory_MB": 10,
  "training_gpu_1_memory_MB": 10,
  "training_gpu_2_memory_MB": 3769,
  "training_gpu_3_memory_MB": 1993,
  "validation_start_acc": 0.02197802197802198,
  "validation_end_acc": 0.10989010989010989,
  "validation_span_acc": 0.0,
  "validation_em": 0.0,
  "validation_f1": 0.17368271509825658,
  "validation_loss": 8.514971494674683,
  "best_validation_start_acc": 0.01098901098901099,
  "best_validation_end_acc": 0.06593406593406594,
  "best_validation_span_acc": 0.0,
  "best_validation_em": 0.01098901098901099,
  "best_validation_f1": 0.16508812609841952,
  "best_validation_loss": 8.770368734995523
}