{
  "best_epoch": 7,
  "peak_cpu_memory_MB": 3656.296,
  "peak_gpu_0_memory_MB": 10,
  "peak_gpu_1_memory_MB": 10,
  "peak_gpu_2_memory_MB": 10,
  "peak_gpu_3_memory_MB": 5713,
  "training_duration": "00:02:41",
  "training_start_epoch": 0,
  "training_epochs": 16,
  "epoch": 16,
  "training_start_acc": 0.900990099009901,
  "training_end_acc": 0.900990099009901,
  "training_span_acc": 0.8811881188118812,
  "training_em": 0.8514851485148515,
  "training_f1": 0.8983094115002969,
  "training_loss": 0.5835725281919751,
  "training_cpu_memory_MB": 3656.296,
  "training_gpu_0_memory_MB": 10,
  "training_gpu_1_memory_MB": 10,
  "training_gpu_2_memory_MB": 10,
  "training_gpu_3_memory_MB": 5713,
  "validation_start_acc": 0.07777777777777778,
  "validation_end_acc": 0.08888888888888889,
  "validation_span_acc": 0.011111111111111112,
  "validation_em": 0.03333333333333333,
  "validation_f1": 0.1772575704323742,
  "validation_loss": 9.801896890004477,
  "best_validation_start_acc": 0.05555555555555555,
  "best_validation_end_acc": 0.1,
  "best_validation_span_acc": 0.044444444444444446,
  "best_validation_em": 0.05555555555555555,
  "best_validation_f1": 0.1833912794343521,
  "best_validation_loss": 8.777116775512695
}