{
  "best_epoch": 6,
  "peak_cpu_memory_MB": 3626.016,
  "peak_gpu_0_memory_MB": 10787,
  "peak_gpu_1_memory_MB": 6755,
  "peak_gpu_2_memory_MB": 7173,
  "peak_gpu_3_memory_MB": 6755,
  "training_duration": "00:06:03",
  "training_start_epoch": 0,
  "training_epochs": 15,
  "epoch": 15,
  "training_start_acc": 0.9879518072289156,
  "training_end_acc": 0.983132530120482,
  "training_span_acc": 0.980722891566265,
  "training_em": 0.9325301204819277,
  "training_f1": 0.9737080921417105,
  "training_loss": 0.09735731293375675,
  "training_cpu_memory_MB": 3626.016,
  "training_gpu_0_memory_MB": 10787,
  "training_gpu_1_memory_MB": 6755,
  "training_gpu_2_memory_MB": 7173,
  "training_gpu_3_memory_MB": 6755,
  "validation_start_acc": 0.13333333333333333,
  "validation_end_acc": 0.24444444444444444,
  "validation_span_acc": 0.07777777777777778,
  "validation_em": 0.08888888888888889,
  "validation_f1": 0.2984525215493133,
  "validation_loss": 14.34567372004191,
  "best_validation_start_acc": 0.1111111111111111,
  "best_validation_end_acc": 0.12222222222222222,
  "best_validation_span_acc": 0.05555555555555555,
  "best_validation_em": 0.1,
  "best_validation_f1": 0.2519278293383497,
  "best_validation_loss": 9.109903573989868
}