{
  "best_epoch": 19,
  "peak_cpu_memory_MB": 3656.94,
  "peak_gpu_0_memory_MB": 8903,
  "peak_gpu_1_memory_MB": 10,
  "peak_gpu_2_memory_MB": 10,
  "peak_gpu_3_memory_MB": 5729,
  "training_duration": "00:14:34",
  "training_start_epoch": 0,
  "training_epochs": 19,
  "epoch": 19,
  "training_start_acc": 0.9836601307189542,
  "training_end_acc": 0.9918300653594772,
  "training_span_acc": 0.9820261437908496,
  "training_em": 0.9477124183006536,
  "training_f1": 0.9765629262194632,
  "training_loss": 0.06908656031084366,
  "training_cpu_memory_MB": 3656.94,
  "training_gpu_0_memory_MB": 8903,
  "training_gpu_1_memory_MB": 10,
  "training_gpu_2_memory_MB": 10,
  "training_gpu_3_memory_MB": 5729,
  "validation_start_acc": 0.12222222222222222,
  "validation_end_acc": 0.17777777777777778,
  "validation_span_acc": 0.1111111111111111,
  "validation_em": 0.15555555555555556,
  "validation_f1": 0.30296154405792824,
  "validation_loss": 15.008612473805746,
  "best_validation_start_acc": 0.12222222222222222,
  "best_validation_end_acc": 0.17777777777777778,
  "best_validation_span_acc": 0.1111111111111111,
  "best_validation_em": 0.15555555555555556,
  "best_validation_f1": 0.30296154405792824,
  "best_validation_loss": 15.008612473805746
}