{
  "best_epoch": 9,
  "peak_cpu_memory_MB": 3621.028,
  "peak_gpu_0_memory_MB": 10787,
  "peak_gpu_1_memory_MB": 6755,
  "peak_gpu_2_memory_MB": 7173,
  "peak_gpu_3_memory_MB": 6755,
  "training_duration": "00:04:06",
  "training_start_epoch": 0,
  "training_epochs": 18,
  "epoch": 18,
  "training_start_acc": 0.9853658536585366,
  "training_end_acc": 0.9951219512195122,
  "training_span_acc": 0.9853658536585366,
  "training_em": 0.9512195121951219,
  "training_f1": 0.9756195618834412,
  "training_loss": 0.13203747026049173,
  "training_cpu_memory_MB": 3621.028,
  "training_gpu_0_memory_MB": 10787,
  "training_gpu_1_memory_MB": 6755,
  "training_gpu_2_memory_MB": 7173,
  "training_gpu_3_memory_MB": 6755,
  "validation_start_acc": 0.05555555555555555,
  "validation_end_acc": 0.12222222222222222,
  "validation_span_acc": 0.022222222222222223,
  "validation_em": 0.022222222222222223,
  "validation_f1": 0.1323315776870214,
  "validation_loss": 12.030843416849772,
  "best_validation_start_acc": 0.06666666666666667,
  "best_validation_end_acc": 0.1,
  "best_validation_span_acc": 0.03333333333333333,
  "best_validation_em": 0.03333333333333333,
  "best_validation_f1": 0.15316151379486662,
  "best_validation_loss": 10.029046853383383
}