{
  "best_epoch": 13,
  "peak_cpu_memory_MB": 3867.7,
  "peak_gpu_0_memory_MB": 10,
  "peak_gpu_1_memory_MB": 10,
  "peak_gpu_2_memory_MB": 10,
  "peak_gpu_3_memory_MB": 6395,
  "training_duration": "00:05:30",
  "training_start_epoch": 0,
  "training_epochs": 19,
  "epoch": 19,
  "training_start_acc": 0.6959247648902821,
  "training_end_acc": 0.7931034482758621,
  "training_span_acc": 0.5579937304075235,
  "training_em": 0.5736677115987461,
  "training_f1": 0.8338074078897981,
  "training_loss": 0.9832542598247528,
  "training_cpu_memory_MB": 3867.7,
  "training_gpu_0_memory_MB": 10,
  "training_gpu_1_memory_MB": 10,
  "training_gpu_2_memory_MB": 10,
  "training_gpu_3_memory_MB": 6395,
  "validation_start_acc": 0.08888888888888889,
  "validation_end_acc": 0.14444444444444443,
  "validation_span_acc": 0.05555555555555555,
  "validation_em": 0.08888888888888889,
  "validation_f1": 0.29224455169033364,
  "validation_loss": 10.793887774149576,
  "best_validation_start_acc": 0.08888888888888889,
  "best_validation_end_acc": 0.14444444444444443,
  "best_validation_span_acc": 0.06666666666666667,
  "best_validation_em": 0.1111111111111111,
  "best_validation_f1": 0.2975312886925978,
  "best_validation_loss": 10.069344441095987
}