{
  "best_epoch": 16,
  "peak_cpu_memory_MB": 2710.964,
  "peak_gpu_0_memory_MB": 10,
  "peak_gpu_1_memory_MB": 10,
  "peak_gpu_2_memory_MB": 10,
  "peak_gpu_3_memory_MB": 4223,
  "training_duration": "00:06:06",
  "training_start_epoch": 0,
  "training_epochs": 19,
  "epoch": 19,
  "training_start_acc": 0.6264204545454546,
  "training_end_acc": 0.7542613636363636,
  "training_span_acc": 0.4559659090909091,
  "training_em": 0.46448863636363635,
  "training_f1": 0.797389325016411,
  "training_loss": 1.5484864644028924,
  "training_cpu_memory_MB": 2710.964,
  "training_gpu_0_memory_MB": 10,
  "training_gpu_1_memory_MB": 10,
  "training_gpu_2_memory_MB": 10,
  "training_gpu_3_memory_MB": 4223,
  "validation_start_acc": 0.2111111111111111,
  "validation_end_acc": 0.26666666666666666,
  "validation_span_acc": 0.14444444444444443,
  "validation_em": 0.2,
  "validation_f1": 0.387657201711356,
  "validation_loss": 9.226097424825033,
  "best_validation_start_acc": 0.23333333333333334,
  "best_validation_end_acc": 0.26666666666666666,
  "best_validation_span_acc": 0.15555555555555556,
  "best_validation_em": 0.2111111111111111,
  "best_validation_f1": 0.397917567887879,
  "best_validation_loss": 9.152162551879883
}