{
  "best_epoch": 13,
  "peak_cpu_memory_MB": 3867.7,
  "peak_gpu_0_memory_MB": 10,
  "peak_gpu_1_memory_MB": 10,
  "peak_gpu_2_memory_MB": 10,
  "peak_gpu_3_memory_MB": 6395,
  "training_duration": "00:05:37",
  "training_start_epoch": 0,
  "training_epochs": 19,
  "epoch": 19,
  "training_start_acc": 0.6851851851851852,
  "training_end_acc": 0.8055555555555556,
  "training_span_acc": 0.5185185185185185,
  "training_em": 0.5432098765432098,
  "training_f1": 0.8379743811581568,
  "training_loss": 0.9934955636660258,
  "training_cpu_memory_MB": 3867.7,
  "training_gpu_0_memory_MB": 10,
  "training_gpu_1_memory_MB": 10,
  "training_gpu_2_memory_MB": 10,
  "training_gpu_3_memory_MB": 6395,
  "validation_start_acc": 0.14444444444444443,
  "validation_end_acc": 0.14444444444444443,
  "validation_span_acc": 0.044444444444444446,
  "validation_em": 0.07777777777777778,
  "validation_f1": 0.28103823977979064,
  "validation_loss": 9.992703119913736,
  "best_validation_start_acc": 0.13333333333333333,
  "best_validation_end_acc": 0.14444444444444443,
  "best_validation_span_acc": 0.05555555555555555,
  "best_validation_em": 0.08888888888888889,
  "best_validation_f1": 0.29002484970434417,
  "best_validation_loss": 9.815127611160278
}