{
  "best_epoch": 5,
  "peak_cpu_memory_MB": 3866.676,
  "peak_gpu_0_memory_MB": 10,
  "peak_gpu_1_memory_MB": 10,
  "peak_gpu_2_memory_MB": 10,
  "peak_gpu_3_memory_MB": 4237,
  "training_duration": "00:02:31",
  "training_start_epoch": 0,
  "training_epochs": 14,
  "epoch": 14,
  "training_start_acc": 0.6711409395973155,
  "training_end_acc": 0.785234899328859,
  "training_span_acc": 0.5167785234899329,
  "training_em": 0.5369127516778524,
  "training_f1": 0.8239156146130847,
  "training_loss": 1.2392164587974548,
  "training_cpu_memory_MB": 3866.676,
  "training_gpu_0_memory_MB": 10,
  "training_gpu_1_memory_MB": 10,
  "training_gpu_2_memory_MB": 10,
  "training_gpu_3_memory_MB": 4237,
  "validation_start_acc": 0.07777777777777778,
  "validation_end_acc": 0.06666666666666667,
  "validation_span_acc": 0.022222222222222223,
  "validation_em": 0.022222222222222223,
  "validation_f1": 0.16292583515717268,
  "validation_loss": 10.357282559076944,
  "best_validation_start_acc": 0.044444444444444446,
  "best_validation_end_acc": 0.06666666666666667,
  "best_validation_span_acc": 0.022222222222222223,
  "best_validation_em": 0.022222222222222223,
  "best_validation_f1": 0.14583291027829087,
  "best_validation_loss": 9.92589028676351
}