{
  "best_epoch": 7,
  "peak_cpu_memory_MB": 3632.992,
  "peak_gpu_0_memory_MB": 10,
  "peak_gpu_1_memory_MB": 10,
  "peak_gpu_2_memory_MB": 10,
  "peak_gpu_3_memory_MB": 5731,
  "training_duration": "00:02:20",
  "training_start_epoch": 0,
  "training_epochs": 16,
  "epoch": 16,
  "training_start_acc": 0.8586956521739131,
  "training_end_acc": 0.8913043478260869,
  "training_span_acc": 0.8478260869565217,
  "training_em": 0.8369565217391305,
  "training_f1": 0.8917573076450395,
  "training_loss": 0.9928704500198364,
  "training_cpu_memory_MB": 3632.992,
  "training_gpu_0_memory_MB": 10,
  "training_gpu_1_memory_MB": 10,
  "training_gpu_2_memory_MB": 10,
  "training_gpu_3_memory_MB": 5731,
  "validation_start_acc": 0.05555555555555555,
  "validation_end_acc": 0.07777777777777778,
  "validation_span_acc": 0.022222222222222223,
  "validation_em": 0.022222222222222223,
  "validation_f1": 0.12897772339101193,
  "validation_loss": 10.529292424519857,
  "best_validation_start_acc": 0.044444444444444446,
  "best_validation_end_acc": 0.07777777777777778,
  "best_validation_span_acc": 0.03333333333333333,
  "best_validation_em": 0.03333333333333333,
  "best_validation_f1": 0.14837510172571383,
  "best_validation_loss": 9.953142325083414
}