{
  "best_epoch": 11,
  "peak_cpu_memory_MB": 2739.852,
  "peak_gpu_0_memory_MB": 5473,
  "peak_gpu_1_memory_MB": 0,
  "peak_gpu_2_memory_MB": 0,
  "peak_gpu_3_memory_MB": 607,
  "training_duration": "00:04:32",
  "training_start_epoch": 0,
  "training_epochs": 19,
  "epoch": 19,
  "training_start_acc": 0.7691358024691358,
  "training_end_acc": 0.8234567901234567,
  "training_span_acc": 0.7358024691358025,
  "training_em": 0.7382716049382716,
  "training_f1": 0.8186815589386675,
  "training_loss": 1.2510534700225382,
  "training_cpu_memory_MB": 2739.852,
  "training_gpu_0_memory_MB": 5473,
  "training_gpu_1_memory_MB": 0,
  "training_gpu_2_memory_MB": 0,
  "training_gpu_3_memory_MB": 607,
  "validation_start_acc": 0.07777777777777778,
  "validation_end_acc": 0.2111111111111111,
  "validation_span_acc": 0.011111111111111112,
  "validation_em": 0.011111111111111112,
  "validation_f1": 0.2421452849868174,
  "validation_loss": 13.570432821909586,
  "best_validation_start_acc": 0.05555555555555555,
  "best_validation_end_acc": 0.2111111111111111,
  "best_validation_span_acc": 0.044444444444444446,
  "best_validation_em": 0.044444444444444446,
  "best_validation_f1": 0.24035571335201403,
  "best_validation_loss": 10.670163949330648
}