{
  "best_epoch": 1,
  "peak_cpu_memory_MB": 3656.296,
  "peak_gpu_0_memory_MB": 10,
  "peak_gpu_1_memory_MB": 10,
  "peak_gpu_2_memory_MB": 10,
  "peak_gpu_3_memory_MB": 5709,
  "training_duration": "00:01:23",
  "training_start_epoch": 0,
  "training_epochs": 10,
  "epoch": 10,
  "training_start_acc": 0.5116279069767442,
  "training_end_acc": 0.4418604651162791,
  "training_span_acc": 0.3488372093023256,
  "training_em": 0.3372093023255814,
  "training_f1": 0.46078920351421393,
  "training_loss": 2.783522367477417,
  "training_cpu_memory_MB": 3656.296,
  "training_gpu_0_memory_MB": 10,
  "training_gpu_1_memory_MB": 10,
  "training_gpu_2_memory_MB": 10,
  "training_gpu_3_memory_MB": 5709,
  "validation_start_acc": 0.04395604395604396,
  "validation_end_acc": 0.06593406593406594,
  "validation_span_acc": 0.01098901098901099,
  "validation_em": 0.02197802197802198,
  "validation_f1": 0.12393713477555311,
  "validation_loss": 11.077776908874512,
  "best_validation_start_acc": 0.03296703296703297,
  "best_validation_end_acc": 0.01098901098901099,
  "best_validation_span_acc": 0.02197802197802198,
  "best_validation_em": 0.02197802197802198,
  "best_validation_f1": 0.14038261173058453,
  "best_validation_loss": 8.609773635864258
}