{
  "best_epoch": 11,
  "peak_cpu_memory_MB": 3879.86,
  "peak_gpu_0_memory_MB": 10,
  "peak_gpu_1_memory_MB": 10,
  "peak_gpu_2_memory_MB": 10,
  "peak_gpu_3_memory_MB": 4237,
  "training_duration": "00:06:06",
  "training_start_epoch": 0,
  "training_epochs": 19,
  "epoch": 19,
  "training_start_acc": 0.6781002638522428,
  "training_end_acc": 0.7968337730870713,
  "training_span_acc": 0.503957783641161,
  "training_em": 0.49604221635883905,
  "training_f1": 0.8139007085983795,
  "training_loss": 0.9492550194263458,
  "training_cpu_memory_MB": 3879.86,
  "training_gpu_0_memory_MB": 10,
  "training_gpu_1_memory_MB": 10,
  "training_gpu_2_memory_MB": 10,
  "training_gpu_3_memory_MB": 4237,
  "validation_start_acc": 0.08791208791208792,
  "validation_end_acc": 0.12087912087912088,
  "validation_span_acc": 0.06593406593406594,
  "validation_em": 0.08791208791208792,
  "validation_f1": 0.2769476316234702,
  "validation_loss": 10.920731544494629,
  "best_validation_start_acc": 0.08791208791208792,
  "best_validation_end_acc": 0.16483516483516483,
  "best_validation_span_acc": 0.07692307692307693,
  "best_validation_em": 0.0989010989010989,
  "best_validation_f1": 0.28522905358957285,
  "best_validation_loss": 8.6900843779246
}