{
  "best_epoch": 14,
  "peak_cpu_memory_MB": 3632.992,
  "peak_gpu_0_memory_MB": 10,
  "peak_gpu_1_memory_MB": 10,
  "peak_gpu_2_memory_MB": 10,
  "peak_gpu_3_memory_MB": 5731,
  "training_duration": "00:11:11",
  "training_start_epoch": 0,
  "training_epochs": 19,
  "epoch": 19,
  "training_start_acc": 0.988562091503268,
  "training_end_acc": 0.9869281045751634,
  "training_span_acc": 0.9836601307189542,
  "training_em": 0.9493464052287581,
  "training_f1": 0.9747899190387992,
  "training_loss": 0.08712270273230015,
  "training_cpu_memory_MB": 3632.992,
  "training_gpu_0_memory_MB": 10,
  "training_gpu_1_memory_MB": 10,
  "training_gpu_2_memory_MB": 10,
  "training_gpu_3_memory_MB": 5731,
  "validation_start_acc": 0.13333333333333333,
  "validation_end_acc": 0.17777777777777778,
  "validation_span_acc": 0.07777777777777778,
  "validation_em": 0.07777777777777778,
  "validation_f1": 0.23485650731383964,
  "validation_loss": 15.512916088104248,
  "best_validation_start_acc": 0.16666666666666666,
  "best_validation_end_acc": 0.15555555555555556,
  "best_validation_span_acc": 0.1,
  "best_validation_em": 0.1,
  "best_validation_f1": 0.26918465013939896,
  "best_validation_loss": 12.770897229512533
}