{
  "best_epoch": 6,
  "peak_cpu_memory_MB": 2721.744,
  "peak_gpu_0_memory_MB": 10,
  "peak_gpu_1_memory_MB": 10,
  "peak_gpu_2_memory_MB": 10,
  "peak_gpu_3_memory_MB": 4871,
  "training_duration": "00:00:33",
  "training_start_epoch": 0,
  "training_epochs": 15,
  "epoch": 15,
  "training_start_acc": 0.16778523489932887,
  "training_end_acc": 0.37583892617449666,
  "training_span_acc": 0.09395973154362416,
  "training_em": 0.1342281879194631,
  "training_f1": 0.3965198523298339,
  "training_loss": 4.799665760993958,
  "training_cpu_memory_MB": 2721.744,
  "training_gpu_0_memory_MB": 10,
  "training_gpu_1_memory_MB": 10,
  "training_gpu_2_memory_MB": 10,
  "training_gpu_3_memory_MB": 4871,
  "validation_start_acc": 0.03333333333333333,
  "validation_end_acc": 0.08888888888888889,
  "validation_span_acc": 0.011111111111111112,
  "validation_em": 0.011111111111111112,
  "validation_f1": 0.15126818010625642,
  "validation_loss": 10.939520676930746,
  "best_validation_start_acc": 0.022222222222222223,
  "best_validation_end_acc": 0.08888888888888889,
  "best_validation_span_acc": 0.022222222222222223,
  "best_validation_em": 0.03333333333333333,
  "best_validation_f1": 0.16297393575772012,
  "best_validation_loss": 9.05748438835144
}