{
  "best_epoch": 7,
  "peak_cpu_memory_MB": 3856.236,
  "peak_gpu_0_memory_MB": 10,
  "peak_gpu_1_memory_MB": 10,
  "peak_gpu_2_memory_MB": 10,
  "peak_gpu_3_memory_MB": 4237,
  "training_duration": "00:16:27",
  "training_start_epoch": 0,
  "training_epochs": 16,
  "epoch": 16,
  "training_start_acc": 0.6831187410586552,
  "training_end_acc": 0.7618025751072961,
  "training_span_acc": 0.5092989985693849,
  "training_em": 0.5135908440629471,
  "training_f1": 0.8219536526524325,
  "training_loss": 0.9696039753881368,
  "training_cpu_memory_MB": 3856.236,
  "training_gpu_0_memory_MB": 10,
  "training_gpu_1_memory_MB": 10,
  "training_gpu_2_memory_MB": 10,
  "training_gpu_3_memory_MB": 4237,
  "validation_start_acc": 0.18681318681318682,
  "validation_end_acc": 0.2857142857142857,
  "validation_span_acc": 0.12087912087912088,
  "validation_em": 0.2087912087912088,
  "validation_f1": 0.43143148621575483,
  "validation_loss": 9.090102910995483,
  "best_validation_start_acc": 0.32967032967032966,
  "best_validation_end_acc": 0.3076923076923077,
  "best_validation_span_acc": 0.18681318681318682,
  "best_validation_em": 0.27472527472527475,
  "best_validation_f1": 0.470844250651024,
  "best_validation_loss": 7.110318024953206
}