{
  "best_epoch": 12,
  "peak_cpu_memory_MB": 3558.016,
  "peak_gpu_0_memory_MB": 10787,
  "peak_gpu_1_memory_MB": 10,
  "peak_gpu_2_memory_MB": 10,
  "peak_gpu_3_memory_MB": 4761,
  "training_duration": "00:14:04",
  "training_start_epoch": 0,
  "training_epochs": 19,
  "epoch": 19,
  "training_start_acc": 0.9950556242274413,
  "training_end_acc": 0.9987639060568603,
  "training_span_acc": 0.9950556242274413,
  "training_em": 0.9555006180469716,
  "training_f1": 0.9804652692916751,
  "training_loss": 0.02042752427879867,
  "training_cpu_memory_MB": 3558.016,
  "training_gpu_0_memory_MB": 10787,
  "training_gpu_1_memory_MB": 10,
  "training_gpu_2_memory_MB": 10,
  "training_gpu_3_memory_MB": 4761,
  "validation_start_acc": 0.21978021978021978,
  "validation_end_acc": 0.25274725274725274,
  "validation_span_acc": 0.12087912087912088,
  "validation_em": 0.2087912087912088,
  "validation_f1": 0.38908745008377393,
  "validation_loss": 13.24917459487915,
  "best_validation_start_acc": 0.21978021978021978,
  "best_validation_end_acc": 0.25274725274725274,
  "best_validation_span_acc": 0.12087912087912088,
  "best_validation_em": 0.23076923076923078,
  "best_validation_f1": 0.40809079665538084,
  "best_validation_loss": 10.261745929718018
}