{
  "best_epoch": 7,
  "peak_cpu_memory_MB": 3866.676,
  "peak_gpu_0_memory_MB": 10,
  "peak_gpu_1_memory_MB": 10,
  "peak_gpu_2_memory_MB": 10,
  "peak_gpu_3_memory_MB": 4237,
  "training_duration": "00:16:03",
  "training_start_epoch": 0,
  "training_epochs": 16,
  "epoch": 16,
  "training_start_acc": 0.6831036983321247,
  "training_end_acc": 0.7650471356055112,
  "training_span_acc": 0.5090645395213923,
  "training_em": 0.5170413343002176,
  "training_f1": 0.8180606019729005,
  "training_loss": 0.9742746866982559,
  "training_cpu_memory_MB": 3866.676,
  "training_gpu_0_memory_MB": 10,
  "training_gpu_1_memory_MB": 10,
  "training_gpu_2_memory_MB": 10,
  "training_gpu_3_memory_MB": 4237,
  "validation_start_acc": 0.2222222222222222,
  "validation_end_acc": 0.25555555555555554,
  "validation_span_acc": 0.13333333333333333,
  "validation_em": 0.14444444444444443,
  "validation_f1": 0.320270061515507,
  "validation_loss": 10.650211016337076,
  "best_validation_start_acc": 0.26666666666666666,
  "best_validation_end_acc": 0.23333333333333334,
  "best_validation_span_acc": 0.13333333333333333,
  "best_validation_em": 0.14444444444444443,
  "best_validation_f1": 0.29801366708276045,
  "best_validation_loss": 7.83813722928365
}