{
  "best_epoch": 15,
  "peak_cpu_memory_MB": 3656.94,
  "peak_gpu_0_memory_MB": 8903,
  "peak_gpu_1_memory_MB": 10,
  "peak_gpu_2_memory_MB": 10,
  "peak_gpu_3_memory_MB": 5729,
  "training_duration": "00:14:17",
  "training_start_epoch": 0,
  "training_epochs": 19,
  "epoch": 19,
  "training_start_acc": 0.9816971713810316,
  "training_end_acc": 0.9816971713810316,
  "training_span_acc": 0.9700499168053245,
  "training_em": 0.9334442595673876,
  "training_f1": 0.9722465808690485,
  "training_loss": 0.11586151526946771,
  "training_cpu_memory_MB": 3656.94,
  "training_gpu_0_memory_MB": 8903,
  "training_gpu_1_memory_MB": 10,
  "training_gpu_2_memory_MB": 10,
  "training_gpu_3_memory_MB": 5729,
  "validation_start_acc": 0.16483516483516483,
  "validation_end_acc": 0.26373626373626374,
  "validation_span_acc": 0.13186813186813187,
  "validation_em": 0.15384615384615385,
  "validation_f1": 0.3507049533910806,
  "validation_loss": 12.071425437927246,
  "best_validation_start_acc": 0.18681318681318682,
  "best_validation_end_acc": 0.21978021978021978,
  "best_validation_span_acc": 0.14285714285714285,
  "best_validation_em": 0.17582417582417584,
  "best_validation_f1": 0.3561953696208423,
  "best_validation_loss": 11.252893765767416
}