{
  "best_epoch": 7,
  "peak_cpu_memory_MB": 3853.092,
  "peak_gpu_0_memory_MB": 10787,
  "peak_gpu_1_memory_MB": 10,
  "peak_gpu_2_memory_MB": 7173,
  "peak_gpu_3_memory_MB": 10,
  "training_duration": "00:09:19",
  "training_start_epoch": 0,
  "training_epochs": 16,
  "epoch": 16,
  "training_start_acc": 0.6944045911047346,
  "training_end_acc": 0.7532281205164992,
  "training_span_acc": 0.5050215208034433,
  "training_em": 0.5150645624103299,
  "training_f1": 0.825866915996034,
  "training_loss": 0.9853511086919091,
  "training_cpu_memory_MB": 3853.092,
  "training_gpu_0_memory_MB": 10787,
  "training_gpu_1_memory_MB": 10,
  "training_gpu_2_memory_MB": 7173,
  "training_gpu_3_memory_MB": 10,
  "validation_start_acc": 0.07777777777777778,
  "validation_end_acc": 0.23333333333333334,
  "validation_span_acc": 0.05555555555555555,
  "validation_em": 0.05555555555555555,
  "validation_f1": 0.21768753731265297,
  "validation_loss": 9.885213057200113,
  "best_validation_start_acc": 0.08888888888888889,
  "best_validation_end_acc": 0.24444444444444444,
  "best_validation_span_acc": 0.1111111111111111,
  "best_validation_em": 0.12222222222222222,
  "best_validation_f1": 0.2762560164443014,
  "best_validation_loss": 8.485468228658041
}