{
  "best_epoch": 0,
  "peak_cpu_memory_MB": 2652.268,
  "peak_gpu_0_memory_MB": 10787,
  "peak_gpu_1_memory_MB": 10,
  "peak_gpu_2_memory_MB": 10,
  "peak_gpu_3_memory_MB": 5917,
  "training_duration": "00:00:23",
  "training_start_epoch": 0,
  "training_epochs": 9,
  "epoch": 9,
  "training_start_acc": 0.036585365853658534,
  "training_end_acc": 0.012195121951219513,
  "training_span_acc": 0.0,
  "training_em": 0.0,
  "training_f1": 0.10932451880371626,
  "training_loss": 10.26550547281901,
  "training_cpu_memory_MB": 2652.268,
  "training_gpu_0_memory_MB": 10787,
  "training_gpu_1_memory_MB": 10,
  "training_gpu_2_memory_MB": 10,
  "training_gpu_3_memory_MB": 5917,
  "validation_start_acc": 0.02197802197802198,
  "validation_end_acc": 0.08791208791208792,
  "validation_span_acc": 0.0,
  "validation_em": 0.0,
  "validation_f1": 0.130190913120701,
  "validation_loss": 9.980669339497885,
  "best_validation_start_acc": 0.02197802197802198,
  "best_validation_end_acc": 0.0,
  "best_validation_span_acc": 0.0,
  "best_validation_em": 0.0,
  "best_validation_f1": 0.12759087933257,
  "best_validation_loss": 10.018274466196695
}