{
  "best_epoch": 10,
  "peak_cpu_memory_MB": 3865.608,
  "peak_gpu_0_memory_MB": 10,
  "peak_gpu_1_memory_MB": 10,
  "peak_gpu_2_memory_MB": 10,
  "peak_gpu_3_memory_MB": 4237,
  "training_duration": "00:19:13",
  "training_start_epoch": 0,
  "training_epochs": 19,
  "epoch": 19,
  "training_start_acc": 0.6790564689063617,
  "training_end_acc": 0.771265189421015,
  "training_span_acc": 0.5089349535382416,
  "training_em": 0.5132237312365976,
  "training_f1": 0.8270660426385638,
  "training_loss": 0.9014025357636538,
  "training_cpu_memory_MB": 3865.608,
  "training_gpu_0_memory_MB": 10,
  "training_gpu_1_memory_MB": 10,
  "training_gpu_2_memory_MB": 10,
  "training_gpu_3_memory_MB": 4237,
  "validation_start_acc": 0.2222222222222222,
  "validation_end_acc": 0.34444444444444444,
  "validation_span_acc": 0.14444444444444443,
  "validation_em": 0.14444444444444443,
  "validation_f1": 0.37734795342202304,
  "validation_loss": 8.94640318552653,
  "best_validation_start_acc": 0.2111111111111111,
  "best_validation_end_acc": 0.3111111111111111,
  "best_validation_span_acc": 0.17777777777777778,
  "best_validation_em": 0.18888888888888888,
  "best_validation_f1": 0.40739248434591663,
  "best_validation_loss": 7.0584211349487305
}