{
  "best_epoch": 11,
  "peak_cpu_memory_MB": 2721.744,
  "peak_gpu_0_memory_MB": 10,
  "peak_gpu_1_memory_MB": 10,
  "peak_gpu_2_memory_MB": 10,
  "peak_gpu_3_memory_MB": 4867,
  "training_duration": "00:02:32",
  "training_start_epoch": 0,
  "training_epochs": 19,
  "epoch": 19,
  "training_start_acc": 0.5912408759124088,
  "training_end_acc": 0.7386861313868613,
  "training_span_acc": 0.4218978102189781,
  "training_em": 0.43503649635036495,
  "training_f1": 0.7838334696290331,
  "training_loss": 1.849283283533052,
  "training_cpu_memory_MB": 2721.744,
  "training_gpu_0_memory_MB": 10,
  "training_gpu_1_memory_MB": 10,
  "training_gpu_2_memory_MB": 10,
  "training_gpu_3_memory_MB": 4867,
  "validation_start_acc": 0.1,
  "validation_end_acc": 0.2111111111111111,
  "validation_span_acc": 0.044444444444444446,
  "validation_em": 0.07777777777777778,
  "validation_f1": 0.2526969526101996,
  "validation_loss": 10.958014965057373,
  "best_validation_start_acc": 0.14444444444444443,
  "best_validation_end_acc": 0.18888888888888888,
  "best_validation_span_acc": 0.1,
  "best_validation_em": 0.14444444444444443,
  "best_validation_f1": 0.2690446814748764,
  "best_validation_loss": 9.165130615234375
}