{
  "best_epoch": 16,
  "peak_cpu_memory_MB": 3621.028,
  "peak_gpu_0_memory_MB": 10787,
  "peak_gpu_1_memory_MB": 6755,
  "peak_gpu_2_memory_MB": 7173,
  "peak_gpu_3_memory_MB": 6755,
  "training_duration": "00:04:43",
  "training_start_epoch": 0,
  "training_epochs": 19,
  "epoch": 19,
  "training_start_acc": 0.9948979591836735,
  "training_end_acc": 0.9795918367346939,
  "training_span_acc": 0.9795918367346939,
  "training_em": 0.9540816326530612,
  "training_f1": 0.9789521096007977,
  "training_loss": 0.09519510429639083,
  "training_cpu_memory_MB": 3621.028,
  "training_gpu_0_memory_MB": 10787,
  "training_gpu_1_memory_MB": 6755,
  "training_gpu_2_memory_MB": 7173,
  "training_gpu_3_memory_MB": 6755,
  "validation_start_acc": 0.12222222222222222,
  "validation_end_acc": 0.1111111111111111,
  "validation_span_acc": 0.044444444444444446,
  "validation_em": 0.044444444444444446,
  "validation_f1": 0.20941102625618946,
  "validation_loss": 12.059405962626139,
  "best_validation_start_acc": 0.12222222222222222,
  "best_validation_end_acc": 0.12222222222222222,
  "best_validation_span_acc": 0.05555555555555555,
  "best_validation_em": 0.06666666666666667,
  "best_validation_f1": 0.2154723024142721,
  "best_validation_loss": 11.983528137207031
}