{
  "best_epoch": 7,
  "peak_cpu_memory_MB": 4614.648,
  "peak_gpu_0_memory_MB": 10,
  "peak_gpu_1_memory_MB": 10,
  "peak_gpu_2_memory_MB": 4415,
  "peak_gpu_3_memory_MB": 1993,
  "training_duration": "00:01:44",
  "training_start_epoch": 0,
  "training_epochs": 16,
  "epoch": 16,
  "training_start_acc": 0.029023746701846966,
  "training_end_acc": 0.13984168865435356,
  "training_span_acc": 0.002638522427440633,
  "training_em": 0.005277044854881266,
  "training_f1": 0.16573485761110843,
  "training_loss": 8.190943360328674,
  "training_cpu_memory_MB": 4614.648,
  "training_gpu_0_memory_MB": 10,
  "training_gpu_1_memory_MB": 10,
  "training_gpu_2_memory_MB": 4415,
  "training_gpu_3_memory_MB": 1993,
  "validation_start_acc": 0.0,
  "validation_end_acc": 0.0989010989010989,
  "validation_span_acc": 0.0,
  "validation_em": 0.0,
  "validation_f1": 0.1735711067758534,
  "validation_loss": 8.404856522878012,
  "best_validation_start_acc": 0.0,
  "best_validation_end_acc": 0.0989010989010989,
  "best_validation_span_acc": 0.0,
  "best_validation_em": 0.01098901098901099,
  "best_validation_f1": 0.16793980272814485,
  "best_validation_loss": 8.516987482706705
}