{
  "best_epoch": 9,
  "peak_cpu_memory_MB": 2739.988,
  "peak_gpu_0_memory_MB": 6121,
  "peak_gpu_1_memory_MB": 0,
  "peak_gpu_2_memory_MB": 0,
  "peak_gpu_3_memory_MB": 607,
  "training_duration": "00:01:03",
  "training_start_epoch": 0,
  "training_epochs": 18,
  "epoch": 18,
  "training_start_acc": 0.24390243902439024,
  "training_end_acc": 0.2926829268292683,
  "training_span_acc": 0.13414634146341464,
  "training_em": 0.13414634146341464,
  "training_f1": 0.2764586404940704,
  "training_loss": 4.198319753011067,
  "training_cpu_memory_MB": 2739.988,
  "training_gpu_0_memory_MB": 6121,
  "training_gpu_1_memory_MB": 0,
  "training_gpu_2_memory_MB": 0,
  "training_gpu_3_memory_MB": 607,
  "validation_start_acc": 0.044444444444444446,
  "validation_end_acc": 0.1,
  "validation_span_acc": 0.011111111111111112,
  "validation_em": 0.022222222222222223,
  "validation_f1": 0.15576617354144312,
  "validation_loss": 12.601063887278238,
  "best_validation_start_acc": 0.07777777777777778,
  "best_validation_end_acc": 0.1111111111111111,
  "best_validation_span_acc": 0.022222222222222223,
  "best_validation_em": 0.03333333333333333,
  "best_validation_f1": 0.15909971753112617,
  "best_validation_loss": 10.04202667872111
}