{
  "best_epoch": 16,
  "peak_cpu_memory_MB": 2708.152,
  "peak_gpu_0_memory_MB": 8903,
  "peak_gpu_1_memory_MB": 10,
  "peak_gpu_2_memory_MB": 10,
  "peak_gpu_3_memory_MB": 4223,
  "training_duration": "00:02:04",
  "training_start_epoch": 0,
  "training_epochs": 19,
  "epoch": 19,
  "training_start_acc": 0.8988391376451078,
  "training_end_acc": 0.9054726368159204,
  "training_span_acc": 0.8640132669983416,
  "training_em": 0.857379767827529,
  "training_f1": 0.9273172733117929,
  "training_loss": 0.6377523439495187,
  "training_cpu_memory_MB": 2708.152,
  "training_gpu_0_memory_MB": 8903,
  "training_gpu_1_memory_MB": 10,
  "training_gpu_2_memory_MB": 10,
  "training_gpu_3_memory_MB": 4223,
  "validation_start_acc": 0.14285714285714285,
  "validation_end_acc": 0.17582417582417584,
  "validation_span_acc": 0.054945054945054944,
  "validation_em": 0.10989010989010989,
  "validation_f1": 0.27589564737521827,
  "validation_loss": 13.817211627960205,
  "best_validation_start_acc": 0.12087912087912088,
  "best_validation_end_acc": 0.17582417582417584,
  "best_validation_span_acc": 0.07692307692307693,
  "best_validation_em": 0.12087912087912088,
  "best_validation_f1": 0.27679610678474376,
  "best_validation_loss": 12.579774061838785
}