{
  "best_epoch": 9,
  "peak_cpu_memory_MB": 3866.676,
  "peak_gpu_0_memory_MB": 10,
  "peak_gpu_1_memory_MB": 10,
  "peak_gpu_2_memory_MB": 10,
  "peak_gpu_3_memory_MB": 4237,
  "training_duration": "00:13:43",
  "training_start_epoch": 0,
  "training_epochs": 18,
  "epoch": 18,
  "training_start_acc": 0.6756496631376323,
  "training_end_acc": 0.7709335899903753,
  "training_span_acc": 0.5101058710298364,
  "training_em": 0.5158806544754572,
  "training_f1": 0.8245423100560875,
  "training_loss": 0.9403537621864906,
  "training_cpu_memory_MB": 3866.676,
  "training_gpu_0_memory_MB": 10,
  "training_gpu_1_memory_MB": 10,
  "training_gpu_2_memory_MB": 10,
  "training_gpu_3_memory_MB": 4237,
  "validation_start_acc": 0.2111111111111111,
  "validation_end_acc": 0.24444444444444444,
  "validation_span_acc": 0.12222222222222222,
  "validation_em": 0.12222222222222222,
  "validation_f1": 0.31189272967428566,
  "validation_loss": 9.696978648503622,
  "best_validation_start_acc": 0.24444444444444444,
  "best_validation_end_acc": 0.25555555555555554,
  "best_validation_span_acc": 0.2,
  "best_validation_em": 0.2,
  "best_validation_f1": 0.3420205677468879,
  "best_validation_loss": 8.430435339609781
}