{
  "best_epoch": 13,
  "peak_cpu_memory_MB": 2739.852,
  "peak_gpu_0_memory_MB": 5473,
  "peak_gpu_1_memory_MB": 0,
  "peak_gpu_2_memory_MB": 0,
  "peak_gpu_3_memory_MB": 607,
  "training_duration": "00:04:37",
  "training_start_epoch": 0,
  "training_epochs": 19,
  "epoch": 19,
  "training_start_acc": 0.9234567901234568,
  "training_end_acc": 0.9222222222222223,
  "training_span_acc": 0.8962962962962963,
  "training_em": 0.8901234567901235,
  "training_f1": 0.9277846279531755,
  "training_loss": 0.47363314098295045,
  "training_cpu_memory_MB": 2739.852,
  "training_gpu_0_memory_MB": 5473,
  "training_gpu_1_memory_MB": 0,
  "training_gpu_2_memory_MB": 0,
  "training_gpu_3_memory_MB": 607,
  "validation_start_acc": 0.08888888888888889,
  "validation_end_acc": 0.16666666666666666,
  "validation_span_acc": 0.06666666666666667,
  "validation_em": 0.07777777777777778,
  "validation_f1": 0.23683786442389565,
  "validation_loss": 17.67629591623942,
  "best_validation_start_acc": 0.12222222222222222,
  "best_validation_end_acc": 0.2111111111111111,
  "best_validation_span_acc": 0.1,
  "best_validation_em": 0.1111111111111111,
  "best_validation_f1": 0.2548538932434671,
  "best_validation_loss": 12.639949480692545
}