{
  "best_epoch": 3,
  "peak_cpu_memory_MB": 4614.648,
  "peak_gpu_0_memory_MB": 10,
  "peak_gpu_1_memory_MB": 10,
  "peak_gpu_2_memory_MB": 4415,
  "peak_gpu_3_memory_MB": 1993,
  "training_duration": "00:00:36",
  "training_start_epoch": 0,
  "training_epochs": 12,
  "epoch": 12,
  "training_start_acc": 0.028169014084507043,
  "training_end_acc": 0.176056338028169,
  "training_span_acc": 0.02112676056338028,
  "training_em": 0.02112676056338028,
  "training_f1": 0.18130537988728904,
  "training_loss": 8.60317293802897,
  "training_cpu_memory_MB": 4614.648,
  "training_gpu_0_memory_MB": 10,
  "training_gpu_1_memory_MB": 10,
  "training_gpu_2_memory_MB": 4415,
  "training_gpu_3_memory_MB": 1993,
  "validation_start_acc": 0.0,
  "validation_end_acc": 0.05555555555555555,
  "validation_span_acc": 0.0,
  "validation_em": 0.0,
  "validation_f1": 0.14392482950201052,
  "validation_loss": 9.174702167510986,
  "best_validation_start_acc": 0.011111111111111112,
  "best_validation_end_acc": 0.044444444444444446,
  "best_validation_span_acc": 0.0,
  "best_validation_em": 0.011111111111111112,
  "best_validation_f1": 0.16982094970377296,
  "best_validation_loss": 9.756109873453775
}