{
  "best_epoch": 6,
  "peak_cpu_memory_MB": 3867.7,
  "peak_gpu_0_memory_MB": 10,
  "peak_gpu_1_memory_MB": 10,
  "peak_gpu_2_memory_MB": 10,
  "peak_gpu_3_memory_MB": 6395,
  "training_duration": "00:11:52",
  "training_start_epoch": 0,
  "training_epochs": 15,
  "epoch": 15,
  "training_start_acc": 0.6841603053435115,
  "training_end_acc": 0.7461832061068703,
  "training_span_acc": 0.5019083969465649,
  "training_em": 0.5066793893129771,
  "training_f1": 0.8192792584616475,
  "training_loss": 1.003130046707211,
  "training_cpu_memory_MB": 3867.7,
  "training_gpu_0_memory_MB": 10,
  "training_gpu_1_memory_MB": 10,
  "training_gpu_2_memory_MB": 10,
  "training_gpu_3_memory_MB": 6395,
  "validation_start_acc": 0.15384615384615385,
  "validation_end_acc": 0.27472527472527475,
  "validation_span_acc": 0.07692307692307693,
  "validation_em": 0.15384615384615385,
  "validation_f1": 0.37839257575439095,
  "validation_loss": 9.22764253616333,
  "best_validation_start_acc": 0.24175824175824176,
  "best_validation_end_acc": 0.3076923076923077,
  "best_validation_span_acc": 0.14285714285714285,
  "best_validation_em": 0.23076923076923078,
  "best_validation_f1": 0.4461624677351429,
  "best_validation_loss": 7.315231482187907
}