{
  "best_epoch": 14,
  "peak_cpu_memory_MB": 3853.092,
  "peak_gpu_0_memory_MB": 10787,
  "peak_gpu_1_memory_MB": 10,
  "peak_gpu_2_memory_MB": 7173,
  "peak_gpu_3_memory_MB": 10,
  "training_duration": "00:06:03",
  "training_start_epoch": 0,
  "training_epochs": 19,
  "epoch": 19,
  "training_start_acc": 0.6598837209302325,
  "training_end_acc": 0.7732558139534884,
  "training_span_acc": 0.4796511627906977,
  "training_em": 0.4941860465116279,
  "training_f1": 0.8025339316214187,
  "training_loss": 0.9549047567627647,
  "training_cpu_memory_MB": 3853.092,
  "training_gpu_0_memory_MB": 10787,
  "training_gpu_1_memory_MB": 10,
  "training_gpu_2_memory_MB": 7173,
  "training_gpu_3_memory_MB": 10,
  "validation_start_acc": 0.17777777777777778,
  "validation_end_acc": 0.16666666666666666,
  "validation_span_acc": 0.06666666666666667,
  "validation_em": 0.07777777777777778,
  "validation_f1": 0.22617940426976962,
  "validation_loss": 10.189282258351644,
  "best_validation_start_acc": 0.18888888888888888,
  "best_validation_end_acc": 0.16666666666666666,
  "best_validation_span_acc": 0.08888888888888889,
  "best_validation_em": 0.1111111111111111,
  "best_validation_f1": 0.26955094970547366,
  "best_validation_loss": 9.449729919433594
}