{
  "best_epoch": 18,
  "peak_cpu_memory_MB": 3632.992,
  "peak_gpu_0_memory_MB": 10,
  "peak_gpu_1_memory_MB": 10,
  "peak_gpu_2_memory_MB": 10,
  "peak_gpu_3_memory_MB": 4785,
  "training_duration": "00:16:58",
  "training_start_epoch": 0,
  "training_epochs": 19,
  "epoch": 19,
  "training_start_acc": 0.9827160493827161,
  "training_end_acc": 0.9876543209876543,
  "training_span_acc": 0.9765432098765432,
  "training_em": 0.9407407407407408,
  "training_f1": 0.9707588073436786,
  "training_loss": 0.13021015143935002,
  "training_cpu_memory_MB": 3632.992,
  "training_gpu_0_memory_MB": 10,
  "training_gpu_1_memory_MB": 10,
  "training_gpu_2_memory_MB": 10,
  "training_gpu_3_memory_MB": 4785,
  "validation_start_acc": 0.2111111111111111,
  "validation_end_acc": 0.25555555555555554,
  "validation_span_acc": 0.13333333333333333,
  "validation_em": 0.14444444444444443,
  "validation_f1": 0.33410635707269143,
  "validation_loss": 13.699418862660727,
  "best_validation_start_acc": 0.23333333333333334,
  "best_validation_end_acc": 0.3111111111111111,
  "best_validation_span_acc": 0.16666666666666666,
  "best_validation_em": 0.16666666666666666,
  "best_validation_f1": 0.3745383497708668,
  "best_validation_loss": 13.604335149129232
}