{
  "best_epoch": 6,
  "peak_cpu_memory_MB": 3853.092,
  "peak_gpu_0_memory_MB": 10787,
  "peak_gpu_1_memory_MB": 10,
  "peak_gpu_2_memory_MB": 7173,
  "peak_gpu_3_memory_MB": 10,
  "training_duration": "00:02:54",
  "training_start_epoch": 0,
  "training_epochs": 15,
  "epoch": 15,
  "training_start_acc": 0.7058823529411765,
  "training_end_acc": 0.8169934640522876,
  "training_span_acc": 0.5555555555555556,
  "training_em": 0.5424836601307189,
  "training_f1": 0.8541402376347278,
  "training_loss": 1.0496822237968444,
  "training_cpu_memory_MB": 3853.092,
  "training_gpu_0_memory_MB": 10787,
  "training_gpu_1_memory_MB": 10,
  "training_gpu_2_memory_MB": 7173,
  "training_gpu_3_memory_MB": 10,
  "validation_start_acc": 0.07777777777777778,
  "validation_end_acc": 0.08888888888888889,
  "validation_span_acc": 0.03333333333333333,
  "validation_em": 0.044444444444444446,
  "validation_f1": 0.1774616219054172,
  "validation_loss": 12.119475682576498,
  "best_validation_start_acc": 0.08888888888888889,
  "best_validation_end_acc": 0.1,
  "best_validation_span_acc": 0.044444444444444446,
  "best_validation_em": 0.05555555555555555,
  "best_validation_f1": 0.17954793831729626,
  "best_validation_loss": 9.82412830988566
}