{
  "best_epoch": 18,
  "peak_cpu_memory_MB": 2719.3,
  "peak_gpu_0_memory_MB": 10,
  "peak_gpu_1_memory_MB": 10,
  "peak_gpu_2_memory_MB": 10,
  "peak_gpu_3_memory_MB": 4223,
  "training_duration": "00:04:12",
  "training_start_epoch": 0,
  "training_epochs": 19,
  "epoch": 19,
  "training_start_acc": 0.5973282442748091,
  "training_end_acc": 0.7242366412213741,
  "training_span_acc": 0.42366412213740456,
  "training_em": 0.4389312977099237,
  "training_f1": 0.7899524225738539,
  "training_loss": 1.836250323237795,
  "training_cpu_memory_MB": 2719.3,
  "training_gpu_0_memory_MB": 10,
  "training_gpu_1_memory_MB": 10,
  "training_gpu_2_memory_MB": 10,
  "training_gpu_3_memory_MB": 4223,
  "validation_start_acc": 0.10989010989010989,
  "validation_end_acc": 0.2857142857142857,
  "validation_span_acc": 0.054945054945054944,
  "validation_em": 0.14285714285714285,
  "validation_f1": 0.3576740704052945,
  "validation_loss": 10.046969095865885,
  "best_validation_start_acc": 0.12087912087912088,
  "best_validation_end_acc": 0.24175824175824176,
  "best_validation_span_acc": 0.06593406593406594,
  "best_validation_em": 0.14285714285714285,
  "best_validation_f1": 0.35015002654225397,
  "best_validation_loss": 10.032269477844238
}