{
  "best_epoch": 18,
  "peak_cpu_memory_MB": 3656.94,
  "peak_gpu_0_memory_MB": 8903,
  "peak_gpu_1_memory_MB": 10,
  "peak_gpu_2_memory_MB": 10,
  "peak_gpu_3_memory_MB": 5733,
  "training_duration": "00:02:51",
  "training_start_epoch": 0,
  "training_epochs": 19,
  "epoch": 19,
  "training_start_acc": 0.8913043478260869,
  "training_end_acc": 0.9239130434782609,
  "training_span_acc": 0.9130434782608695,
  "training_em": 0.8913043478260869,
  "training_f1": 0.9306361578593199,
  "training_loss": 0.605988989273707,
  "training_cpu_memory_MB": 3656.94,
  "training_gpu_0_memory_MB": 8903,
  "training_gpu_1_memory_MB": 10,
  "training_gpu_2_memory_MB": 10,
  "training_gpu_3_memory_MB": 5733,
  "validation_start_acc": 0.044444444444444446,
  "validation_end_acc": 0.07777777777777778,
  "validation_span_acc": 0.03333333333333333,
  "validation_em": 0.044444444444444446,
  "validation_f1": 0.19472240692887485,
  "validation_loss": 11.091606775919596,
  "best_validation_start_acc": 0.05555555555555555,
  "best_validation_end_acc": 0.1,
  "best_validation_span_acc": 0.03333333333333333,
  "best_validation_em": 0.05555555555555555,
  "best_validation_f1": 0.18984844059735748,
  "best_validation_loss": 10.758176644643148
}