{
  "best_epoch": 7,
  "peak_cpu_memory_MB": 3632.984,
  "peak_gpu_0_memory_MB": 8903,
  "peak_gpu_1_memory_MB": 10,
  "peak_gpu_2_memory_MB": 10,
  "peak_gpu_3_memory_MB": 4001,
  "training_duration": "00:00:42",
  "training_start_epoch": 0,
  "training_epochs": 16,
  "epoch": 16,
  "training_start_acc": 0.7168949771689498,
  "training_end_acc": 0.6712328767123288,
  "training_span_acc": 0.6027397260273972,
  "training_em": 0.6027397260273972,
  "training_f1": 0.6795792230018363,
  "training_loss": 1.4595943646771568,
  "training_cpu_memory_MB": 3632.984,
  "training_gpu_0_memory_MB": 8903,
  "training_gpu_1_memory_MB": 10,
  "training_gpu_2_memory_MB": 10,
  "training_gpu_3_memory_MB": 4001,
  "validation_start_acc": 0.0,
  "validation_end_acc": 0.07936507936507936,
  "validation_span_acc": 0.0,
  "validation_em": 0.0,
  "validation_f1": 0.2346720189059956,
  "validation_loss": 14.37059497833252,
  "best_validation_start_acc": 0.031746031746031744,
  "best_validation_end_acc": 0.1111111111111111,
  "best_validation_span_acc": 0.015873015873015872,
  "best_validation_em": 0.06349206349206349,
  "best_validation_f1": 0.27572505221579896,
  "best_validation_loss": 9.913476705551147
}