{
  "best_epoch": 16,
  "peak_cpu_memory_MB": 3621.028,
  "peak_gpu_0_memory_MB": 10787,
  "peak_gpu_1_memory_MB": 6759,
  "peak_gpu_2_memory_MB": 7173,
  "peak_gpu_3_memory_MB": 6755,
  "training_duration": "00:02:56",
  "training_start_epoch": 0,
  "training_epochs": 19,
  "epoch": 19,
  "training_start_acc": 0.9534883720930233,
  "training_end_acc": 0.9767441860465116,
  "training_span_acc": 0.9651162790697675,
  "training_em": 0.9418604651162791,
  "training_f1": 0.9506986515536446,
  "training_loss": 0.1938560145596663,
  "training_cpu_memory_MB": 3621.028,
  "training_gpu_0_memory_MB": 10787,
  "training_gpu_1_memory_MB": 6759,
  "training_gpu_2_memory_MB": 7173,
  "training_gpu_3_memory_MB": 6755,
  "validation_start_acc": 0.05555555555555555,
  "validation_end_acc": 0.1111111111111111,
  "validation_span_acc": 0.044444444444444446,
  "validation_em": 0.044444444444444446,
  "validation_f1": 0.1877148678308796,
  "validation_loss": 10.440865675608316,
  "best_validation_start_acc": 0.05555555555555555,
  "best_validation_end_acc": 0.08888888888888889,
  "best_validation_span_acc": 0.044444444444444446,
  "best_validation_em": 0.06666666666666667,
  "best_validation_f1": 0.19511088467988016,
  "best_validation_loss": 10.22263797124227
}