{
  "best_epoch": 5,
  "peak_cpu_memory_MB": 2990.756,
  "peak_gpu_0_memory_MB": 10787,
  "peak_gpu_1_memory_MB": 4159,
  "peak_gpu_2_memory_MB": 7173,
  "peak_gpu_3_memory_MB": 4159,
  "training_duration": "00:09:48",
  "training_start_epoch": 0,
  "training_epochs": 14,
  "epoch": 14,
  "training_start_acc": 0.991358024691358,
  "training_end_acc": 0.9888888888888889,
  "training_span_acc": 0.9839506172839506,
  "training_em": 0.9432098765432099,
  "training_f1": 0.9727197542930642,
  "training_loss": 0.06467700107753568,
  "training_cpu_memory_MB": 2990.728,
  "training_gpu_0_memory_MB": 10787,
  "training_gpu_1_memory_MB": 4159,
  "training_gpu_2_memory_MB": 7173,
  "training_gpu_3_memory_MB": 4159,
  "validation_start_acc": 0.2,
  "validation_end_acc": 0.3,
  "validation_span_acc": 0.12222222222222222,
  "validation_em": 0.12222222222222222,
  "validation_f1": 0.3089079284473844,
  "validation_loss": 12.135235945383707,
  "best_validation_start_acc": 0.2222222222222222,
  "best_validation_end_acc": 0.2,
  "best_validation_span_acc": 0.14444444444444443,
  "best_validation_em": 0.16666666666666666,
  "best_validation_f1": 0.2895132542704531,
  "best_validation_loss": 7.384486436843872
}