{
  "best_epoch": 11,
  "peak_cpu_memory_MB": 3856.236,
  "peak_gpu_0_memory_MB": 10,
  "peak_gpu_1_memory_MB": 10,
  "peak_gpu_2_memory_MB": 10,
  "peak_gpu_3_memory_MB": 4237,
  "training_duration": "00:08:45",
  "training_start_epoch": 0,
  "training_epochs": 19,
  "epoch": 19,
  "training_start_acc": 0.6675824175824175,
  "training_end_acc": 0.7884615384615384,
  "training_span_acc": 0.5164835164835165,
  "training_em": 0.5137362637362637,
  "training_f1": 0.8359210161741762,
  "training_loss": 1.0053027246309363,
  "training_cpu_memory_MB": 3856.236,
  "training_gpu_0_memory_MB": 10,
  "training_gpu_1_memory_MB": 10,
  "training_gpu_2_memory_MB": 10,
  "training_gpu_3_memory_MB": 4237,
  "validation_start_acc": 0.05555555555555555,
  "validation_end_acc": 0.15555555555555556,
  "validation_span_acc": 0.022222222222222223,
  "validation_em": 0.022222222222222223,
  "validation_f1": 0.2417982106831848,
  "validation_loss": 10.44231685002645,
  "best_validation_start_acc": 0.05555555555555555,
  "best_validation_end_acc": 0.14444444444444443,
  "best_validation_span_acc": 0.05555555555555555,
  "best_validation_em": 0.06666666666666667,
  "best_validation_f1": 0.2740537610028628,
  "best_validation_loss": 10.08482837677002
}