{
  "best_epoch": 13,
  "peak_cpu_memory_MB": 2713.6,
  "peak_gpu_0_memory_MB": 4837,
  "peak_gpu_1_memory_MB": 0,
  "peak_gpu_2_memory_MB": 0,
  "peak_gpu_3_memory_MB": 1204,
  "training_duration": "00:05:07",
  "training_start_epoch": 0,
  "training_epochs": 19,
  "epoch": 19,
  "training_start_acc": 0.6160493827160494,
  "training_end_acc": 0.6197530864197531,
  "training_span_acc": 0.5296296296296297,
  "training_em": 0.5296296296296297,
  "training_f1": 0.6319729572811765,
  "training_loss": 2.237009333629234,
  "training_cpu_memory_MB": 2713.6,
  "training_gpu_0_memory_MB": 4837,
  "training_gpu_1_memory_MB": 0,
  "training_gpu_2_memory_MB": 0,
  "training_gpu_3_memory_MB": 1204,
  "validation_start_acc": 0.1,
  "validation_end_acc": 0.13333333333333333,
  "validation_span_acc": 0.03333333333333333,
  "validation_em": 0.03333333333333333,
  "validation_f1": 0.19134334816495435,
  "validation_loss": 12.552364985148111,
  "best_validation_start_acc": 0.08888888888888889,
  "best_validation_end_acc": 0.14444444444444443,
  "best_validation_span_acc": 0.05555555555555555,
  "best_validation_em": 0.05555555555555555,
  "best_validation_f1": 0.2004207012439646,
  "best_validation_loss": 11.24238109588623
}