{
  "best_epoch": 3,
  "peak_cpu_memory_MB": 3632.992,
  "peak_gpu_0_memory_MB": 10,
  "peak_gpu_1_memory_MB": 10,
  "peak_gpu_2_memory_MB": 10,
  "peak_gpu_3_memory_MB": 5731,
  "training_duration": "00:04:35",
  "training_start_epoch": 0,
  "training_epochs": 12,
  "epoch": 12,
  "training_start_acc": 0.7851851851851852,
  "training_end_acc": 0.745679012345679,
  "training_span_acc": 0.7283950617283951,
  "training_em": 0.7111111111111111,
  "training_f1": 0.7735101590219617,
  "training_loss": 1.266404559979072,
  "training_cpu_memory_MB": 3632.992,
  "training_gpu_0_memory_MB": 10,
  "training_gpu_1_memory_MB": 10,
  "training_gpu_2_memory_MB": 10,
  "training_gpu_3_memory_MB": 5731,
  "validation_start_acc": 0.1,
  "validation_end_acc": 0.15555555555555556,
  "validation_span_acc": 0.044444444444444446,
  "validation_em": 0.044444444444444446,
  "validation_f1": 0.17137302107832297,
  "validation_loss": 11.880529085795084,
  "best_validation_start_acc": 0.1,
  "best_validation_end_acc": 0.07777777777777778,
  "best_validation_span_acc": 0.044444444444444446,
  "best_validation_em": 0.044444444444444446,
  "best_validation_f1": 0.1673916952242877,
  "best_validation_loss": 8.14478858311971
}