{
  "best_epoch": 16,
  "peak_cpu_memory_MB": 3656.94,
  "peak_gpu_0_memory_MB": 8903,
  "peak_gpu_1_memory_MB": 10,
  "peak_gpu_2_memory_MB": 10,
  "peak_gpu_3_memory_MB": 5731,
  "training_duration": "00:09:24",
  "training_start_epoch": 0,
  "training_epochs": 19,
  "epoch": 19,
  "training_start_acc": 0.9775561097256857,
  "training_end_acc": 0.9850374064837906,
  "training_span_acc": 0.9750623441396509,
  "training_em": 0.942643391521197,
  "training_f1": 0.9737599464451527,
  "training_loss": 0.11423327422772463,
  "training_cpu_memory_MB": 3656.94,
  "training_gpu_0_memory_MB": 8903,
  "training_gpu_1_memory_MB": 10,
  "training_gpu_2_memory_MB": 10,
  "training_gpu_3_memory_MB": 5731,
  "validation_start_acc": 0.15555555555555556,
  "validation_end_acc": 0.14444444444444443,
  "validation_span_acc": 0.06666666666666667,
  "validation_em": 0.07777777777777778,
  "validation_f1": 0.24585022376245486,
  "validation_loss": 13.180354436238607,
  "best_validation_start_acc": 0.16666666666666666,
  "best_validation_end_acc": 0.16666666666666666,
  "best_validation_span_acc": 0.08888888888888889,
  "best_validation_em": 0.12222222222222222,
  "best_validation_f1": 0.2812219092332538,
  "best_validation_loss": 12.119853496551514
}