{
  "best_epoch": 0,
  "peak_cpu_memory_MB": 3656.94,
  "peak_gpu_0_memory_MB": 8903,
  "peak_gpu_1_memory_MB": 10,
  "peak_gpu_2_memory_MB": 10,
  "peak_gpu_3_memory_MB": 5731,
  "training_duration": "00:02:20",
  "training_start_epoch": 0,
  "training_epochs": 9,
  "epoch": 9,
  "training_start_acc": 0.39408866995073893,
  "training_end_acc": 0.39901477832512317,
  "training_span_acc": 0.26108374384236455,
  "training_em": 0.2561576354679803,
  "training_f1": 0.40512537528591214,
  "training_loss": 2.9820517943455624,
  "training_cpu_memory_MB": 3656.94,
  "training_gpu_0_memory_MB": 8903,
  "training_gpu_1_memory_MB": 10,
  "training_gpu_2_memory_MB": 10,
  "training_gpu_3_memory_MB": 5731,
  "validation_start_acc": 0.07692307692307693,
  "validation_end_acc": 0.054945054945054944,
  "validation_span_acc": 0.0,
  "validation_em": 0.0,
  "validation_f1": 0.16851353001074046,
  "validation_loss": 10.660323778788248,
  "best_validation_start_acc": 0.07692307692307693,
  "best_validation_end_acc": 0.06593406593406594,
  "best_validation_span_acc": 0.0,
  "best_validation_em": 0.01098901098901099,
  "best_validation_f1": 0.15391199375384132,
  "best_validation_loss": 7.940160195032756
}