{
  "best_epoch": 15,
  "peak_cpu_memory_MB": 3626.016,
  "peak_gpu_0_memory_MB": 10787,
  "peak_gpu_1_memory_MB": 6755,
  "peak_gpu_2_memory_MB": 7173,
  "peak_gpu_3_memory_MB": 6755,
  "training_duration": "00:07:14",
  "training_start_epoch": 0,
  "training_epochs": 19,
  "epoch": 19,
  "training_start_acc": 0.9895287958115183,
  "training_end_acc": 0.9921465968586387,
  "training_span_acc": 0.981675392670157,
  "training_em": 0.9502617801047121,
  "training_f1": 0.9732533720309282,
  "training_loss": 0.05497427104273811,
  "training_cpu_memory_MB": 3626.016,
  "training_gpu_0_memory_MB": 10787,
  "training_gpu_1_memory_MB": 6755,
  "training_gpu_2_memory_MB": 7173,
  "training_gpu_3_memory_MB": 6755,
  "validation_start_acc": 0.08888888888888889,
  "validation_end_acc": 0.17777777777777778,
  "validation_span_acc": 0.05555555555555555,
  "validation_em": 0.07777777777777778,
  "validation_f1": 0.24600179127098534,
  "validation_loss": 14.33691151936849,
  "best_validation_start_acc": 0.13333333333333333,
  "best_validation_end_acc": 0.18888888888888888,
  "best_validation_span_acc": 0.1,
  "best_validation_em": 0.15555555555555556,
  "best_validation_f1": 0.3140653236786341,
  "best_validation_loss": 12.540527184804281
}