{
  "best_epoch": 7,
  "peak_cpu_memory_MB": 3853.092,
  "peak_gpu_0_memory_MB": 10787,
  "peak_gpu_1_memory_MB": 10,
  "peak_gpu_2_memory_MB": 7173,
  "peak_gpu_3_memory_MB": 10,
  "training_duration": "00:03:09",
  "training_start_epoch": 0,
  "training_epochs": 16,
  "epoch": 16,
  "training_start_acc": 0.6870748299319728,
  "training_end_acc": 0.8231292517006803,
  "training_span_acc": 0.5714285714285714,
  "training_em": 0.5782312925170068,
  "training_f1": 0.8380703822896803,
  "training_loss": 0.8949165791273117,
  "training_cpu_memory_MB": 3853.092,
  "training_gpu_0_memory_MB": 10787,
  "training_gpu_1_memory_MB": 10,
  "training_gpu_2_memory_MB": 7173,
  "training_gpu_3_memory_MB": 10,
  "validation_start_acc": 0.044444444444444446,
  "validation_end_acc": 0.1,
  "validation_span_acc": 0.011111111111111112,
  "validation_em": 0.011111111111111112,
  "validation_f1": 0.1422662758452307,
  "validation_loss": 10.418758392333984,
  "best_validation_start_acc": 0.05555555555555555,
  "best_validation_end_acc": 0.08888888888888889,
  "best_validation_span_acc": 0.044444444444444446,
  "best_validation_em": 0.06666666666666667,
  "best_validation_f1": 0.19208491548403578,
  "best_validation_loss": 9.670035680135092
}