{
  "best_epoch": 2,
  "peak_cpu_memory_MB": 3656.296,
  "peak_gpu_0_memory_MB": 10,
  "peak_gpu_1_memory_MB": 10,
  "peak_gpu_2_memory_MB": 10,
  "peak_gpu_3_memory_MB": 5707,
  "training_duration": "00:02:21",
  "training_start_epoch": 0,
  "training_epochs": 11,
  "epoch": 11,
  "training_start_acc": 0.8736842105263158,
  "training_end_acc": 0.8,
  "training_span_acc": 0.8421052631578947,
  "training_em": 0.8105263157894737,
  "training_f1": 0.8555085747604528,
  "training_loss": 1.055323933561643,
  "training_cpu_memory_MB": 3656.296,
  "training_gpu_0_memory_MB": 10,
  "training_gpu_1_memory_MB": 10,
  "training_gpu_2_memory_MB": 10,
  "training_gpu_3_memory_MB": 5707,
  "validation_start_acc": 0.1,
  "validation_end_acc": 0.07777777777777778,
  "validation_span_acc": 0.022222222222222223,
  "validation_em": 0.022222222222222223,
  "validation_f1": 0.1396845896722192,
  "validation_loss": 10.128384272257486,
  "best_validation_start_acc": 0.06666666666666667,
  "best_validation_end_acc": 0.1,
  "best_validation_span_acc": 0.03333333333333333,
  "best_validation_em": 0.03333333333333333,
  "best_validation_f1": 0.14690793274207153,
  "best_validation_loss": 8.326054414113363
}