{
  "best_epoch": 2,
  "peak_cpu_memory_MB": 3632.992,
  "peak_gpu_0_memory_MB": 10,
  "peak_gpu_1_memory_MB": 10,
  "peak_gpu_2_memory_MB": 10,
  "peak_gpu_3_memory_MB": 5739,
  "training_duration": "00:00:53",
  "training_start_epoch": 0,
  "training_epochs": 11,
  "epoch": 11,
  "training_start_acc": 0.35784313725490197,
  "training_end_acc": 0.3700980392156863,
  "training_span_acc": 0.24754901960784315,
  "training_em": 0.25,
  "training_f1": 0.3887806634782745,
  "training_loss": 3.886639200724088,
  "training_cpu_memory_MB": 3632.992,
  "training_gpu_0_memory_MB": 10,
  "training_gpu_1_memory_MB": 10,
  "training_gpu_2_memory_MB": 10,
  "training_gpu_3_memory_MB": 5739,
  "validation_start_acc": 0.03296703296703297,
  "validation_end_acc": 0.0989010989010989,
  "validation_span_acc": 0.02197802197802198,
  "validation_em": 0.02197802197802198,
  "validation_f1": 0.1495667566775797,
  "validation_loss": 10.638625303904215,
  "best_validation_start_acc": 0.03296703296703297,
  "best_validation_end_acc": 0.08791208791208792,
  "best_validation_span_acc": 0.02197802197802198,
  "best_validation_em": 0.02197802197802198,
  "best_validation_f1": 0.12722296740157138,
  "best_validation_loss": 8.13851801554362
}