{
  "best_epoch": 15,
  "peak_cpu_memory_MB": 3856.236,
  "peak_gpu_0_memory_MB": 10,
  "peak_gpu_1_memory_MB": 10,
  "peak_gpu_2_memory_MB": 10,
  "peak_gpu_3_memory_MB": 4237,
  "training_duration": "00:23:14",
  "training_start_epoch": 0,
  "training_epochs": 19,
  "epoch": 19,
  "training_start_acc": 0.6946564885496184,
  "training_end_acc": 0.7690839694656488,
  "training_span_acc": 0.5143129770992366,
  "training_em": 0.5143129770992366,
  "training_f1": 0.8256661750651607,
  "training_loss": 0.9518871605396271,
  "training_cpu_memory_MB": 3856.236,
  "training_gpu_0_memory_MB": 10,
  "training_gpu_1_memory_MB": 10,
  "training_gpu_2_memory_MB": 10,
  "training_gpu_3_memory_MB": 4237,
  "validation_start_acc": 0.2087912087912088,
  "validation_end_acc": 0.25274725274725274,
  "validation_span_acc": 0.12087912087912088,
  "validation_em": 0.2087912087912088,
  "validation_f1": 0.4065231065982951,
  "validation_loss": 10.213240464528402,
  "best_validation_start_acc": 0.2087912087912088,
  "best_validation_end_acc": 0.26373626373626374,
  "best_validation_span_acc": 0.14285714285714285,
  "best_validation_em": 0.21978021978021978,
  "best_validation_f1": 0.4092437380755665,
  "best_validation_loss": 9.369691054026285
}