{
  "best_epoch": 12,
  "peak_cpu_memory_MB": 2709.052,
  "peak_gpu_0_memory_MB": 8903,
  "peak_gpu_1_memory_MB": 10,
  "peak_gpu_2_memory_MB": 10,
  "peak_gpu_3_memory_MB": 5009,
  "training_duration": "00:02:57",
  "training_start_epoch": 0,
  "training_epochs": 19,
  "epoch": 19,
  "training_start_acc": 0.867741935483871,
  "training_end_acc": 0.8887096774193548,
  "training_span_acc": 0.8112903225806452,
  "training_em": 0.8096774193548387,
  "training_f1": 0.8901353043531214,
  "training_loss": 0.8004896610211103,
  "training_cpu_memory_MB": 2709.052,
  "training_gpu_0_memory_MB": 8903,
  "training_gpu_1_memory_MB": 10,
  "training_gpu_2_memory_MB": 10,
  "training_gpu_3_memory_MB": 5009,
  "validation_start_acc": 0.1111111111111111,
  "validation_end_acc": 0.15873015873015872,
  "validation_span_acc": 0.047619047619047616,
  "validation_em": 0.15873015873015872,
  "validation_f1": 0.4071476491319731,
  "validation_loss": 13.079822063446045,
  "best_validation_start_acc": 0.07936507936507936,
  "best_validation_end_acc": 0.1746031746031746,
  "best_validation_span_acc": 0.06349206349206349,
  "best_validation_em": 0.1746031746031746,
  "best_validation_f1": 0.35435500726479835,
  "best_validation_loss": 11.923202514648438
}