{
  "best_epoch": 9,
  "peak_cpu_memory_MB": 3593.744,
  "peak_gpu_0_memory_MB": 8903,
  "peak_gpu_1_memory_MB": 10,
  "peak_gpu_2_memory_MB": 10,
  "peak_gpu_3_memory_MB": 4001,
  "training_duration": "00:02:36",
  "training_start_epoch": 0,
  "training_epochs": 18,
  "epoch": 18,
  "training_start_acc": 0.9454545454545454,
  "training_end_acc": 0.9418181818181818,
  "training_span_acc": 0.9115151515151515,
  "training_em": 0.8957575757575758,
  "training_f1": 0.9461498674605393,
  "training_loss": 0.36864319185797984,
  "training_cpu_memory_MB": 3593.744,
  "training_gpu_0_memory_MB": 8903,
  "training_gpu_1_memory_MB": 10,
  "training_gpu_2_memory_MB": 10,
  "training_gpu_3_memory_MB": 4001,
  "validation_start_acc": 0.06349206349206349,
  "validation_end_acc": 0.15873015873015872,
  "validation_span_acc": 0.047619047619047616,
  "validation_em": 0.1111111111111111,
  "validation_f1": 0.3902134787769364,
  "validation_loss": 16.08462929725647,
  "best_validation_start_acc": 0.06349206349206349,
  "best_validation_end_acc": 0.19047619047619047,
  "best_validation_span_acc": 0.047619047619047616,
  "best_validation_em": 0.1746031746031746,
  "best_validation_f1": 0.4050473744545434,
  "best_validation_loss": 10.463626146316528
}