{
  "best_epoch": 14,
  "peak_cpu_memory_MB": 3629.696,
  "peak_gpu_0_memory_MB": 8903,
  "peak_gpu_1_memory_MB": 10,
  "peak_gpu_2_memory_MB": 10,
  "peak_gpu_3_memory_MB": 4785,
  "training_duration": "00:12:28",
  "training_start_epoch": 0,
  "training_epochs": 19,
  "epoch": 19,
  "training_start_acc": 0.9950617283950617,
  "training_end_acc": 0.9888888888888889,
  "training_span_acc": 0.9901234567901235,
  "training_em": 0.9518518518518518,
  "training_f1": 0.9800295421655592,
  "training_loss": 0.0580153165056425,
  "training_cpu_memory_MB": 3629.696,
  "training_gpu_0_memory_MB": 8903,
  "training_gpu_1_memory_MB": 10,
  "training_gpu_2_memory_MB": 10,
  "training_gpu_3_memory_MB": 4785,
  "validation_start_acc": 0.23333333333333334,
  "validation_end_acc": 0.2222222222222222,
  "validation_span_acc": 0.1111111111111111,
  "validation_em": 0.12222222222222222,
  "validation_f1": 0.3185560255120597,
  "validation_loss": 12.083174069722494,
  "best_validation_start_acc": 0.17777777777777778,
  "best_validation_end_acc": 0.24444444444444444,
  "best_validation_span_acc": 0.12222222222222222,
  "best_validation_em": 0.14444444444444443,
  "best_validation_f1": 0.335334418325317,
  "best_validation_loss": 11.66651439666748
}