{
  "best_epoch": 8,
  "peak_cpu_memory_MB": 3856.236,
  "peak_gpu_0_memory_MB": 10,
  "peak_gpu_1_memory_MB": 10,
  "peak_gpu_2_memory_MB": 10,
  "peak_gpu_3_memory_MB": 4237,
  "training_duration": "00:26:58",
  "training_start_epoch": 0,
  "training_epochs": 17,
  "epoch": 17,
  "training_start_acc": 0.7104499274310595,
  "training_end_acc": 0.7706821480406386,
  "training_span_acc": 0.5355587808417998,
  "training_em": 0.5413642960812772,
  "training_f1": 0.8304362479522239,
  "training_loss": 0.91696605805693,
  "training_cpu_memory_MB": 3856.236,
  "training_gpu_0_memory_MB": 10,
  "training_gpu_1_memory_MB": 10,
  "training_gpu_2_memory_MB": 10,
  "training_gpu_3_memory_MB": 4237,
  "validation_start_acc": 0.1724137931034483,
  "validation_end_acc": 0.28735632183908044,
  "validation_span_acc": 0.08045977011494253,
  "validation_em": 0.21839080459770116,
  "validation_f1": 0.46322945385789777,
  "validation_loss": 9.814658482869467,
  "best_validation_start_acc": 0.20689655172413793,
  "best_validation_end_acc": 0.2988505747126437,
  "best_validation_span_acc": 0.13793103448275862,
  "best_validation_em": 0.28735632183908044,
  "best_validation_f1": 0.5160217497646347,
  "best_validation_loss": 8.344005266825357
}