{
  "best_epoch": 2,
  "peak_cpu_memory_MB": 3879.86,
  "peak_gpu_0_memory_MB": 10,
  "peak_gpu_1_memory_MB": 10,
  "peak_gpu_2_memory_MB": 10,
  "peak_gpu_3_memory_MB": 4237,
  "training_duration": "00:02:04",
  "training_start_epoch": 0,
  "training_epochs": 11,
  "epoch": 11,
  "training_start_acc": 0.6307692307692307,
  "training_end_acc": 0.676923076923077,
  "training_span_acc": 0.46153846153846156,
  "training_em": 0.46923076923076923,
  "training_f1": 0.740840516729875,
  "training_loss": 1.9213033782111273,
  "training_cpu_memory_MB": 3879.86,
  "training_gpu_0_memory_MB": 10,
  "training_gpu_1_memory_MB": 10,
  "training_gpu_2_memory_MB": 10,
  "training_gpu_3_memory_MB": 4237,
  "validation_start_acc": 0.054945054945054944,
  "validation_end_acc": 0.07692307692307693,
  "validation_span_acc": 0.01098901098901099,
  "validation_em": 0.01098901098901099,
  "validation_f1": 0.16426848634471813,
  "validation_loss": 10.040085792541504,
  "best_validation_start_acc": 0.07692307692307693,
  "best_validation_end_acc": 0.08791208791208792,
  "best_validation_span_acc": 0.03296703296703297,
  "best_validation_em": 0.03296703296703297,
  "best_validation_f1": 0.16858358123668513,
  "best_validation_loss": 8.448504368464151
}