{
  "best_epoch": 6,
  "peak_cpu_memory_MB": 3656.296,
  "peak_gpu_0_memory_MB": 10,
  "peak_gpu_1_memory_MB": 10,
  "peak_gpu_2_memory_MB": 10,
  "peak_gpu_3_memory_MB": 5705,
  "training_duration": "00:10:22",
  "training_start_epoch": 0,
  "training_epochs": 15,
  "epoch": 15,
  "training_start_acc": 0.98,
  "training_end_acc": 0.985,
  "training_span_acc": 0.9783333333333334,
  "training_em": 0.94,
  "training_f1": 0.968560816162846,
  "training_loss": 0.11497053440268103,
  "training_cpu_memory_MB": 3656.296,
  "training_gpu_0_memory_MB": 10,
  "training_gpu_1_memory_MB": 10,
  "training_gpu_2_memory_MB": 10,
  "training_gpu_3_memory_MB": 5705,
  "validation_start_acc": 0.08045977011494253,
  "validation_end_acc": 0.14942528735632185,
  "validation_span_acc": 0.04597701149425287,
  "validation_em": 0.05747126436781609,
  "validation_f1": 0.2799930686954242,
  "validation_loss": 14.111671129862467,
  "best_validation_start_acc": 0.16091954022988506,
  "best_validation_end_acc": 0.1839080459770115,
  "best_validation_span_acc": 0.10344827586206896,
  "best_validation_em": 0.10344827586206896,
  "best_validation_f1": 0.2978026807329959,
  "best_validation_loss": 8.842294613520304
}