{
  "best_epoch": 17,
  "peak_cpu_memory_MB": 3632.984,
  "peak_gpu_0_memory_MB": 8903,
  "peak_gpu_1_memory_MB": 10,
  "peak_gpu_2_memory_MB": 10,
  "peak_gpu_3_memory_MB": 4001,
  "training_duration": "00:02:49",
  "training_start_epoch": 0,
  "training_epochs": 19,
  "epoch": 19,
  "training_start_acc": 0.94026284348865,
  "training_end_acc": 0.9330943847072879,
  "training_span_acc": 0.9068100358422939,
  "training_em": 0.8984468339307049,
  "training_f1": 0.9441697990617359,
  "training_loss": 0.4643343871213355,
  "training_cpu_memory_MB": 3632.984,
  "training_gpu_0_memory_MB": 8903,
  "training_gpu_1_memory_MB": 10,
  "training_gpu_2_memory_MB": 10,
  "training_gpu_3_memory_MB": 4001,
  "validation_start_acc": 0.09523809523809523,
  "validation_end_acc": 0.2698412698412698,
  "validation_span_acc": 0.09523809523809523,
  "validation_em": 0.1746031746031746,
  "validation_f1": 0.4288631916410452,
  "validation_loss": 12.962540626525879,
  "best_validation_start_acc": 0.1111111111111111,
  "best_validation_end_acc": 0.25396825396825395,
  "best_validation_span_acc": 0.09523809523809523,
  "best_validation_em": 0.19047619047619047,
  "best_validation_f1": 0.42088802773260936,
  "best_validation_loss": 14.021387338638306
}