{
  "best_epoch": 4,
  "peak_cpu_memory_MB": 3656.94,
  "peak_gpu_0_memory_MB": 8903,
  "peak_gpu_1_memory_MB": 10,
  "peak_gpu_2_memory_MB": 10,
  "peak_gpu_3_memory_MB": 5733,
  "training_duration": "00:01:59",
  "training_start_epoch": 0,
  "training_epochs": 13,
  "epoch": 13,
  "training_start_acc": 0.5232558139534884,
  "training_end_acc": 0.46511627906976744,
  "training_span_acc": 0.4069767441860465,
  "training_em": 0.3953488372093023,
  "training_f1": 0.5115170135693837,
  "training_loss": 2.6543111205101013,
  "training_cpu_memory_MB": 3656.94,
  "training_gpu_0_memory_MB": 8903,
  "training_gpu_1_memory_MB": 10,
  "training_gpu_2_memory_MB": 10,
  "training_gpu_3_memory_MB": 5733,
  "validation_start_acc": 0.07777777777777778,
  "validation_end_acc": 0.05555555555555555,
  "validation_span_acc": 0.022222222222222223,
  "validation_em": 0.05555555555555555,
  "validation_f1": 0.2083398087661071,
  "validation_loss": 11.016690492630005,
  "best_validation_start_acc": 0.08888888888888889,
  "best_validation_end_acc": 0.05555555555555555,
  "best_validation_span_acc": 0.044444444444444446,
  "best_validation_em": 0.07777777777777778,
  "best_validation_f1": 0.2036944609089163,
  "best_validation_loss": 9.837403297424316
}