{
  "best_epoch": 10,
  "peak_cpu_memory_MB": 3865.608,
  "peak_gpu_0_memory_MB": 10,
  "peak_gpu_1_memory_MB": 10,
  "peak_gpu_2_memory_MB": 10,
  "peak_gpu_3_memory_MB": 4237,
  "training_duration": "00:19:21",
  "training_start_epoch": 0,
  "training_epochs": 19,
  "epoch": 19,
  "training_start_acc": 0.6974248927038627,
  "training_end_acc": 0.753934191702432,
  "training_span_acc": 0.5121602288984263,
  "training_em": 0.5171673819742489,
  "training_f1": 0.8115808596173009,
  "training_loss": 0.9145563624121926,
  "training_cpu_memory_MB": 3865.608,
  "training_gpu_0_memory_MB": 10,
  "training_gpu_1_memory_MB": 10,
  "training_gpu_2_memory_MB": 10,
  "training_gpu_3_memory_MB": 4237,
  "validation_start_acc": 0.26373626373626374,
  "validation_end_acc": 0.32967032967032966,
  "validation_span_acc": 0.15384615384615385,
  "validation_em": 0.16483516483516483,
  "validation_f1": 0.3951326235950596,
  "validation_loss": 10.284115552902222,
  "best_validation_start_acc": 0.2967032967032967,
  "best_validation_end_acc": 0.4065934065934066,
  "best_validation_span_acc": 0.23076923076923078,
  "best_validation_em": 0.24175824175824176,
  "best_validation_f1": 0.42779324282873454,
  "best_validation_loss": 7.303344090779622
}