{
  "best_epoch": 9,
  "peak_cpu_memory_MB": 3867.7,
  "peak_gpu_0_memory_MB": 10,
  "peak_gpu_1_memory_MB": 10,
  "peak_gpu_2_memory_MB": 10,
  "peak_gpu_3_memory_MB": 6395,
  "training_duration": "00:17:56",
  "training_start_epoch": 0,
  "training_epochs": 18,
  "epoch": 18,
  "training_start_acc": 0.7045291157440691,
  "training_end_acc": 0.7649173256649893,
  "training_span_acc": 0.5298346513299784,
  "training_em": 0.5341480948957584,
  "training_f1": 0.8279859686719626,
  "training_loss": 0.9069469228558157,
  "training_cpu_memory_MB": 3867.7,
  "training_gpu_0_memory_MB": 10,
  "training_gpu_1_memory_MB": 10,
  "training_gpu_2_memory_MB": 10,
  "training_gpu_3_memory_MB": 6395,
  "validation_start_acc": 0.26666666666666666,
  "validation_end_acc": 0.36666666666666664,
  "validation_span_acc": 0.2,
  "validation_em": 0.2222222222222222,
  "validation_f1": 0.4018828582837028,
  "validation_loss": 9.206878582636515,
  "best_validation_start_acc": 0.2777777777777778,
  "best_validation_end_acc": 0.3333333333333333,
  "best_validation_span_acc": 0.17777777777777778,
  "best_validation_em": 0.25555555555555554,
  "best_validation_f1": 0.42399291650598925,
  "best_validation_loss": 7.228530963261922
}