{
  "best_epoch": 12,
  "peak_cpu_memory_MB": 3632.992,
  "peak_gpu_0_memory_MB": 10,
  "peak_gpu_1_memory_MB": 10,
  "peak_gpu_2_memory_MB": 10,
  "peak_gpu_3_memory_MB": 5739,
  "training_duration": "00:02:36",
  "training_start_epoch": 0,
  "training_epochs": 19,
  "epoch": 19,
  "training_start_acc": 0.9592592592592593,
  "training_end_acc": 0.9555555555555556,
  "training_span_acc": 0.928395061728395,
  "training_em": 0.9024691358024691,
  "training_f1": 0.959170245883497,
  "training_loss": 0.3065962809704098,
  "training_cpu_memory_MB": 3632.992,
  "training_gpu_0_memory_MB": 10,
  "training_gpu_1_memory_MB": 10,
  "training_gpu_2_memory_MB": 10,
  "training_gpu_3_memory_MB": 5739,
  "validation_start_acc": 0.15555555555555556,
  "validation_end_acc": 0.2,
  "validation_span_acc": 0.07777777777777778,
  "validation_em": 0.07777777777777778,
  "validation_f1": 0.2620841922780474,
  "validation_loss": 12.883222897847494,
  "best_validation_start_acc": 0.14444444444444443,
  "best_validation_end_acc": 0.23333333333333334,
  "best_validation_span_acc": 0.1,
  "best_validation_em": 0.1,
  "best_validation_f1": 0.25322364672558834,
  "best_validation_loss": 10.267452319463095
}