{
  "best_epoch": 16,
  "peak_cpu_memory_MB": 3656.296,
  "peak_gpu_0_memory_MB": 10,
  "peak_gpu_1_memory_MB": 10,
  "peak_gpu_2_memory_MB": 10,
  "peak_gpu_3_memory_MB": 5707,
  "training_duration": "00:04:00",
  "training_start_epoch": 0,
  "training_epochs": 19,
  "epoch": 19,
  "training_start_acc": 0.9655172413793104,
  "training_end_acc": 0.9458128078817734,
  "training_span_acc": 0.9408866995073891,
  "training_em": 0.9310344827586207,
  "training_f1": 0.9663327225599291,
  "training_loss": 0.33891842800837296,
  "training_cpu_memory_MB": 3656.296,
  "training_gpu_0_memory_MB": 10,
  "training_gpu_1_memory_MB": 10,
  "training_gpu_2_memory_MB": 10,
  "training_gpu_3_memory_MB": 5707,
  "validation_start_acc": 0.07692307692307693,
  "validation_end_acc": 0.08791208791208792,
  "validation_span_acc": 0.03296703296703297,
  "validation_em": 0.03296703296703297,
  "validation_f1": 0.17561237863584733,
  "validation_loss": 11.474417368570963,
  "best_validation_start_acc": 0.08791208791208792,
  "best_validation_end_acc": 0.0989010989010989,
  "best_validation_span_acc": 0.04395604395604396,
  "best_validation_em": 0.04395604395604396,
  "best_validation_f1": 0.16114407867027175,
  "best_validation_loss": 10.581144173940023
}