{
  "best_epoch": 17,
  "peak_cpu_memory_MB": 2721.744,
  "peak_gpu_0_memory_MB": 10,
  "peak_gpu_1_memory_MB": 10,
  "peak_gpu_2_memory_MB": 10,
  "peak_gpu_3_memory_MB": 4867,
  "training_duration": "00:02:31",
  "training_start_epoch": 0,
  "training_epochs": 19,
  "epoch": 19,
  "training_start_acc": 0.501466275659824,
  "training_end_acc": 0.7448680351906158,
  "training_span_acc": 0.3533724340175953,
  "training_em": 0.3709677419354839,
  "training_f1": 0.755023067844882,
  "training_loss": 2.2218127195225206,
  "training_cpu_memory_MB": 2721.744,
  "training_gpu_0_memory_MB": 10,
  "training_gpu_1_memory_MB": 10,
  "training_gpu_2_memory_MB": 10,
  "training_gpu_3_memory_MB": 4867,
  "validation_start_acc": 0.07777777777777778,
  "validation_end_acc": 0.18888888888888888,
  "validation_span_acc": 0.03333333333333333,
  "validation_em": 0.06666666666666667,
  "validation_f1": 0.22365087677704,
  "validation_loss": 11.204121112823486,
  "best_validation_start_acc": 0.07777777777777778,
  "best_validation_end_acc": 0.17777777777777778,
  "best_validation_span_acc": 0.03333333333333333,
  "best_validation_em": 0.06666666666666667,
  "best_validation_f1": 0.22908246583214537,
  "best_validation_loss": 10.767854849497477
}