{
  "best_epoch": 4,
  "peak_cpu_memory_MB": 3621.028,
  "peak_gpu_0_memory_MB": 10787,
  "peak_gpu_1_memory_MB": 6755,
  "peak_gpu_2_memory_MB": 7173,
  "peak_gpu_3_memory_MB": 6755,
  "training_duration": "00:03:20",
  "training_start_epoch": 0,
  "training_epochs": 13,
  "epoch": 13,
  "training_start_acc": 0.9722222222222222,
  "training_end_acc": 0.9629629629629629,
  "training_span_acc": 0.9490740740740741,
  "training_em": 0.9398148148148148,
  "training_f1": 0.9683277775616296,
  "training_loss": 0.1936829233808177,
  "training_cpu_memory_MB": 3621.028,
  "training_gpu_0_memory_MB": 10787,
  "training_gpu_1_memory_MB": 6755,
  "training_gpu_2_memory_MB": 7173,
  "training_gpu_3_memory_MB": 6755,
  "validation_start_acc": 0.044444444444444446,
  "validation_end_acc": 0.12222222222222222,
  "validation_span_acc": 0.022222222222222223,
  "validation_em": 0.022222222222222223,
  "validation_f1": 0.1985600187595888,
  "validation_loss": 11.992470582326254,
  "best_validation_start_acc": 0.08888888888888889,
  "best_validation_end_acc": 0.1,
  "best_validation_span_acc": 0.03333333333333333,
  "best_validation_em": 0.03333333333333333,
  "best_validation_f1": 0.17921992313555543,
  "best_validation_loss": 8.75757098197937
}