{
  "best_epoch": 12,
  "peak_cpu_memory_MB": 2666.48,
  "peak_gpu_0_memory_MB": 10787,
  "peak_gpu_1_memory_MB": 10,
  "peak_gpu_2_memory_MB": 10,
  "peak_gpu_3_memory_MB": 8858,
  "training_duration": "00:04:45",
  "training_start_epoch": 0,
  "training_epochs": 19,
  "epoch": 19,
  "training_start_acc": 0.7901234567901234,
  "training_end_acc": 0.8753086419753087,
  "training_span_acc": 0.7209876543209877,
  "training_em": 0.7197530864197531,
  "training_f1": 0.8798833713478218,
  "training_loss": 1.0926401293745227,
  "training_cpu_memory_MB": 2666.48,
  "training_gpu_0_memory_MB": 10787,
  "training_gpu_1_memory_MB": 10,
  "training_gpu_2_memory_MB": 10,
  "training_gpu_3_memory_MB": 8858,
  "validation_start_acc": 0.16666666666666666,
  "validation_end_acc": 0.28888888888888886,
  "validation_span_acc": 0.1111111111111111,
  "validation_em": 0.16666666666666666,
  "validation_f1": 0.36680905671241637,
  "validation_loss": 11.624266386032104,
  "best_validation_start_acc": 0.2111111111111111,
  "best_validation_end_acc": 0.26666666666666666,
  "best_validation_span_acc": 0.14444444444444443,
  "best_validation_em": 0.2111111111111111,
  "best_validation_f1": 0.35751537063317423,
  "best_validation_loss": 7.608169714609782
}