{
  "best_epoch": 12,
  "peak_cpu_memory_MB": 3877.072,
  "peak_gpu_0_memory_MB": 10,
  "peak_gpu_1_memory_MB": 10,
  "peak_gpu_2_memory_MB": 10,
  "peak_gpu_3_memory_MB": 4237,
  "training_duration": "00:18:47",
  "training_start_epoch": 0,
  "training_epochs": 19,
  "epoch": 19,
  "training_start_acc": 0.6876340243030736,
  "training_end_acc": 0.781987133666905,
  "training_span_acc": 0.5282344531808435,
  "training_em": 0.5332380271622588,
  "training_f1": 0.830881119191081,
  "training_loss": 0.8814467706463553,
  "training_cpu_memory_MB": 3877.072,
  "training_gpu_0_memory_MB": 10,
  "training_gpu_1_memory_MB": 10,
  "training_gpu_2_memory_MB": 10,
  "training_gpu_3_memory_MB": 4237,
  "validation_start_acc": 0.23333333333333334,
  "validation_end_acc": 0.3333333333333333,
  "validation_span_acc": 0.17777777777777778,
  "validation_em": 0.2222222222222222,
  "validation_f1": 0.44870253384498177,
  "validation_loss": 9.730499585469564,
  "best_validation_start_acc": 0.26666666666666666,
  "best_validation_end_acc": 0.36666666666666664,
  "best_validation_span_acc": 0.2,
  "best_validation_em": 0.25555555555555554,
  "best_validation_f1": 0.4651158248636459,
  "best_validation_loss": 7.60117228825887
}