{
  "best_epoch": 6,
  "peak_cpu_memory_MB": 3675.096,
  "peak_gpu_0_memory_MB": 10,
  "peak_gpu_1_memory_MB": 10,
  "peak_gpu_2_memory_MB": 10,
  "peak_gpu_3_memory_MB": 6395,
  "training_duration": "00:15:13",
  "training_start_epoch": 0,
  "training_epochs": 15,
  "epoch": 15,
  "training_start_acc": 0.6992857142857143,
  "training_end_acc": 0.7464285714285714,
  "training_span_acc": 0.5092857142857142,
  "training_em": 0.5171428571428571,
  "training_f1": 0.8194500316520615,
  "training_loss": 0.9982136156071316,
  "training_cpu_memory_MB": 3675.096,
  "training_gpu_0_memory_MB": 10,
  "training_gpu_1_memory_MB": 10,
  "training_gpu_2_memory_MB": 10,
  "training_gpu_3_memory_MB": 6395,
  "validation_start_acc": 0.24444444444444444,
  "validation_end_acc": 0.16666666666666666,
  "validation_span_acc": 0.06666666666666667,
  "validation_em": 0.13333333333333333,
  "validation_f1": 0.34638701409378003,
  "validation_loss": 10.27421760559082,
  "best_validation_start_acc": 0.2111111111111111,
  "best_validation_end_acc": 0.25555555555555554,
  "best_validation_span_acc": 0.1111111111111111,
  "best_validation_em": 0.15555555555555556,
  "best_validation_f1": 0.39126400223190655,
  "best_validation_loss": 7.723795493443807
}