{
  "best_epoch": 5,
  "peak_cpu_memory_MB": 2652.268,
  "peak_gpu_0_memory_MB": 10787,
  "peak_gpu_1_memory_MB": 10,
  "peak_gpu_2_memory_MB": 10,
  "peak_gpu_3_memory_MB": 5265,
  "training_duration": "00:02:25",
  "training_start_epoch": 0,
  "training_epochs": 14,
  "epoch": 14,
  "training_start_acc": 0.03442622950819672,
  "training_end_acc": 0.10327868852459017,
  "training_span_acc": 0.00819672131147541,
  "training_em": 0.009836065573770493,
  "training_f1": 0.14540935700656715,
  "training_loss": 8.225058396657309,
  "training_cpu_memory_MB": 2652.268,
  "training_gpu_0_memory_MB": 10787,
  "training_gpu_1_memory_MB": 10,
  "training_gpu_2_memory_MB": 10,
  "training_gpu_3_memory_MB": 5265,
  "validation_start_acc": 0.011111111111111112,
  "validation_end_acc": 0.07777777777777778,
  "validation_span_acc": 0.0,
  "validation_em": 0.011111111111111112,
  "validation_f1": 0.18562352270604776,
  "validation_loss": 8.334273179372152,
  "best_validation_start_acc": 0.03333333333333333,
  "best_validation_end_acc": 0.044444444444444446,
  "best_validation_span_acc": 0.011111111111111112,
  "best_validation_em": 0.022222222222222223,
  "best_validation_f1": 0.15693490558602743,
  "best_validation_loss": 8.52060079574585
}