{
  "best_epoch": 11,
  "peak_cpu_memory_MB": 3866.676,
  "peak_gpu_0_memory_MB": 10,
  "peak_gpu_1_memory_MB": 10,
  "peak_gpu_2_memory_MB": 10,
  "peak_gpu_3_memory_MB": 4237,
  "training_duration": "00:14:50",
  "training_start_epoch": 0,
  "training_epochs": 19,
  "epoch": 19,
  "training_start_acc": 0.6984585741811176,
  "training_end_acc": 0.7822736030828517,
  "training_span_acc": 0.5423892100192679,
  "training_em": 0.546242774566474,
  "training_f1": 0.8367085890999725,
  "training_loss": 0.9048642332737262,
  "training_cpu_memory_MB": 3866.676,
  "training_gpu_0_memory_MB": 10,
  "training_gpu_1_memory_MB": 10,
  "training_gpu_2_memory_MB": 10,
  "training_gpu_3_memory_MB": 4237,
  "validation_start_acc": 0.17777777777777778,
  "validation_end_acc": 0.2,
  "validation_span_acc": 0.06666666666666667,
  "validation_em": 0.06666666666666667,
  "validation_f1": 0.26933677365223957,
  "validation_loss": 11.32409938176473,
  "best_validation_start_acc": 0.2,
  "best_validation_end_acc": 0.2777777777777778,
  "best_validation_span_acc": 0.1111111111111111,
  "best_validation_em": 0.1111111111111111,
  "best_validation_f1": 0.3352376524214005,
  "best_validation_loss": 9.367561976114908
}