{
  "best_epoch": 7,
  "peak_cpu_memory_MB": 3853.092,
  "peak_gpu_0_memory_MB": 10787,
  "peak_gpu_1_memory_MB": 10,
  "peak_gpu_2_memory_MB": 7173,
  "peak_gpu_3_memory_MB": 10,
  "training_duration": "00:09:06",
  "training_start_epoch": 0,
  "training_epochs": 16,
  "epoch": 16,
  "training_start_acc": 0.6804123711340206,
  "training_end_acc": 0.7525773195876289,
  "training_span_acc": 0.5036818851251841,
  "training_em": 0.5022091310751104,
  "training_f1": 0.8094358460740032,
  "training_loss": 1.0099717025146928,
  "training_cpu_memory_MB": 3853.092,
  "training_gpu_0_memory_MB": 10787,
  "training_gpu_1_memory_MB": 10,
  "training_gpu_2_memory_MB": 7173,
  "training_gpu_3_memory_MB": 10,
  "validation_start_acc": 0.18888888888888888,
  "validation_end_acc": 0.2222222222222222,
  "validation_span_acc": 0.08888888888888889,
  "validation_em": 0.08888888888888889,
  "validation_f1": 0.28599795601663897,
  "validation_loss": 9.098473072052002,
  "best_validation_start_acc": 0.2111111111111111,
  "best_validation_end_acc": 0.2222222222222222,
  "best_validation_span_acc": 0.14444444444444443,
  "best_validation_em": 0.14444444444444443,
  "best_validation_f1": 0.3091662665340796,
  "best_validation_loss": 7.7698127428690595
}