{
  "best_epoch": 0,
  "peak_cpu_memory_MB": 3656.94,
  "peak_gpu_0_memory_MB": 8903,
  "peak_gpu_1_memory_MB": 10,
  "peak_gpu_2_memory_MB": 10,
  "peak_gpu_3_memory_MB": 5733,
  "training_duration": "00:01:25",
  "training_start_epoch": 0,
  "training_epochs": 9,
  "epoch": 9,
  "training_start_acc": 0.31868131868131866,
  "training_end_acc": 0.27472527472527475,
  "training_span_acc": 0.2087912087912088,
  "training_em": 0.2087912087912088,
  "training_f1": 0.2965106433662261,
  "training_loss": 3.3974733352661133,
  "training_cpu_memory_MB": 3656.94,
  "training_gpu_0_memory_MB": 8903,
  "training_gpu_1_memory_MB": 10,
  "training_gpu_2_memory_MB": 10,
  "training_gpu_3_memory_MB": 5733,
  "validation_start_acc": 0.08045977011494253,
  "validation_end_acc": 0.04597701149425287,
  "validation_span_acc": 0.011494252873563218,
  "validation_em": 0.034482758620689655,
  "validation_f1": 0.2242756495860034,
  "validation_loss": 9.825266520182291,
  "best_validation_start_acc": 0.08045977011494253,
  "best_validation_end_acc": 0.09195402298850575,
  "best_validation_span_acc": 0.034482758620689655,
  "best_validation_em": 0.04597701149425287,
  "best_validation_f1": 0.24072820749454485,
  "best_validation_loss": 9.29546308517456
}