{
  "best_epoch": 7,
  "peak_cpu_memory_MB": 3624.752,
  "peak_gpu_0_memory_MB": 10,
  "peak_gpu_1_memory_MB": 10,
  "peak_gpu_2_memory_MB": 10,
  "peak_gpu_3_memory_MB": 4785,
  "training_duration": "00:14:18",
  "training_start_epoch": 0,
  "training_epochs": 16,
  "epoch": 16,
  "training_start_acc": 0.991358024691358,
  "training_end_acc": 0.991358024691358,
  "training_span_acc": 0.9864197530864197,
  "training_em": 0.9481481481481482,
  "training_f1": 0.9762154629376204,
  "training_loss": 0.06056193342688037,
  "training_cpu_memory_MB": 3624.752,
  "training_gpu_0_memory_MB": 10,
  "training_gpu_1_memory_MB": 10,
  "training_gpu_2_memory_MB": 10,
  "training_gpu_3_memory_MB": 4785,
  "validation_start_acc": 0.12222222222222222,
  "validation_end_acc": 0.18888888888888888,
  "validation_span_acc": 0.08888888888888889,
  "validation_em": 0.1,
  "validation_f1": 0.25673643390637235,
  "validation_loss": 13.146249930063883,
  "best_validation_start_acc": 0.17777777777777778,
  "best_validation_end_acc": 0.2222222222222222,
  "best_validation_span_acc": 0.12222222222222222,
  "best_validation_em": 0.13333333333333333,
  "best_validation_f1": 0.27262770135072534,
  "best_validation_loss": 8.499051253000895
}