{
  "best_epoch": 5,
  "peak_cpu_memory_MB": 3659.656,
  "peak_gpu_0_memory_MB": 10787,
  "peak_gpu_1_memory_MB": 10,
  "peak_gpu_2_memory_MB": 10,
  "peak_gpu_3_memory_MB": 5711,
  "training_duration": "00:02:38",
  "training_start_epoch": 0,
  "training_epochs": 14,
  "epoch": 14,
  "training_start_acc": 0.8811881188118812,
  "training_end_acc": 0.8514851485148515,
  "training_span_acc": 0.8613861386138614,
  "training_em": 0.8415841584158416,
  "training_f1": 0.8750082379910437,
  "training_loss": 0.9234110031809125,
  "training_cpu_memory_MB": 3659.656,
  "training_gpu_0_memory_MB": 10787,
  "training_gpu_1_memory_MB": 10,
  "training_gpu_2_memory_MB": 10,
  "training_gpu_3_memory_MB": 5711,
  "validation_start_acc": 0.044444444444444446,
  "validation_end_acc": 0.13333333333333333,
  "validation_span_acc": 0.022222222222222223,
  "validation_em": 0.03333333333333333,
  "validation_f1": 0.21943011585134492,
  "validation_loss": 9.514306863149008,
  "best_validation_start_acc": 0.03333333333333333,
  "best_validation_end_acc": 0.08888888888888889,
  "best_validation_span_acc": 0.022222222222222223,
  "best_validation_em": 0.05555555555555555,
  "best_validation_f1": 0.2315875250278104,
  "best_validation_loss": 8.598031997680664
}