{
  "best_epoch": 4,
  "peak_cpu_memory_MB": 3632.992,
  "peak_gpu_0_memory_MB": 10,
  "peak_gpu_1_memory_MB": 10,
  "peak_gpu_2_memory_MB": 10,
  "peak_gpu_3_memory_MB": 5739,
  "training_duration": "00:00:18",
  "training_start_epoch": 0,
  "training_epochs": 13,
  "epoch": 13,
  "training_start_acc": 0.3023255813953488,
  "training_end_acc": 0.3023255813953488,
  "training_span_acc": 0.13953488372093023,
  "training_em": 0.13953488372093023,
  "training_f1": 0.2943504918598289,
  "training_loss": 3.9712073802948,
  "training_cpu_memory_MB": 3632.992,
  "training_gpu_0_memory_MB": 10,
  "training_gpu_1_memory_MB": 10,
  "training_gpu_2_memory_MB": 10,
  "training_gpu_3_memory_MB": 5739,
  "validation_start_acc": 0.04395604395604396,
  "validation_end_acc": 0.06593406593406594,
  "validation_span_acc": 0.02197802197802198,
  "validation_em": 0.02197802197802198,
  "validation_f1": 0.11830102329631036,
  "validation_loss": 11.250841617584229,
  "best_validation_start_acc": 0.04395604395604396,
  "best_validation_end_acc": 0.08791208791208792,
  "best_validation_span_acc": 0.03296703296703297,
  "best_validation_em": 0.03296703296703297,
  "best_validation_f1": 0.12762309293322613,
  "best_validation_loss": 8.363744576772055
}