{
  "best_epoch": 12,
  "peak_cpu_memory_MB": 3879.86,
  "peak_gpu_0_memory_MB": 10,
  "peak_gpu_1_memory_MB": 10,
  "peak_gpu_2_memory_MB": 10,
  "peak_gpu_3_memory_MB": 4237,
  "training_duration": "00:18:38",
  "training_start_epoch": 0,
  "training_epochs": 19,
  "epoch": 19,
  "training_start_acc": 0.7119013062409288,
  "training_end_acc": 0.783744557329463,
  "training_span_acc": 0.5457184325108854,
  "training_em": 0.5500725689404935,
  "training_f1": 0.8347012012499333,
  "training_loss": 0.8651772662140857,
  "training_cpu_memory_MB": 3879.86,
  "training_gpu_0_memory_MB": 10,
  "training_gpu_1_memory_MB": 10,
  "training_gpu_2_memory_MB": 10,
  "training_gpu_3_memory_MB": 4237,
  "validation_start_acc": 0.20689655172413793,
  "validation_end_acc": 0.3563218390804598,
  "validation_span_acc": 0.10344827586206896,
  "validation_em": 0.21839080459770116,
  "validation_f1": 0.4933383068850895,
  "validation_loss": 10.247652371724447,
  "best_validation_start_acc": 0.21839080459770116,
  "best_validation_end_acc": 0.39080459770114945,
  "best_validation_span_acc": 0.14942528735632185,
  "best_validation_em": 0.2988505747126437,
  "best_validation_f1": 0.544785807787969,
  "best_validation_loss": 8.775826613108316
}