{
  "best_epoch": 17,
  "peak_cpu_memory_MB": 3626.016,
  "peak_gpu_0_memory_MB": 10787,
  "peak_gpu_1_memory_MB": 6759,
  "peak_gpu_2_memory_MB": 7173,
  "peak_gpu_3_memory_MB": 6757,
  "training_duration": "00:03:01",
  "training_start_epoch": 0,
  "training_epochs": 19,
  "epoch": 19,
  "training_start_acc": 0.9767441860465116,
  "training_end_acc": 0.9883720930232558,
  "training_span_acc": 0.9767441860465116,
  "training_em": 0.9534883720930233,
  "training_f1": 0.9627562855273554,
  "training_loss": 0.19564707080523172,
  "training_cpu_memory_MB": 3626.016,
  "training_gpu_0_memory_MB": 10787,
  "training_gpu_1_memory_MB": 6759,
  "training_gpu_2_memory_MB": 7173,
  "training_gpu_3_memory_MB": 6757,
  "validation_start_acc": 0.05555555555555555,
  "validation_end_acc": 0.08888888888888889,
  "validation_span_acc": 0.044444444444444446,
  "validation_em": 0.06666666666666667,
  "validation_f1": 0.23717745406926813,
  "validation_loss": 10.28045129776001,
  "best_validation_start_acc": 0.06666666666666667,
  "best_validation_end_acc": 0.07777777777777778,
  "best_validation_span_acc": 0.05555555555555555,
  "best_validation_em": 0.07777777777777778,
  "best_validation_f1": 0.2428110832050496,
  "best_validation_loss": 10.410991191864014
}