{
  "best_epoch": 7,
  "peak_cpu_memory_MB": 3879.86,
  "peak_gpu_0_memory_MB": 10,
  "peak_gpu_1_memory_MB": 10,
  "peak_gpu_2_memory_MB": 10,
  "peak_gpu_3_memory_MB": 4237,
  "training_duration": "00:02:38",
  "training_start_epoch": 0,
  "training_epochs": 16,
  "epoch": 16,
  "training_start_acc": 0.6408450704225352,
  "training_end_acc": 0.7535211267605634,
  "training_span_acc": 0.43661971830985913,
  "training_em": 0.4295774647887324,
  "training_f1": 0.789278926154865,
  "training_loss": 1.2298552327685885,
  "training_cpu_memory_MB": 3879.86,
  "training_gpu_0_memory_MB": 10,
  "training_gpu_1_memory_MB": 10,
  "training_gpu_2_memory_MB": 10,
  "training_gpu_3_memory_MB": 4237,
  "validation_start_acc": 0.06666666666666667,
  "validation_end_acc": 0.1111111111111111,
  "validation_span_acc": 0.0,
  "validation_em": 0.03333333333333333,
  "validation_f1": 0.21676436535461746,
  "validation_loss": 10.84646733601888,
  "best_validation_start_acc": 0.06666666666666667,
  "best_validation_end_acc": 0.1111111111111111,
  "best_validation_span_acc": 0.011111111111111112,
  "best_validation_em": 0.05555555555555555,
  "best_validation_f1": 0.21266404495422866,
  "best_validation_loss": 9.03601622581482
}