{
  "best_epoch": 5,
  "peak_cpu_memory_MB": 3879.86,
  "peak_gpu_0_memory_MB": 10,
  "peak_gpu_1_memory_MB": 10,
  "peak_gpu_2_memory_MB": 10,
  "peak_gpu_3_memory_MB": 4237,
  "training_duration": "00:10:30",
  "training_start_epoch": 0,
  "training_epochs": 14,
  "epoch": 14,
  "training_start_acc": 0.6755162241887905,
  "training_end_acc": 0.7551622418879056,
  "training_span_acc": 0.4916420845624385,
  "training_em": 0.49557522123893805,
  "training_f1": 0.8046812701239623,
  "training_loss": 1.0430414872244,
  "training_cpu_memory_MB": 3879.86,
  "training_gpu_0_memory_MB": 10,
  "training_gpu_1_memory_MB": 10,
  "training_gpu_2_memory_MB": 10,
  "training_gpu_3_memory_MB": 4237,
  "validation_start_acc": 0.14942528735632185,
  "validation_end_acc": 0.28735632183908044,
  "validation_span_acc": 0.08045977011494253,
  "validation_em": 0.14942528735632185,
  "validation_f1": 0.4097691000274055,
  "validation_loss": 9.554369370142618,
  "best_validation_start_acc": 0.1839080459770115,
  "best_validation_end_acc": 0.27586206896551724,
  "best_validation_span_acc": 0.14942528735632185,
  "best_validation_em": 0.20689655172413793,
  "best_validation_f1": 0.4087681158467865,
  "best_validation_loss": 7.872796217600505
}