{
  "best_epoch": 10,
  "peak_cpu_memory_MB": 2739.988,
  "peak_gpu_0_memory_MB": 6121,
  "peak_gpu_1_memory_MB": 0,
  "peak_gpu_2_memory_MB": 0,
  "peak_gpu_3_memory_MB": 607,
  "training_duration": "00:03:36",
  "training_start_epoch": 0,
  "training_epochs": 19,
  "epoch": 19,
  "training_start_acc": 0.5804311774461028,
  "training_end_acc": 0.6019900497512438,
  "training_span_acc": 0.49585406301824214,
  "training_em": 0.49917081260364843,
  "training_f1": 0.5953861744406883,
  "training_loss": 2.239285387490925,
  "training_cpu_memory_MB": 2739.988,
  "training_gpu_0_memory_MB": 6121,
  "training_gpu_1_memory_MB": 0,
  "training_gpu_2_memory_MB": 0,
  "training_gpu_3_memory_MB": 607,
  "validation_start_acc": 0.05555555555555555,
  "validation_end_acc": 0.1111111111111111,
  "validation_span_acc": 0.03333333333333333,
  "validation_em": 0.044444444444444446,
  "validation_f1": 0.14364224462388855,
  "validation_loss": 14.217613061269125,
  "best_validation_start_acc": 0.044444444444444446,
  "best_validation_end_acc": 0.14444444444444443,
  "best_validation_span_acc": 0.03333333333333333,
  "best_validation_em": 0.05555555555555555,
  "best_validation_f1": 0.13656294012924175,
  "best_validation_loss": 10.420852502187094
}