{
  "best_epoch": 8,
  "peak_cpu_memory_MB": 3867.7,
  "peak_gpu_0_memory_MB": 10,
  "peak_gpu_1_memory_MB": 10,
  "peak_gpu_2_memory_MB": 10,
  "peak_gpu_3_memory_MB": 6395,
  "training_duration": "00:02:45",
  "training_start_epoch": 0,
  "training_epochs": 17,
  "epoch": 17,
  "training_start_acc": 0.6338028169014085,
  "training_end_acc": 0.795774647887324,
  "training_span_acc": 0.4859154929577465,
  "training_em": 0.49295774647887325,
  "training_f1": 0.8261826705089335,
  "training_loss": 1.195100764433543,
  "training_cpu_memory_MB": 3867.7,
  "training_gpu_0_memory_MB": 10,
  "training_gpu_1_memory_MB": 10,
  "training_gpu_2_memory_MB": 10,
  "training_gpu_3_memory_MB": 6395,
  "validation_start_acc": 0.044444444444444446,
  "validation_end_acc": 0.1111111111111111,
  "validation_span_acc": 0.011111111111111112,
  "validation_em": 0.03333333333333333,
  "validation_f1": 0.2059549666267532,
  "validation_loss": 10.010868231455484,
  "best_validation_start_acc": 0.044444444444444446,
  "best_validation_end_acc": 0.13333333333333333,
  "best_validation_span_acc": 0.011111111111111112,
  "best_validation_em": 0.06666666666666667,
  "best_validation_f1": 0.24011372567369316,
  "best_validation_loss": 9.149047692616781
}