{
  "best_epoch": 0,
  "peak_cpu_memory_MB": 3632.992,
  "peak_gpu_0_memory_MB": 10,
  "peak_gpu_1_memory_MB": 10,
  "peak_gpu_2_memory_MB": 10,
  "peak_gpu_3_memory_MB": 5731,
  "training_duration": "00:02:02",
  "training_start_epoch": 0,
  "training_epochs": 9,
  "epoch": 9,
  "training_start_acc": 0.4166666666666667,
  "training_end_acc": 0.35784313725490197,
  "training_span_acc": 0.29901960784313725,
  "training_em": 0.29411764705882354,
  "training_f1": 0.39041856761232774,
  "training_loss": 2.87177718602694,
  "training_cpu_memory_MB": 3632.992,
  "training_gpu_0_memory_MB": 10,
  "training_gpu_1_memory_MB": 10,
  "training_gpu_2_memory_MB": 10,
  "training_gpu_3_memory_MB": 5731,
  "validation_start_acc": 0.044444444444444446,
  "validation_end_acc": 0.1,
  "validation_span_acc": 0.0,
  "validation_em": 0.011111111111111112,
  "validation_f1": 0.1584247524257789,
  "validation_loss": 9.72479804356893,
  "best_validation_start_acc": 0.06666666666666667,
  "best_validation_end_acc": 0.1,
  "best_validation_span_acc": 0.011111111111111112,
  "best_validation_em": 0.011111111111111112,
  "best_validation_f1": 0.11937964724117249,
  "best_validation_loss": 8.122404177983602
}