{
  "best_epoch": 15,
  "peak_cpu_memory_MB": 3853.092,
  "peak_gpu_0_memory_MB": 10787,
  "peak_gpu_1_memory_MB": 10,
  "peak_gpu_2_memory_MB": 7173,
  "peak_gpu_3_memory_MB": 10,
  "training_duration": "00:06:18",
  "training_start_epoch": 0,
  "training_epochs": 19,
  "epoch": 19,
  "training_start_acc": 0.7122905027932961,
  "training_end_acc": 0.7849162011173184,
  "training_span_acc": 0.5502793296089385,
  "training_em": 0.5502793296089385,
  "training_f1": 0.8334014413821901,
  "training_loss": 0.9399064468300861,
  "training_cpu_memory_MB": 3853.092,
  "training_gpu_0_memory_MB": 10787,
  "training_gpu_1_memory_MB": 10,
  "training_gpu_2_memory_MB": 7173,
  "training_gpu_3_memory_MB": 10,
  "validation_start_acc": 0.1,
  "validation_end_acc": 0.15555555555555556,
  "validation_span_acc": 0.03333333333333333,
  "validation_em": 0.03333333333333333,
  "validation_f1": 0.19842313129111563,
  "validation_loss": 11.20437240600586,
  "best_validation_start_acc": 0.12222222222222222,
  "best_validation_end_acc": 0.17777777777777778,
  "best_validation_span_acc": 0.07777777777777778,
  "best_validation_em": 0.07777777777777778,
  "best_validation_f1": 0.24741421673718886,
  "best_validation_loss": 10.571880658467611
}