{
  "best_epoch": 15,
  "peak_cpu_memory_MB": 2630.652,
  "peak_gpu_0_memory_MB": 10787,
  "peak_gpu_1_memory_MB": 10,
  "peak_gpu_2_memory_MB": 10,
  "peak_gpu_3_memory_MB": 8858,
  "training_duration": "00:05:19",
  "training_start_epoch": 0,
  "training_epochs": 19,
  "epoch": 19,
  "training_start_acc": 0.37392373923739236,
  "training_end_acc": 0.5448954489544895,
  "training_span_acc": 0.2865928659286593,
  "training_em": 0.2890528905289053,
  "training_f1": 0.5511762070609969,
  "training_loss": 3.9097413175246296,
  "training_cpu_memory_MB": 2630.652,
  "training_gpu_0_memory_MB": 10787,
  "training_gpu_1_memory_MB": 10,
  "training_gpu_2_memory_MB": 10,
  "training_gpu_3_memory_MB": 8858,
  "validation_start_acc": 0.12643678160919541,
  "validation_end_acc": 0.1724137931034483,
  "validation_span_acc": 0.04597701149425287,
  "validation_em": 0.06896551724137931,
  "validation_f1": 0.3006074600009985,
  "validation_loss": 8.766011158625284,
  "best_validation_start_acc": 0.14942528735632185,
  "best_validation_end_acc": 0.20689655172413793,
  "best_validation_span_acc": 0.08045977011494253,
  "best_validation_em": 0.10344827586206896,
  "best_validation_f1": 0.31972154196611585,
  "best_validation_loss": 7.977605978647868
}