{
  "best_epoch": 14,
  "peak_cpu_memory_MB": 2666.48,
  "peak_gpu_0_memory_MB": 10787,
  "peak_gpu_1_memory_MB": 10,
  "peak_gpu_2_memory_MB": 10,
  "peak_gpu_3_memory_MB": 8858,
  "training_duration": "00:05:19",
  "training_start_epoch": 0,
  "training_epochs": 19,
  "epoch": 19,
  "training_start_acc": 0.6308641975308642,
  "training_end_acc": 0.754320987654321,
  "training_span_acc": 0.5666666666666667,
  "training_em": 0.5654320987654321,
  "training_f1": 0.7565111725817524,
  "training_loss": 2.0569928089777627,
  "training_cpu_memory_MB": 2666.48,
  "training_gpu_0_memory_MB": 10787,
  "training_gpu_1_memory_MB": 10,
  "training_gpu_2_memory_MB": 10,
  "training_gpu_3_memory_MB": 8858,
  "validation_start_acc": 0.08888888888888889,
  "validation_end_acc": 0.13333333333333333,
  "validation_span_acc": 0.022222222222222223,
  "validation_em": 0.044444444444444446,
  "validation_f1": 0.22323924172281132,
  "validation_loss": 11.259053548177084,
  "best_validation_start_acc": 0.1,
  "best_validation_end_acc": 0.13333333333333333,
  "best_validation_span_acc": 0.022222222222222223,
  "best_validation_em": 0.05555555555555555,
  "best_validation_f1": 0.20977627214803005,
  "best_validation_loss": 10.064606348673502
}