{
  "best_epoch": 15,
  "peak_cpu_memory_MB": 3879.86,
  "peak_gpu_0_memory_MB": 10,
  "peak_gpu_1_memory_MB": 10,
  "peak_gpu_2_memory_MB": 10,
  "peak_gpu_3_memory_MB": 4237,
  "training_duration": "00:06:05",
  "training_start_epoch": 0,
  "training_epochs": 19,
  "epoch": 19,
  "training_start_acc": 0.6675824175824175,
  "training_end_acc": 0.8104395604395604,
  "training_span_acc": 0.5439560439560439,
  "training_em": 0.5412087912087912,
  "training_f1": 0.8513670771972603,
  "training_loss": 0.9709674405015033,
  "training_cpu_memory_MB": 3879.86,
  "training_gpu_0_memory_MB": 10,
  "training_gpu_1_memory_MB": 10,
  "training_gpu_2_memory_MB": 10,
  "training_gpu_3_memory_MB": 4237,
  "validation_start_acc": 0.07777777777777778,
  "validation_end_acc": 0.07777777777777778,
  "validation_span_acc": 0.022222222222222223,
  "validation_em": 0.044444444444444446,
  "validation_f1": 0.24772166297985015,
  "validation_loss": 10.591609636942545,
  "best_validation_start_acc": 0.07777777777777778,
  "best_validation_end_acc": 0.12222222222222222,
  "best_validation_span_acc": 0.022222222222222223,
  "best_validation_em": 0.05555555555555555,
  "best_validation_f1": 0.25806971583315824,
  "best_validation_loss": 10.65745735168457
}