{
  "best_epoch": 10,
  "peak_cpu_memory_MB": 3856.236,
  "peak_gpu_0_memory_MB": 10,
  "peak_gpu_1_memory_MB": 10,
  "peak_gpu_2_memory_MB": 10,
  "peak_gpu_3_memory_MB": 4237,
  "training_duration": "00:04:25",
  "training_start_epoch": 0,
  "training_epochs": 19,
  "epoch": 19,
  "training_start_acc": 0.6305732484076433,
  "training_end_acc": 0.8089171974522293,
  "training_span_acc": 0.46496815286624205,
  "training_em": 0.49044585987261147,
  "training_f1": 0.8479847303341939,
  "training_loss": 1.068045574426651,
  "training_cpu_memory_MB": 3856.236,
  "training_gpu_0_memory_MB": 10,
  "training_gpu_1_memory_MB": 10,
  "training_gpu_2_memory_MB": 10,
  "training_gpu_3_memory_MB": 4237,
  "validation_start_acc": 0.08888888888888889,
  "validation_end_acc": 0.13333333333333333,
  "validation_span_acc": 0.044444444444444446,
  "validation_em": 0.05555555555555555,
  "validation_f1": 0.23307496679053857,
  "validation_loss": 10.225700537363688,
  "best_validation_start_acc": 0.044444444444444446,
  "best_validation_end_acc": 0.12222222222222222,
  "best_validation_span_acc": 0.022222222222222223,
  "best_validation_em": 0.05555555555555555,
  "best_validation_f1": 0.22383899779772917,
  "best_validation_loss": 9.697119871775309
}