{
  "best_epoch": 3,
  "peak_cpu_memory_MB": 3659.656,
  "peak_gpu_0_memory_MB": 10787,
  "peak_gpu_1_memory_MB": 10,
  "peak_gpu_2_memory_MB": 10,
  "peak_gpu_3_memory_MB": 5711,
  "training_duration": "00:02:05",
  "training_start_epoch": 0,
  "training_epochs": 12,
  "epoch": 12,
  "training_start_acc": 0.6046511627906976,
  "training_end_acc": 0.5581395348837209,
  "training_span_acc": 0.5232558139534884,
  "training_em": 0.5116279069767442,
  "training_f1": 0.5823150299135469,
  "training_loss": 2.4015230735143027,
  "training_cpu_memory_MB": 3659.656,
  "training_gpu_0_memory_MB": 10787,
  "training_gpu_1_memory_MB": 10,
  "training_gpu_2_memory_MB": 10,
  "training_gpu_3_memory_MB": 5711,
  "validation_start_acc": 0.044444444444444446,
  "validation_end_acc": 0.08888888888888889,
  "validation_span_acc": 0.044444444444444446,
  "validation_em": 0.044444444444444446,
  "validation_f1": 0.2213324901096924,
  "validation_loss": 9.455005804697672,
  "best_validation_start_acc": 0.044444444444444446,
  "best_validation_end_acc": 0.05555555555555555,
  "best_validation_span_acc": 0.03333333333333333,
  "best_validation_em": 0.05555555555555555,
  "best_validation_f1": 0.21223991092928446,
  "best_validation_loss": 8.08936357498169
}