{
  "best_epoch": 6,
  "peak_cpu_memory_MB": 4614.648,
  "peak_gpu_0_memory_MB": 10,
  "peak_gpu_1_memory_MB": 10,
  "peak_gpu_2_memory_MB": 4415,
  "peak_gpu_3_memory_MB": 1993,
  "training_duration": "00:00:50",
  "training_start_epoch": 0,
  "training_epochs": 15,
  "epoch": 15,
  "training_start_acc": 0.03355704697986577,
  "training_end_acc": 0.12080536912751678,
  "training_span_acc": 0.013422818791946308,
  "training_em": 0.013422818791946308,
  "training_f1": 0.13882664298913933,
  "training_loss": 9.028468656539918,
  "training_cpu_memory_MB": 4614.648,
  "training_gpu_0_memory_MB": 10,
  "training_gpu_1_memory_MB": 10,
  "training_gpu_2_memory_MB": 4415,
  "training_gpu_3_memory_MB": 1993,
  "validation_start_acc": 0.011494252873563218,
  "validation_end_acc": 0.09195402298850575,
  "validation_span_acc": 0.0,
  "validation_em": 0.0,
  "validation_f1": 0.21578433051276494,
  "validation_loss": 9.280114809672037,
  "best_validation_start_acc": 0.0,
  "best_validation_end_acc": 0.06896551724137931,
  "best_validation_span_acc": 0.0,
  "best_validation_em": 0.011494252873563218,
  "best_validation_f1": 0.18537996621066738,
  "best_validation_loss": 9.618248462677002
}