{
  "best_epoch": 11,
  "peak_cpu_memory_MB": 3867.7,
  "peak_gpu_0_memory_MB": 10,
  "peak_gpu_1_memory_MB": 10,
  "peak_gpu_2_memory_MB": 10,
  "peak_gpu_3_memory_MB": 6395,
  "training_duration": "00:09:55",
  "training_start_epoch": 0,
  "training_epochs": 19,
  "epoch": 19,
  "training_start_acc": 0.7196969696969697,
  "training_end_acc": 0.796969696969697,
  "training_span_acc": 0.5787878787878787,
  "training_em": 0.5742424242424242,
  "training_f1": 0.8495493627012901,
  "training_loss": 0.8463802884022394,
  "training_cpu_memory_MB": 3867.7,
  "training_gpu_0_memory_MB": 10,
  "training_gpu_1_memory_MB": 10,
  "training_gpu_2_memory_MB": 10,
  "training_gpu_3_memory_MB": 6395,
  "validation_start_acc": 0.17777777777777778,
  "validation_end_acc": 0.13333333333333333,
  "validation_span_acc": 0.07777777777777778,
  "validation_em": 0.13333333333333333,
  "validation_f1": 0.328430826292086,
  "validation_loss": 10.730894088745117,
  "best_validation_start_acc": 0.2222222222222222,
  "best_validation_end_acc": 0.2,
  "best_validation_span_acc": 0.14444444444444443,
  "best_validation_em": 0.18888888888888888,
  "best_validation_f1": 0.39481548931907073,
  "best_validation_loss": 9.281862576802572
}