{
  "best_epoch": 7,
  "peak_cpu_memory_MB": 3867.7,
  "peak_gpu_0_memory_MB": 10,
  "peak_gpu_1_memory_MB": 10,
  "peak_gpu_2_memory_MB": 10,
  "peak_gpu_3_memory_MB": 6399,
  "training_duration": "00:03:09",
  "training_start_epoch": 0,
  "training_epochs": 16,
  "epoch": 16,
  "training_start_acc": 0.6341463414634146,
  "training_end_acc": 0.8170731707317073,
  "training_span_acc": 0.49390243902439024,
  "training_em": 0.5,
  "training_f1": 0.8375455493222133,
  "training_loss": 1.0605158751661128,
  "training_cpu_memory_MB": 3867.7,
  "training_gpu_0_memory_MB": 10,
  "training_gpu_1_memory_MB": 10,
  "training_gpu_2_memory_MB": 10,
  "training_gpu_3_memory_MB": 6399,
  "validation_start_acc": 0.07777777777777778,
  "validation_end_acc": 0.1,
  "validation_span_acc": 0.044444444444444446,
  "validation_em": 0.06666666666666667,
  "validation_f1": 0.24541894298368316,
  "validation_loss": 10.68465789159139,
  "best_validation_start_acc": 0.07777777777777778,
  "best_validation_end_acc": 0.08888888888888889,
  "best_validation_span_acc": 0.044444444444444446,
  "best_validation_em": 0.08888888888888889,
  "best_validation_f1": 0.21679045785325265,
  "best_validation_loss": 9.766157468159994
}