{
  "best_epoch": 6,
  "peak_cpu_memory_MB": 3632.992,
  "peak_gpu_0_memory_MB": 10,
  "peak_gpu_1_memory_MB": 10,
  "peak_gpu_2_memory_MB": 10,
  "peak_gpu_3_memory_MB": 5729,
  "training_duration": "00:08:51",
  "training_start_epoch": 0,
  "training_epochs": 15,
  "epoch": 15,
  "training_start_acc": 0.9767827529021559,
  "training_end_acc": 0.9684908789386402,
  "training_span_acc": 0.9684908789386402,
  "training_em": 0.9320066334991708,
  "training_f1": 0.9632924837378645,
  "training_loss": 0.12197537359928615,
  "training_cpu_memory_MB": 3632.992,
  "training_gpu_0_memory_MB": 10,
  "training_gpu_1_memory_MB": 10,
  "training_gpu_2_memory_MB": 10,
  "training_gpu_3_memory_MB": 5729,
  "validation_start_acc": 0.1,
  "validation_end_acc": 0.17777777777777778,
  "validation_span_acc": 0.08888888888888889,
  "validation_em": 0.08888888888888889,
  "validation_f1": 0.23888698804859942,
  "validation_loss": 13.276849587758383,
  "best_validation_start_acc": 0.1111111111111111,
  "best_validation_end_acc": 0.15555555555555556,
  "best_validation_span_acc": 0.08888888888888889,
  "best_validation_em": 0.1111111111111111,
  "best_validation_f1": 0.24727077520708474,
  "best_validation_loss": 7.915062030156453
}