{
  "best_epoch": 12,
  "peak_cpu_memory_MB": 3867.7,
  "peak_gpu_0_memory_MB": 10,
  "peak_gpu_1_memory_MB": 10,
  "peak_gpu_2_memory_MB": 10,
  "peak_gpu_3_memory_MB": 6395,
  "training_duration": "00:19:02",
  "training_start_epoch": 0,
  "training_epochs": 19,
  "epoch": 19,
  "training_start_acc": 0.7154121863799283,
  "training_end_acc": 0.7706093189964157,
  "training_span_acc": 0.5534050179211469,
  "training_em": 0.5562724014336917,
  "training_f1": 0.8317788967966147,
  "training_loss": 0.8825123560699549,
  "training_cpu_memory_MB": 3867.7,
  "training_gpu_0_memory_MB": 10,
  "training_gpu_1_memory_MB": 10,
  "training_gpu_2_memory_MB": 10,
  "training_gpu_3_memory_MB": 6395,
  "validation_start_acc": 0.2,
  "validation_end_acc": 0.26666666666666666,
  "validation_span_acc": 0.1,
  "validation_em": 0.17777777777777778,
  "validation_f1": 0.40061161922590327,
  "validation_loss": 10.873114426930746,
  "best_validation_start_acc": 0.28888888888888886,
  "best_validation_end_acc": 0.23333333333333334,
  "best_validation_span_acc": 0.14444444444444443,
  "best_validation_em": 0.23333333333333334,
  "best_validation_f1": 0.4283353146082736,
  "best_validation_loss": 9.482056617736816
}