{
  "best_epoch": 13,
  "peak_cpu_memory_MB": 2630.652,
  "peak_gpu_0_memory_MB": 10787,
  "peak_gpu_1_memory_MB": 10,
  "peak_gpu_2_memory_MB": 10,
  "peak_gpu_3_memory_MB": 8222,
  "training_duration": "00:04:52",
  "training_start_epoch": 0,
  "training_epochs": 19,
  "epoch": 19,
  "training_start_acc": 0.4907292954264524,
  "training_end_acc": 0.6662546353522868,
  "training_span_acc": 0.3943139678615575,
  "training_em": 0.40296662546353523,
  "training_f1": 0.6573693235480789,
  "training_loss": 2.9973070831859814,
  "training_cpu_memory_MB": 2630.652,
  "training_gpu_0_memory_MB": 10787,
  "training_gpu_1_memory_MB": 10,
  "training_gpu_2_memory_MB": 10,
  "training_gpu_3_memory_MB": 8222,
  "validation_start_acc": 0.13186813186813187,
  "validation_end_acc": 0.1978021978021978,
  "validation_span_acc": 0.08791208791208792,
  "validation_em": 0.0989010989010989,
  "validation_f1": 0.2746953500080512,
  "validation_loss": 8.71585218111674,
  "best_validation_start_acc": 0.14285714285714285,
  "best_validation_end_acc": 0.23076923076923078,
  "best_validation_span_acc": 0.0989010989010989,
  "best_validation_em": 0.12087912087912088,
  "best_validation_f1": 0.29009581954299357,
  "best_validation_loss": 7.787556171417236
}