{
  "best_epoch": 8,
  "peak_cpu_memory_MB": 3866.676,
  "peak_gpu_0_memory_MB": 10,
  "peak_gpu_1_memory_MB": 10,
  "peak_gpu_2_memory_MB": 10,
  "peak_gpu_3_memory_MB": 4237,
  "training_duration": "00:02:51",
  "training_start_epoch": 0,
  "training_epochs": 17,
  "epoch": 17,
  "training_start_acc": 0.7348484848484849,
  "training_end_acc": 0.8409090909090909,
  "training_span_acc": 0.6287878787878788,
  "training_em": 0.6136363636363636,
  "training_f1": 0.8815586049712895,
  "training_loss": 0.9553218748834398,
  "training_cpu_memory_MB": 3866.676,
  "training_gpu_0_memory_MB": 10,
  "training_gpu_1_memory_MB": 10,
  "training_gpu_2_memory_MB": 10,
  "training_gpu_3_memory_MB": 4237,
  "validation_start_acc": 0.08888888888888889,
  "validation_end_acc": 0.13333333333333333,
  "validation_span_acc": 0.022222222222222223,
  "validation_em": 0.022222222222222223,
  "validation_f1": 0.18520842730835596,
  "validation_loss": 10.330565690994263,
  "best_validation_start_acc": 0.1111111111111111,
  "best_validation_end_acc": 0.1111111111111111,
  "best_validation_span_acc": 0.03333333333333333,
  "best_validation_em": 0.03333333333333333,
  "best_validation_f1": 0.1595952728098448,
  "best_validation_loss": 9.597378571828207
}