{
  "best_epoch": 11,
  "peak_cpu_memory_MB": 3853.092,
  "peak_gpu_0_memory_MB": 10787,
  "peak_gpu_1_memory_MB": 6755,
  "peak_gpu_2_memory_MB": 7173,
  "peak_gpu_3_memory_MB": 6755,
  "training_duration": "00:16:08",
  "training_start_epoch": 0,
  "training_epochs": 19,
  "epoch": 19,
  "training_start_acc": 0.7178743961352657,
  "training_end_acc": 0.7526570048309179,
  "training_span_acc": 0.5352657004830917,
  "training_em": 0.5391304347826087,
  "training_f1": 0.8253887794043486,
  "training_loss": 0.9192626604667077,
  "training_cpu_memory_MB": 3853.092,
  "training_gpu_0_memory_MB": 10787,
  "training_gpu_1_memory_MB": 6755,
  "training_gpu_2_memory_MB": 7173,
  "training_gpu_3_memory_MB": 6755,
  "validation_start_acc": 0.2111111111111111,
  "validation_end_acc": 0.26666666666666666,
  "validation_span_acc": 0.12222222222222222,
  "validation_em": 0.13333333333333333,
  "validation_f1": 0.3445796193797463,
  "validation_loss": 8.75805147488912,
  "best_validation_start_acc": 0.2,
  "best_validation_end_acc": 0.2777777777777778,
  "best_validation_span_acc": 0.13333333333333333,
  "best_validation_em": 0.13333333333333333,
  "best_validation_f1": 0.3487206813669222,
  "best_validation_loss": 7.374064366022746
}