{
  "best_epoch": 8,
  "peak_cpu_memory_MB": 3856.236,
  "peak_gpu_0_memory_MB": 10,
  "peak_gpu_1_memory_MB": 10,
  "peak_gpu_2_memory_MB": 10,
  "peak_gpu_3_memory_MB": 4237,
  "training_duration": "00:27:04",
  "training_start_epoch": 0,
  "training_epochs": 17,
  "epoch": 17,
  "training_start_acc": 0.6831541218637993,
  "training_end_acc": 0.7770609318996415,
  "training_span_acc": 0.524731182795699,
  "training_em": 0.5347670250896057,
  "training_f1": 0.8307027465157519,
  "training_loss": 0.9295186454599554,
  "training_cpu_memory_MB": 3856.236,
  "training_gpu_0_memory_MB": 10,
  "training_gpu_1_memory_MB": 10,
  "training_gpu_2_memory_MB": 10,
  "training_gpu_3_memory_MB": 4237,
  "validation_start_acc": 0.2111111111111111,
  "validation_end_acc": 0.26666666666666666,
  "validation_span_acc": 0.07777777777777778,
  "validation_em": 0.14444444444444443,
  "validation_f1": 0.41078916599674714,
  "validation_loss": 10.374151706695557,
  "best_validation_start_acc": 0.3,
  "best_validation_end_acc": 0.26666666666666666,
  "best_validation_span_acc": 0.13333333333333333,
  "best_validation_em": 0.2222222222222222,
  "best_validation_f1": 0.4629465306118044,
  "best_validation_loss": 7.435203472773234
}