{
  "best_epoch": 10,
  "peak_cpu_memory_MB": 3632.984,
  "peak_gpu_0_memory_MB": 8903,
  "peak_gpu_1_memory_MB": 10,
  "peak_gpu_2_memory_MB": 10,
  "peak_gpu_3_memory_MB": 4001,
  "training_duration": "00:11:12",
  "training_start_epoch": 0,
  "training_epochs": 19,
  "epoch": 19,
  "training_start_acc": 0.9931412894375857,
  "training_end_acc": 0.9931412894375857,
  "training_span_acc": 0.99039780521262,
  "training_em": 0.9643347050754458,
  "training_f1": 0.9880800755453,
  "training_loss": 0.04629936930723488,
  "training_cpu_memory_MB": 3632.984,
  "training_gpu_0_memory_MB": 8903,
  "training_gpu_1_memory_MB": 10,
  "training_gpu_2_memory_MB": 10,
  "training_gpu_3_memory_MB": 4001,
  "validation_start_acc": 0.09523809523809523,
  "validation_end_acc": 0.23809523809523808,
  "validation_span_acc": 0.031746031746031744,
  "validation_em": 0.1746031746031746,
  "validation_f1": 0.44310846902886347,
  "validation_loss": 17.235799074172974,
  "best_validation_start_acc": 0.09523809523809523,
  "best_validation_end_acc": 0.19047619047619047,
  "best_validation_span_acc": 0.015873015873015872,
  "best_validation_em": 0.2222222222222222,
  "best_validation_f1": 0.44553980841007645,
  "best_validation_loss": 14.411124467849731
}