{
  "best_epoch": 19,
  "peak_cpu_memory_MB": 2721.744,
  "peak_gpu_0_memory_MB": 10,
  "peak_gpu_1_memory_MB": 10,
  "peak_gpu_2_memory_MB": 10,
  "peak_gpu_3_memory_MB": 4223,
  "training_duration": "00:04:18",
  "training_start_epoch": 0,
  "training_epochs": 19,
  "epoch": 19,
  "training_start_acc": 0.6162570888468809,
  "training_end_acc": 0.7504725897920604,
  "training_span_acc": 0.43761814744801514,
  "training_em": 0.44517958412098296,
  "training_f1": 0.7984367648718428,
  "training_loss": 1.7314207553863525,
  "training_cpu_memory_MB": 2721.744,
  "training_gpu_0_memory_MB": 10,
  "training_gpu_1_memory_MB": 10,
  "training_gpu_2_memory_MB": 10,
  "training_gpu_3_memory_MB": 4223,
  "validation_start_acc": 0.13186813186813187,
  "validation_end_acc": 0.23076923076923078,
  "validation_span_acc": 0.10989010989010989,
  "validation_em": 0.13186813186813187,
  "validation_f1": 0.2989265244144183,
  "validation_loss": 11.066768646240234,
  "best_validation_start_acc": 0.13186813186813187,
  "best_validation_end_acc": 0.23076923076923078,
  "best_validation_span_acc": 0.10989010989010989,
  "best_validation_em": 0.13186813186813187,
  "best_validation_f1": 0.2989265244144183,
  "best_validation_loss": 11.066768646240234
}