{
  "best_epoch": 17,
  "peak_cpu_memory_MB": 3632.992,
  "peak_gpu_0_memory_MB": 10,
  "peak_gpu_1_memory_MB": 10,
  "peak_gpu_2_memory_MB": 10,
  "peak_gpu_3_memory_MB": 5739,
  "training_duration": "00:02:03",
  "training_start_epoch": 0,
  "training_epochs": 19,
  "epoch": 19,
  "training_start_acc": 0.9442622950819672,
  "training_end_acc": 0.9229508196721311,
  "training_span_acc": 0.9114754098360656,
  "training_em": 0.8868852459016393,
  "training_f1": 0.9390723489646973,
  "training_loss": 0.4252011124522258,
  "training_cpu_memory_MB": 3632.992,
  "training_gpu_0_memory_MB": 10,
  "training_gpu_1_memory_MB": 10,
  "training_gpu_2_memory_MB": 10,
  "training_gpu_3_memory_MB": 5739,
  "validation_start_acc": 0.14444444444444443,
  "validation_end_acc": 0.13333333333333333,
  "validation_span_acc": 0.044444444444444446,
  "validation_em": 0.044444444444444446,
  "validation_f1": 0.2195700696552761,
  "validation_loss": 13.957162062327066,
  "best_validation_start_acc": 0.2,
  "best_validation_end_acc": 0.15555555555555556,
  "best_validation_span_acc": 0.08888888888888889,
  "best_validation_em": 0.08888888888888889,
  "best_validation_f1": 0.2677630145389797,
  "best_validation_loss": 12.744107564290365
}