{
  "best_epoch": 15,
  "peak_cpu_memory_MB": 3867.7,
  "peak_gpu_0_memory_MB": 10,
  "peak_gpu_1_memory_MB": 10,
  "peak_gpu_2_memory_MB": 10,
  "peak_gpu_3_memory_MB": 6395,
  "training_duration": "00:06:07",
  "training_start_epoch": 0,
  "training_epochs": 19,
  "epoch": 19,
  "training_start_acc": 0.6666666666666666,
  "training_end_acc": 0.8099173553719008,
  "training_span_acc": 0.5289256198347108,
  "training_em": 0.5399449035812672,
  "training_f1": 0.8321807101876999,
  "training_loss": 0.9608101222826086,
  "training_cpu_memory_MB": 3867.7,
  "training_gpu_0_memory_MB": 10,
  "training_gpu_1_memory_MB": 10,
  "training_gpu_2_memory_MB": 10,
  "training_gpu_3_memory_MB": 6395,
  "validation_start_acc": 0.044444444444444446,
  "validation_end_acc": 0.1111111111111111,
  "validation_span_acc": 0.011111111111111112,
  "validation_em": 0.03333333333333333,
  "validation_f1": 0.25461799872684215,
  "validation_loss": 10.48971954981486,
  "best_validation_start_acc": 0.06666666666666667,
  "best_validation_end_acc": 0.1111111111111111,
  "best_validation_span_acc": 0.022222222222222223,
  "best_validation_em": 0.05555555555555555,
  "best_validation_f1": 0.24273026850254867,
  "best_validation_loss": 10.60390043258667
}