{
  "best_epoch": 13,
  "peak_cpu_memory_MB": 2666.48,
  "peak_gpu_0_memory_MB": 10787,
  "peak_gpu_1_memory_MB": 10,
  "peak_gpu_2_memory_MB": 10,
  "peak_gpu_3_memory_MB": 8858,
  "training_duration": "00:04:11",
  "training_start_epoch": 0,
  "training_epochs": 19,
  "epoch": 19,
  "training_start_acc": 0.8962962962962963,
  "training_end_acc": 0.9234567901234568,
  "training_span_acc": 0.8530864197530864,
  "training_em": 0.8432098765432099,
  "training_f1": 0.9236459332891706,
  "training_loss": 0.6309347228676665,
  "training_cpu_memory_MB": 2666.48,
  "training_gpu_0_memory_MB": 10787,
  "training_gpu_1_memory_MB": 10,
  "training_gpu_2_memory_MB": 10,
  "training_gpu_3_memory_MB": 8858,
  "validation_start_acc": 0.1111111111111111,
  "validation_end_acc": 0.2,
  "validation_span_acc": 0.06666666666666667,
  "validation_em": 0.07777777777777778,
  "validation_f1": 0.2563374593487389,
  "validation_loss": 13.700801054636637,
  "best_validation_start_acc": 0.14444444444444443,
  "best_validation_end_acc": 0.2,
  "best_validation_span_acc": 0.08888888888888889,
  "best_validation_em": 0.1111111111111111,
  "best_validation_f1": 0.2713466611173669,
  "best_validation_loss": 9.92504628499349
}