{
  "best_epoch": 7,
  "peak_cpu_memory_MB": 2652.268,
  "peak_gpu_0_memory_MB": 10787,
  "peak_gpu_1_memory_MB": 10,
  "peak_gpu_2_memory_MB": 10,
  "peak_gpu_3_memory_MB": 5917,
  "training_duration": "00:02:41",
  "training_start_epoch": 0,
  "training_epochs": 16,
  "epoch": 16,
  "training_start_acc": 0.02847571189279732,
  "training_end_acc": 0.10887772194304858,
  "training_span_acc": 0.0033500837520938024,
  "training_em": 0.005025125628140704,
  "training_f1": 0.1401930234619076,
  "training_loss": 7.9571780781996875,
  "training_cpu_memory_MB": 2652.268,
  "training_gpu_0_memory_MB": 10787,
  "training_gpu_1_memory_MB": 10,
  "training_gpu_2_memory_MB": 10,
  "training_gpu_3_memory_MB": 5917,
  "validation_start_acc": 0.044444444444444446,
  "validation_end_acc": 0.07777777777777778,
  "validation_span_acc": 0.022222222222222223,
  "validation_em": 0.03333333333333333,
  "validation_f1": 0.16972672637732375,
  "validation_loss": 8.427084922790527,
  "best_validation_start_acc": 0.07777777777777778,
  "best_validation_end_acc": 0.1,
  "best_validation_span_acc": 0.044444444444444446,
  "best_validation_em": 0.06666666666666667,
  "best_validation_f1": 0.19575409315735548,
  "best_validation_loss": 8.588500181833902
}