{
  "best_epoch": 16,
  "peak_cpu_memory_MB": 2708.152,
  "peak_gpu_0_memory_MB": 8903,
  "peak_gpu_1_memory_MB": 10,
  "peak_gpu_2_memory_MB": 10,
  "peak_gpu_3_memory_MB": 3587,
  "training_duration": "00:02:46",
  "training_start_epoch": 0,
  "training_epochs": 19,
  "epoch": 19,
  "training_start_acc": 0.9728395061728395,
  "training_end_acc": 0.9654320987654321,
  "training_span_acc": 0.9518518518518518,
  "training_em": 0.928395061728395,
  "training_f1": 0.968338585869671,
  "training_loss": 0.20205865258022265,
  "training_cpu_memory_MB": 2708.152,
  "training_gpu_0_memory_MB": 8903,
  "training_gpu_1_memory_MB": 10,
  "training_gpu_2_memory_MB": 10,
  "training_gpu_3_memory_MB": 3587,
  "validation_start_acc": 0.13333333333333333,
  "validation_end_acc": 0.2777777777777778,
  "validation_span_acc": 0.07777777777777778,
  "validation_em": 0.1,
  "validation_f1": 0.3513519870547801,
  "validation_loss": 13.885067621866861,
  "best_validation_start_acc": 0.15555555555555556,
  "best_validation_end_acc": 0.3,
  "best_validation_span_acc": 0.1111111111111111,
  "best_validation_em": 0.14444444444444443,
  "best_validation_f1": 0.3827477959221822,
  "best_validation_loss": 12.324473222096762
}