{
  "best_epoch": 9,
  "peak_cpu_memory_MB": 2666.48,
  "peak_gpu_0_memory_MB": 10787,
  "peak_gpu_1_memory_MB": 10,
  "peak_gpu_2_memory_MB": 10,
  "peak_gpu_3_memory_MB": 8858,
  "training_duration": "00:05:08",
  "training_start_epoch": 0,
  "training_epochs": 18,
  "epoch": 18,
  "training_start_acc": 0.9629171817058096,
  "training_end_acc": 0.965389369592089,
  "training_span_acc": 0.9369592088998764,
  "training_em": 0.9097651421508035,
  "training_f1": 0.9617996884948695,
  "training_loss": 0.28195954304115445,
  "training_cpu_memory_MB": 2666.48,
  "training_gpu_0_memory_MB": 10787,
  "training_gpu_1_memory_MB": 10,
  "training_gpu_2_memory_MB": 10,
  "training_gpu_3_memory_MB": 8858,
  "validation_start_acc": 0.07692307692307693,
  "validation_end_acc": 0.2087912087912088,
  "validation_span_acc": 0.03296703296703297,
  "validation_em": 0.07692307692307693,
  "validation_f1": 0.2620027852429452,
  "validation_loss": 15.29664691289266,
  "best_validation_start_acc": 0.0989010989010989,
  "best_validation_end_acc": 0.1978021978021978,
  "best_validation_span_acc": 0.03296703296703297,
  "best_validation_em": 0.08791208791208792,
  "best_validation_f1": 0.2812144810002674,
  "best_validation_loss": 10.267048994700113
}