{
  "best_epoch": 17,
  "peak_cpu_memory_MB": 3656.94,
  "peak_gpu_0_memory_MB": 8903,
  "peak_gpu_1_memory_MB": 10,
  "peak_gpu_2_memory_MB": 10,
  "peak_gpu_3_memory_MB": 5729,
  "training_duration": "00:14:34",
  "training_start_epoch": 0,
  "training_epochs": 19,
  "epoch": 19,
  "training_start_acc": 0.9934426229508196,
  "training_end_acc": 0.9967213114754099,
  "training_span_acc": 0.9918032786885246,
  "training_em": 0.9540983606557377,
  "training_f1": 0.979732939005314,
  "training_loss": 0.04839903530545342,
  "training_cpu_memory_MB": 3656.94,
  "training_gpu_0_memory_MB": 8903,
  "training_gpu_1_memory_MB": 10,
  "training_gpu_2_memory_MB": 10,
  "training_gpu_3_memory_MB": 5729,
  "validation_start_acc": 0.15555555555555556,
  "validation_end_acc": 0.13333333333333333,
  "validation_span_acc": 0.044444444444444446,
  "validation_em": 0.06666666666666667,
  "validation_f1": 0.25896189206319914,
  "validation_loss": 16.41154607137044,
  "best_validation_start_acc": 0.17777777777777778,
  "best_validation_end_acc": 0.14444444444444443,
  "best_validation_span_acc": 0.06666666666666667,
  "best_validation_em": 0.1,
  "best_validation_f1": 0.3032990626579901,
  "best_validation_loss": 14.216115951538086
}