{
  "best_epoch": 7,
  "peak_cpu_memory_MB": 3867.7,
  "peak_gpu_0_memory_MB": 10,
  "peak_gpu_1_memory_MB": 10,
  "peak_gpu_2_memory_MB": 10,
  "peak_gpu_3_memory_MB": 6399,
  "training_duration": "00:03:25",
  "training_start_epoch": 0,
  "training_epochs": 16,
  "epoch": 16,
  "training_start_acc": 0.6067415730337079,
  "training_end_acc": 0.8202247191011236,
  "training_span_acc": 0.4887640449438202,
  "training_em": 0.48314606741573035,
  "training_f1": 0.8364282171365955,
  "training_loss": 1.1511799891789753,
  "training_cpu_memory_MB": 3867.7,
  "training_gpu_0_memory_MB": 10,
  "training_gpu_1_memory_MB": 10,
  "training_gpu_2_memory_MB": 10,
  "training_gpu_3_memory_MB": 6399,
  "validation_start_acc": 0.03333333333333333,
  "validation_end_acc": 0.14444444444444443,
  "validation_span_acc": 0.0,
  "validation_em": 0.022222222222222223,
  "validation_f1": 0.23483121806266552,
  "validation_loss": 10.271424134572348,
  "best_validation_start_acc": 0.03333333333333333,
  "best_validation_end_acc": 0.15555555555555556,
  "best_validation_span_acc": 0.0,
  "best_validation_em": 0.05555555555555555,
  "best_validation_f1": 0.22903815721203225,
  "best_validation_loss": 9.316802660624186
}