{
  "best_epoch": 11,
  "peak_cpu_memory_MB": 3629.404,
  "peak_gpu_0_memory_MB": 8903,
  "peak_gpu_1_memory_MB": 10,
  "peak_gpu_2_memory_MB": 10,
  "peak_gpu_3_memory_MB": 4785,
  "training_duration": "00:12:31",
  "training_start_epoch": 0,
  "training_epochs": 19,
  "epoch": 19,
  "training_start_acc": 0.9962962962962963,
  "training_end_acc": 0.9950617283950617,
  "training_span_acc": 0.9938271604938271,
  "training_em": 0.9543209876543209,
  "training_f1": 0.9808352276778592,
  "training_loss": 0.030581179157118586,
  "training_cpu_memory_MB": 3629.404,
  "training_gpu_0_memory_MB": 8903,
  "training_gpu_1_memory_MB": 10,
  "training_gpu_2_memory_MB": 10,
  "training_gpu_3_memory_MB": 4785,
  "validation_start_acc": 0.18888888888888888,
  "validation_end_acc": 0.18888888888888888,
  "validation_span_acc": 0.07777777777777778,
  "validation_em": 0.1111111111111111,
  "validation_f1": 0.3154346612120309,
  "validation_loss": 16.180683135986328,
  "best_validation_start_acc": 0.24444444444444444,
  "best_validation_end_acc": 0.2,
  "best_validation_span_acc": 0.08888888888888889,
  "best_validation_em": 0.15555555555555556,
  "best_validation_f1": 0.36925096081915626,
  "best_validation_loss": 10.677812735239664
}