{
  "best_epoch": 15,
  "peak_cpu_memory_MB": 3632.992,
  "peak_gpu_0_memory_MB": 10,
  "peak_gpu_1_memory_MB": 10,
  "peak_gpu_2_memory_MB": 10,
  "peak_gpu_3_memory_MB": 5739,
  "training_duration": "00:01:58",
  "training_start_epoch": 0,
  "training_epochs": 19,
  "epoch": 19,
  "training_start_acc": 0.956882255389718,
  "training_end_acc": 0.9552238805970149,
  "training_span_acc": 0.9336650082918739,
  "training_em": 0.9104477611940298,
  "training_f1": 0.9616039296925762,
  "training_loss": 0.32786364186751216,
  "training_cpu_memory_MB": 3632.992,
  "training_gpu_0_memory_MB": 10,
  "training_gpu_1_memory_MB": 10,
  "training_gpu_2_memory_MB": 10,
  "training_gpu_3_memory_MB": 5739,
  "validation_start_acc": 0.13333333333333333,
  "validation_end_acc": 0.16666666666666666,
  "validation_span_acc": 0.08888888888888889,
  "validation_em": 0.1,
  "validation_f1": 0.26114207273746354,
  "validation_loss": 14.623809178670248,
  "best_validation_start_acc": 0.14444444444444443,
  "best_validation_end_acc": 0.14444444444444443,
  "best_validation_span_acc": 0.1,
  "best_validation_em": 0.1,
  "best_validation_f1": 0.2540389297048376,
  "best_validation_loss": 13.071017742156982
}