{
  "best_epoch": 9,
  "peak_cpu_memory_MB": 3632.992,
  "peak_gpu_0_memory_MB": 10,
  "peak_gpu_1_memory_MB": 10,
  "peak_gpu_2_memory_MB": 10,
  "peak_gpu_3_memory_MB": 5731,
  "training_duration": "00:06:39",
  "training_start_epoch": 0,
  "training_epochs": 18,
  "epoch": 18,
  "training_start_acc": 0.9975062344139651,
  "training_end_acc": 0.9950124688279302,
  "training_span_acc": 0.9950124688279302,
  "training_em": 0.9551122194513716,
  "training_f1": 0.9779950905931196,
  "training_loss": 0.0352960830518546,
  "training_cpu_memory_MB": 3632.992,
  "training_gpu_0_memory_MB": 10,
  "training_gpu_1_memory_MB": 10,
  "training_gpu_2_memory_MB": 10,
  "training_gpu_3_memory_MB": 5731,
  "validation_start_acc": 0.15555555555555556,
  "validation_end_acc": 0.17777777777777778,
  "validation_span_acc": 0.1,
  "validation_em": 0.1111111111111111,
  "validation_f1": 0.2403720891031095,
  "validation_loss": 13.270458221435547,
  "best_validation_start_acc": 0.18888888888888888,
  "best_validation_end_acc": 0.16666666666666666,
  "best_validation_span_acc": 0.1111111111111111,
  "best_validation_em": 0.12222222222222222,
  "best_validation_f1": 0.21848669203292176,
  "best_validation_loss": 9.999825636545816
}