{
  "best_epoch": 5,
  "peak_cpu_memory_MB": 3621.028,
  "peak_gpu_0_memory_MB": 10787,
  "peak_gpu_1_memory_MB": 6755,
  "peak_gpu_2_memory_MB": 7173,
  "peak_gpu_3_memory_MB": 6755,
  "training_duration": "00:07:51",
  "training_start_epoch": 0,
  "training_epochs": 14,
  "epoch": 14,
  "training_start_acc": 0.9899328859060402,
  "training_end_acc": 0.9832214765100671,
  "training_span_acc": 0.9815436241610739,
  "training_em": 0.9446308724832215,
  "training_f1": 0.9738497860200648,
  "training_loss": 0.1001576506042559,
  "training_cpu_memory_MB": 3621.028,
  "training_gpu_0_memory_MB": 10787,
  "training_gpu_1_memory_MB": 6755,
  "training_gpu_2_memory_MB": 7173,
  "training_gpu_3_memory_MB": 6755,
  "validation_start_acc": 0.14444444444444443,
  "validation_end_acc": 0.2777777777777778,
  "validation_span_acc": 0.05555555555555555,
  "validation_em": 0.06666666666666667,
  "validation_f1": 0.28220893482542225,
  "validation_loss": 11.845858097076416,
  "best_validation_start_acc": 0.1,
  "best_validation_end_acc": 0.18888888888888888,
  "best_validation_span_acc": 0.08888888888888889,
  "best_validation_em": 0.1,
  "best_validation_f1": 0.24972088495186312,
  "best_validation_loss": 8.762739181518555
}