{
  "best_epoch": 12,
  "peak_cpu_memory_MB": 3866.676,
  "peak_gpu_0_memory_MB": 10,
  "peak_gpu_1_memory_MB": 10,
  "peak_gpu_2_memory_MB": 10,
  "peak_gpu_3_memory_MB": 4237,
  "training_duration": "00:10:49",
  "training_start_epoch": 0,
  "training_epochs": 19,
  "epoch": 19,
  "training_start_acc": 0.6933895921237694,
  "training_end_acc": 0.7763713080168776,
  "training_span_acc": 0.5330520393811533,
  "training_em": 0.5386779184247539,
  "training_f1": 0.828475377482028,
  "training_loss": 0.9356011668841044,
  "training_cpu_memory_MB": 3866.676,
  "training_gpu_0_memory_MB": 10,
  "training_gpu_1_memory_MB": 10,
  "training_gpu_2_memory_MB": 10,
  "training_gpu_3_memory_MB": 4237,
  "validation_start_acc": 0.12222222222222222,
  "validation_end_acc": 0.2111111111111111,
  "validation_span_acc": 0.06666666666666667,
  "validation_em": 0.06666666666666667,
  "validation_f1": 0.25885001598098073,
  "validation_loss": 9.834579308827719,
  "best_validation_start_acc": 0.14444444444444443,
  "best_validation_end_acc": 0.23333333333333334,
  "best_validation_span_acc": 0.07777777777777778,
  "best_validation_em": 0.08888888888888889,
  "best_validation_f1": 0.2651589236882755,
  "best_validation_loss": 8.546633323033651
}