{
  "best_epoch": 10,
  "peak_cpu_memory_MB": 3853.092,
  "peak_gpu_0_memory_MB": 10787,
  "peak_gpu_1_memory_MB": 6755,
  "peak_gpu_2_memory_MB": 7173,
  "peak_gpu_3_memory_MB": 6755,
  "training_duration": "00:16:14",
  "training_start_epoch": 0,
  "training_epochs": 19,
  "epoch": 19,
  "training_start_acc": 0.6881720430107527,
  "training_end_acc": 0.7751710654936461,
  "training_span_acc": 0.5239491691104594,
  "training_em": 0.530791788856305,
  "training_f1": 0.8325236748491869,
  "training_loss": 0.9165541450493038,
  "training_cpu_memory_MB": 3853.092,
  "training_gpu_0_memory_MB": 10787,
  "training_gpu_1_memory_MB": 6755,
  "training_gpu_2_memory_MB": 7173,
  "training_gpu_3_memory_MB": 6755,
  "validation_start_acc": 0.23333333333333334,
  "validation_end_acc": 0.28888888888888886,
  "validation_span_acc": 0.14444444444444443,
  "validation_em": 0.16666666666666666,
  "validation_f1": 0.34465875461440826,
  "validation_loss": 10.121838728586832,
  "best_validation_start_acc": 0.26666666666666666,
  "best_validation_end_acc": 0.26666666666666666,
  "best_validation_span_acc": 0.14444444444444443,
  "best_validation_em": 0.16666666666666666,
  "best_validation_f1": 0.34538464088000714,
  "best_validation_loss": 7.8009254932403564
}