{
  "best_epoch": 16,
  "peak_cpu_memory_MB": 3621.028,
  "peak_gpu_0_memory_MB": 10787,
  "peak_gpu_1_memory_MB": 4979,
  "peak_gpu_2_memory_MB": 7173,
  "peak_gpu_3_memory_MB": 4979,
  "training_duration": "00:10:32",
  "training_start_epoch": 0,
  "training_epochs": 19,
  "epoch": 19,
  "training_start_acc": 0.9555189456342669,
  "training_end_acc": 0.9555189456342669,
  "training_span_acc": 0.9373970345963756,
  "training_em": 0.9028006589785832,
  "training_f1": 0.9492997482319981,
  "training_loss": 0.33287641209991353,
  "training_cpu_memory_MB": 3621.028,
  "training_gpu_0_memory_MB": 10787,
  "training_gpu_1_memory_MB": 4979,
  "training_gpu_2_memory_MB": 7173,
  "training_gpu_3_memory_MB": 4979,
  "validation_start_acc": 0.16666666666666666,
  "validation_end_acc": 0.2,
  "validation_span_acc": 0.12222222222222222,
  "validation_em": 0.13333333333333333,
  "validation_f1": 0.28389622914517115,
  "validation_loss": 12.653189977010092,
  "best_validation_start_acc": 0.25555555555555554,
  "best_validation_end_acc": 0.2777777777777778,
  "best_validation_span_acc": 0.17777777777777778,
  "best_validation_em": 0.18888888888888888,
  "best_validation_f1": 0.29612647892081206,
  "best_validation_loss": 11.38589859008789
}