{
  "best_epoch": 4,
  "peak_cpu_memory_MB": 2721.744,
  "peak_gpu_0_memory_MB": 10,
  "peak_gpu_1_memory_MB": 10,
  "peak_gpu_2_memory_MB": 10,
  "peak_gpu_3_memory_MB": 4867,
  "training_duration": "00:00:53",
  "training_start_epoch": 0,
  "training_epochs": 13,
  "epoch": 13,
  "training_start_acc": 0.25391849529780564,
  "training_end_acc": 0.438871473354232,
  "training_span_acc": 0.13479623824451412,
  "training_em": 0.1536050156739812,
  "training_f1": 0.48282519960612186,
  "training_loss": 4.40253369808197,
  "training_cpu_memory_MB": 2721.744,
  "training_gpu_0_memory_MB": 10,
  "training_gpu_1_memory_MB": 10,
  "training_gpu_2_memory_MB": 10,
  "training_gpu_3_memory_MB": 4867,
  "validation_start_acc": 0.044444444444444446,
  "validation_end_acc": 0.12222222222222222,
  "validation_span_acc": 0.044444444444444446,
  "validation_em": 0.044444444444444446,
  "validation_f1": 0.22902386626131882,
  "validation_loss": 9.719666322072348,
  "best_validation_start_acc": 0.044444444444444446,
  "best_validation_end_acc": 0.1111111111111111,
  "best_validation_span_acc": 0.022222222222222223,
  "best_validation_em": 0.044444444444444446,
  "best_validation_f1": 0.21563363721581963,
  "best_validation_loss": 8.70611572265625
}