{
  "best_epoch": 4,
  "peak_cpu_memory_MB": 2652.268,
  "peak_gpu_0_memory_MB": 10787,
  "peak_gpu_1_memory_MB": 10,
  "peak_gpu_2_memory_MB": 10,
  "peak_gpu_3_memory_MB": 5917,
  "training_duration": "00:01:33",
  "training_start_epoch": 0,
  "training_epochs": 13,
  "epoch": 13,
  "training_start_acc": 0.014962593516209476,
  "training_end_acc": 0.09226932668329177,
  "training_span_acc": 0.0024937655860349127,
  "training_em": 0.0024937655860349127,
  "training_f1": 0.13208308910479521,
  "training_loss": 8.316811378185566,
  "training_cpu_memory_MB": 2652.268,
  "training_gpu_0_memory_MB": 10787,
  "training_gpu_1_memory_MB": 10,
  "training_gpu_2_memory_MB": 10,
  "training_gpu_3_memory_MB": 5917,
  "validation_start_acc": 0.01098901098901099,
  "validation_end_acc": 0.06593406593406594,
  "validation_span_acc": 0.0,
  "validation_em": 0.0,
  "validation_f1": 0.1604384749112846,
  "validation_loss": 8.722662528355917,
  "best_validation_start_acc": 0.02197802197802198,
  "best_validation_end_acc": 0.054945054945054944,
  "best_validation_span_acc": 0.0,
  "best_validation_em": 0.01098901098901099,
  "best_validation_f1": 0.15630220920451682,
  "best_validation_loss": 9.037172079086304
}