{
  "best_epoch": 17,
  "peak_cpu_memory_MB": 3632.992,
  "peak_gpu_0_memory_MB": 10,
  "peak_gpu_1_memory_MB": 10,
  "peak_gpu_2_memory_MB": 10,
  "peak_gpu_3_memory_MB": 4785,
  "training_duration": "00:17:02",
  "training_start_epoch": 0,
  "training_epochs": 19,
  "epoch": 19,
  "training_start_acc": 0.980246913580247,
  "training_end_acc": 0.991358024691358,
  "training_span_acc": 0.9777777777777777,
  "training_em": 0.9407407407407408,
  "training_f1": 0.9725824085486474,
  "training_loss": 0.09274147644492925,
  "training_cpu_memory_MB": 3632.992,
  "training_gpu_0_memory_MB": 10,
  "training_gpu_1_memory_MB": 10,
  "training_gpu_2_memory_MB": 10,
  "training_gpu_3_memory_MB": 4785,
  "validation_start_acc": 0.15555555555555556,
  "validation_end_acc": 0.18888888888888888,
  "validation_span_acc": 0.1,
  "validation_em": 0.1,
  "validation_f1": 0.2501212167309085,
  "validation_loss": 13.296680450439453,
  "best_validation_start_acc": 0.16666666666666666,
  "best_validation_end_acc": 0.2111111111111111,
  "best_validation_span_acc": 0.12222222222222222,
  "best_validation_em": 0.12222222222222222,
  "best_validation_f1": 0.2659220177972917,
  "best_validation_loss": 11.665848096211752
}