{
  "best_epoch": 8,
  "peak_cpu_memory_MB": 3621.028,
  "peak_gpu_0_memory_MB": 10787,
  "peak_gpu_1_memory_MB": 4979,
  "peak_gpu_2_memory_MB": 7173,
  "peak_gpu_3_memory_MB": 4979,
  "training_duration": "00:08:58",
  "training_start_epoch": 0,
  "training_epochs": 17,
  "epoch": 17,
  "training_start_acc": 0.9966442953020134,
  "training_end_acc": 0.9865771812080537,
  "training_span_acc": 0.9865771812080537,
  "training_em": 0.9446308724832215,
  "training_f1": 0.9759595095215732,
  "training_loss": 0.032265859974646253,
  "training_cpu_memory_MB": 3621.028,
  "training_gpu_0_memory_MB": 10787,
  "training_gpu_1_memory_MB": 4979,
  "training_gpu_2_memory_MB": 7173,
  "training_gpu_3_memory_MB": 4979,
  "validation_start_acc": 0.1,
  "validation_end_acc": 0.18888888888888888,
  "validation_span_acc": 0.044444444444444446,
  "validation_em": 0.06666666666666667,
  "validation_f1": 0.2416039368551672,
  "validation_loss": 13.055106004079184,
  "best_validation_start_acc": 0.13333333333333333,
  "best_validation_end_acc": 0.16666666666666666,
  "best_validation_span_acc": 0.06666666666666667,
  "best_validation_em": 0.08888888888888889,
  "best_validation_f1": 0.26661238914151164,
  "best_validation_loss": 10.033298969268799
}