{
  "best_epoch": 10,
  "peak_cpu_memory_MB": 3866.676,
  "peak_gpu_0_memory_MB": 10,
  "peak_gpu_1_memory_MB": 10,
  "peak_gpu_2_memory_MB": 10,
  "peak_gpu_3_memory_MB": 4237,
  "training_duration": "00:19:02",
  "training_start_epoch": 0,
  "training_epochs": 19,
  "epoch": 19,
  "training_start_acc": 0.7059659090909091,
  "training_end_acc": 0.7713068181818182,
  "training_span_acc": 0.5397727272727273,
  "training_em": 0.5433238636363636,
  "training_f1": 0.8240259448095273,
  "training_loss": 0.8879580159078945,
  "training_cpu_memory_MB": 3866.676,
  "training_gpu_0_memory_MB": 10,
  "training_gpu_1_memory_MB": 10,
  "training_gpu_2_memory_MB": 10,
  "training_gpu_3_memory_MB": 4237,
  "validation_start_acc": 0.16666666666666666,
  "validation_end_acc": 0.2,
  "validation_span_acc": 0.1111111111111111,
  "validation_em": 0.12222222222222222,
  "validation_f1": 0.27212551336023744,
  "validation_loss": 10.493415196736654,
  "best_validation_start_acc": 0.18888888888888888,
  "best_validation_end_acc": 0.2777777777777778,
  "best_validation_span_acc": 0.12222222222222222,
  "best_validation_em": 0.14444444444444443,
  "best_validation_f1": 0.3431091814553878,
  "best_validation_loss": 7.8259561856587725
}