{
  "best_epoch": 15,
  "peak_cpu_memory_MB": 3856.236,
  "peak_gpu_0_memory_MB": 10,
  "peak_gpu_1_memory_MB": 10,
  "peak_gpu_2_memory_MB": 10,
  "peak_gpu_3_memory_MB": 4237,
  "training_duration": "00:04:14",
  "training_start_epoch": 0,
  "training_epochs": 19,
  "epoch": 19,
  "training_start_acc": 0.7272727272727273,
  "training_end_acc": 0.8560606060606061,
  "training_span_acc": 0.6287878787878788,
  "training_em": 0.6212121212121212,
  "training_f1": 0.8884047338652287,
  "training_loss": 0.9369895391994052,
  "training_cpu_memory_MB": 3856.236,
  "training_gpu_0_memory_MB": 10,
  "training_gpu_1_memory_MB": 10,
  "training_gpu_2_memory_MB": 10,
  "training_gpu_3_memory_MB": 4237,
  "validation_start_acc": 0.07777777777777778,
  "validation_end_acc": 0.13333333333333333,
  "validation_span_acc": 0.05555555555555555,
  "validation_em": 0.06666666666666667,
  "validation_f1": 0.19673327456037318,
  "validation_loss": 10.74581209818522,
  "best_validation_start_acc": 0.1,
  "best_validation_end_acc": 0.12222222222222222,
  "best_validation_span_acc": 0.044444444444444446,
  "best_validation_em": 0.07777777777777778,
  "best_validation_f1": 0.23267027678451926,
  "best_validation_loss": 10.018571217854818
}