{
  "best_epoch": 2,
  "peak_cpu_memory_MB": 3659.656,
  "peak_gpu_0_memory_MB": 10787,
  "peak_gpu_1_memory_MB": 10,
  "peak_gpu_2_memory_MB": 10,
  "peak_gpu_3_memory_MB": 5711,
  "training_duration": "00:01:51",
  "training_start_epoch": 0,
  "training_epochs": 11,
  "epoch": 11,
  "training_start_acc": 0.4235294117647059,
  "training_end_acc": 0.27058823529411763,
  "training_span_acc": 0.2823529411764706,
  "training_em": 0.25882352941176473,
  "training_f1": 0.37457384905806185,
  "training_loss": 3.047122915585836,
  "training_cpu_memory_MB": 3659.656,
  "training_gpu_0_memory_MB": 10787,
  "training_gpu_1_memory_MB": 10,
  "training_gpu_2_memory_MB": 10,
  "training_gpu_3_memory_MB": 5711,
  "validation_start_acc": 0.06666666666666667,
  "validation_end_acc": 0.06666666666666667,
  "validation_span_acc": 0.022222222222222223,
  "validation_em": 0.022222222222222223,
  "validation_f1": 0.13807132349190987,
  "validation_loss": 10.633208751678467,
  "best_validation_start_acc": 0.07777777777777778,
  "best_validation_end_acc": 0.07777777777777778,
  "best_validation_span_acc": 0.03333333333333333,
  "best_validation_em": 0.03333333333333333,
  "best_validation_f1": 0.16272690249219612,
  "best_validation_loss": 8.993603944778442
}