{
  "best_epoch": 16,
  "peak_cpu_memory_MB": 3867.7,
  "peak_gpu_0_memory_MB": 10,
  "peak_gpu_1_memory_MB": 10,
  "peak_gpu_2_memory_MB": 10,
  "peak_gpu_3_memory_MB": 6395,
  "training_duration": "00:18:53",
  "training_start_epoch": 0,
  "training_epochs": 19,
  "epoch": 19,
  "training_start_acc": 0.696881798404641,
  "training_end_acc": 0.7621464829586657,
  "training_span_acc": 0.5206671501087745,
  "training_em": 0.5257432922407542,
  "training_f1": 0.8204895638821763,
  "training_loss": 0.9203509493120785,
  "training_cpu_memory_MB": 3867.7,
  "training_gpu_0_memory_MB": 10,
  "training_gpu_1_memory_MB": 10,
  "training_gpu_2_memory_MB": 10,
  "training_gpu_3_memory_MB": 6395,
  "validation_start_acc": 0.2111111111111111,
  "validation_end_acc": 0.3,
  "validation_span_acc": 0.1,
  "validation_em": 0.2222222222222222,
  "validation_f1": 0.44726928631639884,
  "validation_loss": 9.757698694864908,
  "best_validation_start_acc": 0.25555555555555554,
  "best_validation_end_acc": 0.28888888888888886,
  "best_validation_span_acc": 0.14444444444444443,
  "best_validation_em": 0.28888888888888886,
  "best_validation_f1": 0.4675245310084994,
  "best_validation_loss": 9.034265597661337
}