{
  "best_epoch": 11,
  "peak_cpu_memory_MB": 2665.0,
  "peak_gpu_0_memory_MB": 10787,
  "peak_gpu_1_memory_MB": 10,
  "peak_gpu_2_memory_MB": 10,
  "peak_gpu_3_memory_MB": 8858,
  "training_duration": "00:05:17",
  "training_start_epoch": 0,
  "training_epochs": 19,
  "epoch": 19,
  "training_start_acc": 0.808641975308642,
  "training_end_acc": 0.8938271604938272,
  "training_span_acc": 0.7506172839506173,
  "training_em": 0.7444444444444445,
  "training_f1": 0.8939572045181954,
  "training_loss": 0.9894744812273512,
  "training_cpu_memory_MB": 2665.0,
  "training_gpu_0_memory_MB": 10787,
  "training_gpu_1_memory_MB": 10,
  "training_gpu_2_memory_MB": 10,
  "training_gpu_3_memory_MB": 8858,
  "validation_start_acc": 0.16666666666666666,
  "validation_end_acc": 0.23333333333333334,
  "validation_span_acc": 0.07777777777777778,
  "validation_em": 0.08888888888888889,
  "validation_f1": 0.3228943334996104,
  "validation_loss": 10.461259841918945,
  "best_validation_start_acc": 0.2222222222222222,
  "best_validation_end_acc": 0.26666666666666666,
  "best_validation_span_acc": 0.1111111111111111,
  "best_validation_em": 0.15555555555555556,
  "best_validation_f1": 0.40299948708659855,
  "best_validation_loss": 6.98494307200114
}