{
  "best_epoch": 11,
  "peak_cpu_memory_MB": 3629.696,
  "peak_gpu_0_memory_MB": 8903,
  "peak_gpu_1_memory_MB": 10,
  "peak_gpu_2_memory_MB": 10,
  "peak_gpu_3_memory_MB": 4785,
  "training_duration": "00:12:32",
  "training_start_epoch": 0,
  "training_epochs": 19,
  "epoch": 19,
  "training_start_acc": 0.986469864698647,
  "training_end_acc": 0.992619926199262,
  "training_span_acc": 0.984009840098401,
  "training_em": 0.948339483394834,
  "training_f1": 0.9740763059428016,
  "training_loss": 0.06847572006175623,
  "training_cpu_memory_MB": 3629.696,
  "training_gpu_0_memory_MB": 8903,
  "training_gpu_1_memory_MB": 10,
  "training_gpu_2_memory_MB": 10,
  "training_gpu_3_memory_MB": 4785,
  "validation_start_acc": 0.14942528735632185,
  "validation_end_acc": 0.26436781609195403,
  "validation_span_acc": 0.10344827586206896,
  "validation_em": 0.14942528735632185,
  "validation_f1": 0.4470221163058399,
  "validation_loss": 13.626052379608154,
  "best_validation_start_acc": 0.21839080459770116,
  "best_validation_end_acc": 0.3563218390804598,
  "best_validation_span_acc": 0.1724137931034483,
  "best_validation_em": 0.21839080459770116,
  "best_validation_f1": 0.460749277787332,
  "best_validation_loss": 10.025970617930094
}