{
  "best_epoch": 10,
  "peak_cpu_memory_MB": 3856.236,
  "peak_gpu_0_memory_MB": 10,
  "peak_gpu_1_memory_MB": 10,
  "peak_gpu_2_memory_MB": 10,
  "peak_gpu_3_memory_MB": 4237,
  "training_duration": "00:08:28",
  "training_start_epoch": 0,
  "training_epochs": 19,
  "epoch": 19,
  "training_start_acc": 0.7057142857142857,
  "training_end_acc": 0.7885714285714286,
  "training_span_acc": 0.5571428571428572,
  "training_em": 0.5714285714285714,
  "training_f1": 0.8437108934948155,
  "training_loss": 0.93599672480063,
  "training_cpu_memory_MB": 3856.236,
  "training_gpu_0_memory_MB": 10,
  "training_gpu_1_memory_MB": 10,
  "training_gpu_2_memory_MB": 10,
  "training_gpu_3_memory_MB": 4237,
  "validation_start_acc": 0.16666666666666666,
  "validation_end_acc": 0.16666666666666666,
  "validation_span_acc": 0.05555555555555555,
  "validation_em": 0.1111111111111111,
  "validation_f1": 0.2968081501783216,
  "validation_loss": 10.731791973114014,
  "best_validation_start_acc": 0.17777777777777778,
  "best_validation_end_acc": 0.18888888888888888,
  "best_validation_span_acc": 0.07777777777777778,
  "best_validation_em": 0.13333333333333333,
  "best_validation_f1": 0.31329381699261594,
  "best_validation_loss": 9.418671607971191
}