{
  "best_epoch": 1,
  "peak_cpu_memory_MB": 3659.656,
  "peak_gpu_0_memory_MB": 10787,
  "peak_gpu_1_memory_MB": 10,
  "peak_gpu_2_memory_MB": 10,
  "peak_gpu_3_memory_MB": 5707,
  "training_duration": "00:02:53",
  "training_start_epoch": 0,
  "training_epochs": 10,
  "epoch": 10,
  "training_start_acc": 0.3444976076555024,
  "training_end_acc": 0.35406698564593303,
  "training_span_acc": 0.24880382775119617,
  "training_em": 0.24401913875598086,
  "training_f1": 0.3604745124056472,
  "training_loss": 2.95354368856975,
  "training_cpu_memory_MB": 3659.656,
  "training_gpu_0_memory_MB": 10787,
  "training_gpu_1_memory_MB": 10,
  "training_gpu_2_memory_MB": 10,
  "training_gpu_3_memory_MB": 5707,
  "validation_start_acc": 0.06666666666666667,
  "validation_end_acc": 0.1111111111111111,
  "validation_span_acc": 0.03333333333333333,
  "validation_em": 0.03333333333333333,
  "validation_f1": 0.20931115129849023,
  "validation_loss": 9.925050894419352,
  "best_validation_start_acc": 0.05555555555555555,
  "best_validation_end_acc": 0.1111111111111111,
  "best_validation_span_acc": 0.022222222222222223,
  "best_validation_em": 0.044444444444444446,
  "best_validation_f1": 0.20909943711000187,
  "best_validation_loss": 7.667421976725261
}