{
  "best_epoch": 13,
  "peak_cpu_memory_MB": 3656.94,
  "peak_gpu_0_memory_MB": 8903,
  "peak_gpu_1_memory_MB": 10,
  "peak_gpu_2_memory_MB": 10,
  "peak_gpu_3_memory_MB": 5729,
  "training_duration": "00:13:31",
  "training_start_epoch": 0,
  "training_epochs": 19,
  "epoch": 19,
  "training_start_acc": 0.971947194719472,
  "training_end_acc": 0.9785478547854786,
  "training_span_acc": 0.971947194719472,
  "training_em": 0.9389438943894389,
  "training_f1": 0.9732593361073099,
  "training_loss": 0.18242823276178619,
  "training_cpu_memory_MB": 3656.94,
  "training_gpu_0_memory_MB": 8903,
  "training_gpu_1_memory_MB": 10,
  "training_gpu_2_memory_MB": 10,
  "training_gpu_3_memory_MB": 5729,
  "validation_start_acc": 0.14444444444444443,
  "validation_end_acc": 0.17777777777777778,
  "validation_span_acc": 0.05555555555555555,
  "validation_em": 0.08888888888888889,
  "validation_f1": 0.28680568498374565,
  "validation_loss": 12.055662949879965,
  "best_validation_start_acc": 0.2,
  "best_validation_end_acc": 0.23333333333333334,
  "best_validation_span_acc": 0.1111111111111111,
  "best_validation_em": 0.15555555555555556,
  "best_validation_f1": 0.33100088736467864,
  "best_validation_loss": 10.52500851949056
}