{
  "best_epoch": 3,
  "peak_cpu_memory_MB": 2675.212,
  "peak_gpu_0_memory_MB": 4213,
  "peak_gpu_1_memory_MB": 0,
  "peak_gpu_2_memory_MB": 0,
  "peak_gpu_3_memory_MB": 0,
  "training_duration": "00:02:31",
  "training_start_epoch": 0,
  "training_epochs": 12,
  "epoch": 12,
  "training_start_acc": 0.5987654320987654,
  "training_end_acc": 0.6271604938271605,
  "training_span_acc": 0.5234567901234568,
  "training_em": 0.5271604938271605,
  "training_f1": 0.6142817343938085,
  "training_loss": 2.130064653415306,
  "training_cpu_memory_MB": 2675.188,
  "training_gpu_0_memory_MB": 4213,
  "training_gpu_1_memory_MB": 0,
  "training_gpu_2_memory_MB": 0,
  "training_gpu_3_memory_MB": 0,
  "validation_start_acc": 0.08888888888888889,
  "validation_end_acc": 0.15555555555555556,
  "validation_span_acc": 0.05555555555555555,
  "validation_em": 0.05555555555555555,
  "validation_f1": 0.1529711814350261,
  "validation_loss": 14.45349645614624,
  "best_validation_start_acc": 0.08888888888888889,
  "best_validation_end_acc": 0.1,
  "best_validation_span_acc": 0.05555555555555555,
  "best_validation_em": 0.05555555555555555,
  "best_validation_f1": 0.13231054280674354,
  "best_validation_loss": 8.248870611190796
}