{
  "best_epoch": 14,
  "peak_cpu_memory_MB": 2715.796,
  "peak_gpu_0_memory_MB": 6685,
  "peak_gpu_1_memory_MB": 0,
  "peak_gpu_2_memory_MB": 0,
  "peak_gpu_3_memory_MB": 0,
  "training_duration": "00:03:51",
  "training_start_epoch": 0,
  "training_epochs": 19,
  "epoch": 19,
  "training_start_acc": 0.7888888888888889,
  "training_end_acc": 0.8049382716049382,
  "training_span_acc": 0.7419753086419754,
  "training_em": 0.7407407407407407,
  "training_f1": 0.8137326175533328,
  "training_loss": 1.1946904717707167,
  "training_cpu_memory_MB": 2715.796,
  "training_gpu_0_memory_MB": 6685,
  "training_gpu_1_memory_MB": 0,
  "training_gpu_2_memory_MB": 0,
  "training_gpu_3_memory_MB": 0,
  "validation_start_acc": 0.08888888888888889,
  "validation_end_acc": 0.17777777777777778,
  "validation_span_acc": 0.022222222222222223,
  "validation_em": 0.06666666666666667,
  "validation_f1": 0.22409021467514428,
  "validation_loss": 13.903351783752441,
  "best_validation_start_acc": 0.08888888888888889,
  "best_validation_end_acc": 0.18888888888888888,
  "best_validation_span_acc": 0.03333333333333333,
  "best_validation_em": 0.06666666666666667,
  "best_validation_f1": 0.20765968193175746,
  "best_validation_loss": 11.670801321665445
}