{
  "best_epoch": 15,
  "peak_cpu_memory_MB": 2715.796,
  "peak_gpu_0_memory_MB": 6685,
  "peak_gpu_1_memory_MB": 0,
  "peak_gpu_2_memory_MB": 0,
  "peak_gpu_3_memory_MB": 0,
  "training_duration": "00:03:49",
  "training_start_epoch": 0,
  "training_epochs": 19,
  "epoch": 19,
  "training_start_acc": 0.8617283950617284,
  "training_end_acc": 0.8765432098765432,
  "training_span_acc": 0.825925925925926,
  "training_em": 0.8246913580246914,
  "training_f1": 0.8833485031767168,
  "training_loss": 0.8174394585338294,
  "training_cpu_memory_MB": 2715.796,
  "training_gpu_0_memory_MB": 6685,
  "training_gpu_1_memory_MB": 0,
  "training_gpu_2_memory_MB": 0,
  "training_gpu_3_memory_MB": 0,
  "validation_start_acc": 0.17777777777777778,
  "validation_end_acc": 0.23333333333333334,
  "validation_span_acc": 0.12222222222222222,
  "validation_em": 0.13333333333333333,
  "validation_f1": 0.2816816150053238,
  "validation_loss": 12.799431641896566,
  "best_validation_start_acc": 0.14444444444444443,
  "best_validation_end_acc": 0.18888888888888888,
  "best_validation_span_acc": 0.12222222222222222,
  "best_validation_em": 0.13333333333333333,
  "best_validation_f1": 0.26444296150988195,
  "best_validation_loss": 11.053153355916342
}