{
  "best_epoch": 16,
  "peak_cpu_memory_MB": 2715.796,
  "peak_gpu_0_memory_MB": 6685,
  "peak_gpu_1_memory_MB": 0,
  "peak_gpu_2_memory_MB": 0,
  "peak_gpu_3_memory_MB": 0,
  "training_duration": "00:03:49",
  "training_start_epoch": 0,
  "training_epochs": 19,
  "epoch": 19,
  "training_start_acc": 0.8851851851851852,
  "training_end_acc": 0.9098765432098765,
  "training_span_acc": 0.8580246913580247,
  "training_em": 0.8592592592592593,
  "training_f1": 0.909364025065578,
  "training_loss": 0.6281692305324125,
  "training_cpu_memory_MB": 2715.796,
  "training_gpu_0_memory_MB": 6685,
  "training_gpu_1_memory_MB": 0,
  "training_gpu_2_memory_MB": 0,
  "training_gpu_3_memory_MB": 0,
  "validation_start_acc": 0.08888888888888889,
  "validation_end_acc": 0.14444444444444443,
  "validation_span_acc": 0.05555555555555555,
  "validation_em": 0.05555555555555555,
  "validation_f1": 0.19890398960788763,
  "validation_loss": 16.484599113464355,
  "best_validation_start_acc": 0.08888888888888889,
  "best_validation_end_acc": 0.15555555555555556,
  "best_validation_span_acc": 0.05555555555555555,
  "best_validation_em": 0.05555555555555555,
  "best_validation_f1": 0.19344643693204064,
  "best_validation_loss": 13.983611265818277
}