{
  "best_epoch": 17,
  "peak_cpu_memory_MB": 2715.796,
  "peak_gpu_0_memory_MB": 6685,
  "peak_gpu_1_memory_MB": 0,
  "peak_gpu_2_memory_MB": 0,
  "peak_gpu_3_memory_MB": 0,
  "training_duration": "00:03:50",
  "training_start_epoch": 0,
  "training_epochs": 19,
  "epoch": 19,
  "training_start_acc": 0.9407407407407408,
  "training_end_acc": 0.945679012345679,
  "training_span_acc": 0.9259259259259259,
  "training_em": 0.9197530864197531,
  "training_f1": 0.9469388000376097,
  "training_loss": 0.36236239969730377,
  "training_cpu_memory_MB": 2715.796,
  "training_gpu_0_memory_MB": 6685,
  "training_gpu_1_memory_MB": 0,
  "training_gpu_2_memory_MB": 0,
  "training_gpu_3_memory_MB": 0,
  "validation_start_acc": 0.14444444444444443,
  "validation_end_acc": 0.2111111111111111,
  "validation_span_acc": 0.1,
  "validation_em": 0.1,
  "validation_f1": 0.29954374425329966,
  "validation_loss": 16.10568380355835,
  "best_validation_start_acc": 0.12222222222222222,
  "best_validation_end_acc": 0.24444444444444444,
  "best_validation_span_acc": 0.1,
  "best_validation_em": 0.1111111111111111,
  "best_validation_f1": 0.28866108733237916,
  "best_validation_loss": 15.983274459838867
}