{
  "best_epoch": 1,
  "peak_cpu_memory_MB": 2715.796,
  "peak_gpu_0_memory_MB": 6685,
  "peak_gpu_1_memory_MB": 0,
  "peak_gpu_2_memory_MB": 0,
  "peak_gpu_3_memory_MB": 0,
  "training_duration": "00:02:09",
  "training_start_epoch": 0,
  "training_epochs": 10,
  "epoch": 10,
  "training_start_acc": 0.3135802469135803,
  "training_end_acc": 0.30246913580246915,
  "training_span_acc": 0.20493827160493827,
  "training_em": 0.20864197530864198,
  "training_f1": 0.3264623871352491,
  "training_loss": 4.021776951995551,
  "training_cpu_memory_MB": 2715.796,
  "training_gpu_0_memory_MB": 6685,
  "training_gpu_1_memory_MB": 0,
  "training_gpu_2_memory_MB": 0,
  "training_gpu_3_memory_MB": 0,
  "validation_start_acc": 0.08888888888888889,
  "validation_end_acc": 0.12222222222222222,
  "validation_span_acc": 0.022222222222222223,
  "validation_em": 0.022222222222222223,
  "validation_f1": 0.17991740890998495,
  "validation_loss": 10.161762714385986,
  "best_validation_start_acc": 0.044444444444444446,
  "best_validation_end_acc": 0.1111111111111111,
  "best_validation_span_acc": 0.022222222222222223,
  "best_validation_em": 0.022222222222222223,
  "best_validation_f1": 0.13513793318355985,
  "best_validation_loss": 7.753596226374309
}