{
  "best_epoch": 8,
  "peak_cpu_memory_MB": 2712.06,
  "peak_gpu_0_memory_MB": 6049,
  "peak_gpu_1_memory_MB": 0,
  "peak_gpu_2_memory_MB": 0,
  "peak_gpu_3_memory_MB": 0,
  "training_duration": "00:03:27",
  "training_start_epoch": 0,
  "training_epochs": 17,
  "epoch": 17,
  "training_start_acc": 0.6197530864197531,
  "training_end_acc": 0.6246913580246913,
  "training_span_acc": 0.528395061728395,
  "training_em": 0.5333333333333333,
  "training_f1": 0.6360012116478893,
  "training_loss": 2.165754345117831,
  "training_cpu_memory_MB": 2712.06,
  "training_gpu_0_memory_MB": 6049,
  "training_gpu_1_memory_MB": 0,
  "training_gpu_2_memory_MB": 0,
  "training_gpu_3_memory_MB": 0,
  "validation_start_acc": 0.05555555555555555,
  "validation_end_acc": 0.1111111111111111,
  "validation_span_acc": 0.03333333333333333,
  "validation_em": 0.03333333333333333,
  "validation_f1": 0.1616581128529373,
  "validation_loss": 12.360696951548258,
  "best_validation_start_acc": 0.07777777777777778,
  "best_validation_end_acc": 0.1,
  "best_validation_span_acc": 0.044444444444444446,
  "best_validation_em": 0.044444444444444446,
  "best_validation_f1": 0.174379287580773,
  "best_validation_loss": 9.670875549316406
}