{
  "best_epoch": 15,
  "peak_cpu_memory_MB": 2715.796,
  "peak_gpu_0_memory_MB": 6685,
  "peak_gpu_1_memory_MB": 0,
  "peak_gpu_2_memory_MB": 0,
  "peak_gpu_3_memory_MB": 0,
  "training_duration": "00:03:52",
  "training_start_epoch": 0,
  "training_epochs": 19,
  "epoch": 19,
  "training_start_acc": 0.9197530864197531,
  "training_end_acc": 0.9345679012345679,
  "training_span_acc": 0.9061728395061729,
  "training_em": 0.9024691358024691,
  "training_f1": 0.9374107922371324,
  "training_loss": 0.4527803769006449,
  "training_cpu_memory_MB": 2715.796,
  "training_gpu_0_memory_MB": 6685,
  "training_gpu_1_memory_MB": 0,
  "training_gpu_2_memory_MB": 0,
  "training_gpu_3_memory_MB": 0,
  "validation_start_acc": 0.14444444444444443,
  "validation_end_acc": 0.2,
  "validation_span_acc": 0.08888888888888889,
  "validation_em": 0.1111111111111111,
  "validation_f1": 0.2518736566849821,
  "validation_loss": 15.286980311075846,
  "best_validation_start_acc": 0.13333333333333333,
  "best_validation_end_acc": 0.2111111111111111,
  "best_validation_span_acc": 0.1,
  "best_validation_em": 0.12222222222222222,
  "best_validation_f1": 0.2802512614868482,
  "best_validation_loss": 13.90025266011556
}