{
  "best_epoch": 15,
  "peak_cpu_memory_MB": 2715.796,
  "peak_gpu_0_memory_MB": 6685,
  "peak_gpu_1_memory_MB": 0,
  "peak_gpu_2_memory_MB": 0,
  "peak_gpu_3_memory_MB": 0,
  "training_duration": "00:03:51",
  "training_start_epoch": 0,
  "training_epochs": 19,
  "epoch": 19,
  "training_start_acc": 0.8876543209876543,
  "training_end_acc": 0.9024691358024691,
  "training_span_acc": 0.8530864197530864,
  "training_em": 0.8444444444444444,
  "training_f1": 0.8933252864856803,
  "training_loss": 0.585787917469062,
  "training_cpu_memory_MB": 2715.796,
  "training_gpu_0_memory_MB": 6685,
  "training_gpu_1_memory_MB": 0,
  "training_gpu_2_memory_MB": 0,
  "training_gpu_3_memory_MB": 0,
  "validation_start_acc": 0.1,
  "validation_end_acc": 0.18888888888888888,
  "validation_span_acc": 0.07777777777777778,
  "validation_em": 0.08888888888888889,
  "validation_f1": 0.2112190105834175,
  "validation_loss": 16.77742878595988,
  "best_validation_start_acc": 0.1,
  "best_validation_end_acc": 0.2,
  "best_validation_span_acc": 0.07777777777777778,
  "best_validation_em": 0.08888888888888889,
  "best_validation_f1": 0.2204161001083687,
  "best_validation_loss": 13.842468897501627
}