{
  "best_epoch": 13,
  "peak_cpu_memory_MB": 3659.656,
  "peak_gpu_0_memory_MB": 10787,
  "peak_gpu_1_memory_MB": 10,
  "peak_gpu_2_memory_MB": 10,
  "peak_gpu_3_memory_MB": 5707,
  "training_duration": "00:04:46",
  "training_start_epoch": 0,
  "training_epochs": 19,
  "epoch": 19,
  "training_start_acc": 0.9842105263157894,
  "training_end_acc": 0.9736842105263158,
  "training_span_acc": 0.9789473684210527,
  "training_em": 0.9368421052631579,
  "training_f1": 0.971946240844516,
  "training_loss": 0.2107034275929133,
  "training_cpu_memory_MB": 3659.656,
  "training_gpu_0_memory_MB": 10787,
  "training_gpu_1_memory_MB": 10,
  "training_gpu_2_memory_MB": 10,
  "training_gpu_3_memory_MB": 5707,
  "validation_start_acc": 0.14444444444444443,
  "validation_end_acc": 0.07777777777777778,
  "validation_span_acc": 0.03333333333333333,
  "validation_em": 0.05555555555555555,
  "validation_f1": 0.2284168935226523,
  "validation_loss": 10.8874192237854,
  "best_validation_start_acc": 0.13333333333333333,
  "best_validation_end_acc": 0.08888888888888889,
  "best_validation_span_acc": 0.044444444444444446,
  "best_validation_em": 0.06666666666666667,
  "best_validation_f1": 0.21522705754024724,
  "best_validation_loss": 10.049592653910318
}