{
  "best_epoch": 10,
  "peak_cpu_memory_MB": 4614.648,
  "peak_gpu_0_memory_MB": 10,
  "peak_gpu_1_memory_MB": 10,
  "peak_gpu_2_memory_MB": 3769,
  "peak_gpu_3_memory_MB": 1993,
  "training_duration": "00:05:25",
  "training_start_epoch": 0,
  "training_epochs": 19,
  "epoch": 19,
  "training_start_acc": 0.046313799621928164,
  "training_end_acc": 0.14933837429111532,
  "training_span_acc": 0.015122873345935728,
  "training_em": 0.017958412098298678,
  "training_f1": 0.19172868992489694,
  "training_loss": 7.861479275262178,
  "training_cpu_memory_MB": 4614.648,
  "training_gpu_0_memory_MB": 10,
  "training_gpu_1_memory_MB": 10,
  "training_gpu_2_memory_MB": 3769,
  "training_gpu_3_memory_MB": 1993,
  "validation_start_acc": 0.01098901098901099,
  "validation_end_acc": 0.0989010989010989,
  "validation_span_acc": 0.0,
  "validation_em": 0.01098901098901099,
  "validation_f1": 0.1930598035942631,
  "validation_loss": 8.302519798278809,
  "best_validation_start_acc": 0.01098901098901099,
  "best_validation_end_acc": 0.08791208791208792,
  "best_validation_span_acc": 0.0,
  "best_validation_em": 0.01098901098901099,
  "best_validation_f1": 0.17502867905346245,
  "best_validation_loss": 8.318485260009766
}