{
  "best_epoch": 9,
  "peak_cpu_memory_MB": 3877.072,
  "peak_gpu_0_memory_MB": 10,
  "peak_gpu_1_memory_MB": 10,
  "peak_gpu_2_memory_MB": 10,
  "peak_gpu_3_memory_MB": 4237,
  "training_duration": "00:17:39",
  "training_start_epoch": 0,
  "training_epochs": 18,
  "epoch": 18,
  "training_start_acc": 0.6903225806451613,
  "training_end_acc": 0.7727598566308244,
  "training_span_acc": 0.5225806451612903,
  "training_em": 0.5240143369175627,
  "training_f1": 0.8317205960756053,
  "training_loss": 0.9041289572011341,
  "training_cpu_memory_MB": 3877.072,
  "training_gpu_0_memory_MB": 10,
  "training_gpu_1_memory_MB": 10,
  "training_gpu_2_memory_MB": 10,
  "training_gpu_3_memory_MB": 4237,
  "validation_start_acc": 0.2111111111111111,
  "validation_end_acc": 0.23333333333333334,
  "validation_span_acc": 0.1,
  "validation_em": 0.18888888888888888,
  "validation_f1": 0.4046670571406479,
  "validation_loss": 10.570231914520264,
  "best_validation_start_acc": 0.24444444444444444,
  "best_validation_end_acc": 0.2777777777777778,
  "best_validation_span_acc": 0.1,
  "best_validation_em": 0.23333333333333334,
  "best_validation_f1": 0.450011593067726,
  "best_validation_loss": 7.951274156570435
}