{
  "best_epoch": 11,
  "peak_cpu_memory_MB": 4590.792,
  "peak_gpu_0_memory_MB": 10,
  "peak_gpu_1_memory_MB": 10,
  "peak_gpu_2_memory_MB": 3769,
  "peak_gpu_3_memory_MB": 1993,
  "training_duration": "00:06:59",
  "training_start_epoch": 0,
  "training_epochs": 19,
  "epoch": 19,
  "training_start_acc": 0.05289492494639028,
  "training_end_acc": 0.135096497498213,
  "training_span_acc": 0.01501072194424589,
  "training_em": 0.017869907076483203,
  "training_f1": 0.17618675355307803,
  "training_loss": 7.717024456370961,
  "training_cpu_memory_MB": 4590.792,
  "training_gpu_0_memory_MB": 10,
  "training_gpu_1_memory_MB": 10,
  "training_gpu_2_memory_MB": 3769,
  "training_gpu_3_memory_MB": 1993,
  "validation_start_acc": 0.044444444444444446,
  "validation_end_acc": 0.07777777777777778,
  "validation_span_acc": 0.0,
  "validation_em": 0.03333333333333333,
  "validation_f1": 0.19078835595198898,
  "validation_loss": 8.172722101211548,
  "best_validation_start_acc": 0.044444444444444446,
  "best_validation_end_acc": 0.1,
  "best_validation_span_acc": 0.011111111111111112,
  "best_validation_em": 0.05555555555555555,
  "best_validation_f1": 0.20689359470604027,
  "best_validation_loss": 8.141615390777588
}