{
  "best_epoch": 18,
  "peak_cpu_memory_MB": 2708.152,
  "peak_gpu_0_memory_MB": 8903,
  "peak_gpu_1_memory_MB": 10,
  "peak_gpu_2_memory_MB": 10,
  "peak_gpu_3_memory_MB": 4223,
  "training_duration": "00:02:47",
  "training_start_epoch": 0,
  "training_epochs": 19,
  "epoch": 19,
  "training_start_acc": 0.9666666666666667,
  "training_end_acc": 0.9740740740740741,
  "training_span_acc": 0.9506172839506173,
  "training_em": 0.9320987654320988,
  "training_f1": 0.9753936849634134,
  "training_loss": 0.1971204098241002,
  "training_cpu_memory_MB": 2708.152,
  "training_gpu_0_memory_MB": 8903,
  "training_gpu_1_memory_MB": 10,
  "training_gpu_2_memory_MB": 10,
  "training_gpu_3_memory_MB": 4223,
  "validation_start_acc": 0.13333333333333333,
  "validation_end_acc": 0.23333333333333334,
  "validation_span_acc": 0.06666666666666667,
  "validation_em": 0.07777777777777778,
  "validation_f1": 0.30159772351173914,
  "validation_loss": 14.032234191894531,
  "best_validation_start_acc": 0.13333333333333333,
  "best_validation_end_acc": 0.23333333333333334,
  "best_validation_span_acc": 0.08888888888888889,
  "best_validation_em": 0.1111111111111111,
  "best_validation_f1": 0.32890391839476013,
  "best_validation_loss": 13.898833433787027
}