{
  "best_epoch": 14,
  "peak_cpu_memory_MB": 3621.028,
  "peak_gpu_0_memory_MB": 10787,
  "peak_gpu_1_memory_MB": 4979,
  "peak_gpu_2_memory_MB": 7173,
  "peak_gpu_3_memory_MB": 4979,
  "training_duration": "00:10:39",
  "training_start_epoch": 0,
  "training_epochs": 19,
  "epoch": 19,
  "training_start_acc": 0.9983739837398374,
  "training_end_acc": 0.9983739837398374,
  "training_span_acc": 0.9967479674796748,
  "training_em": 0.9544715447154472,
  "training_f1": 0.9827138341713036,
  "training_loss": 0.01223990572944809,
  "training_cpu_memory_MB": 3621.028,
  "training_gpu_0_memory_MB": 10787,
  "training_gpu_1_memory_MB": 4979,
  "training_gpu_2_memory_MB": 7173,
  "training_gpu_3_memory_MB": 4979,
  "validation_start_acc": 0.13333333333333333,
  "validation_end_acc": 0.18888888888888888,
  "validation_span_acc": 0.06666666666666667,
  "validation_em": 0.06666666666666667,
  "validation_f1": 0.25251950041419224,
  "validation_loss": 13.691150665283203,
  "best_validation_start_acc": 0.14444444444444443,
  "best_validation_end_acc": 0.2,
  "best_validation_span_acc": 0.07777777777777778,
  "best_validation_em": 0.08888888888888889,
  "best_validation_f1": 0.2527135631284586,
  "best_validation_loss": 13.01466449101766
}