{
  "best_epoch": 5,
  "peak_cpu_memory_MB": 3856.236,
  "peak_gpu_0_memory_MB": 10,
  "peak_gpu_1_memory_MB": 10,
  "peak_gpu_2_memory_MB": 10,
  "peak_gpu_3_memory_MB": 4237,
  "training_duration": "00:17:18",
  "training_start_epoch": 0,
  "training_epochs": 14,
  "epoch": 14,
  "training_start_acc": 0.7109602327837051,
  "training_end_acc": 0.7419980601357905,
  "training_span_acc": 0.516003879728419,
  "training_em": 0.5198836081474297,
  "training_f1": 0.8203884421961475,
  "training_loss": 1.0364198996470524,
  "training_cpu_memory_MB": 3856.236,
  "training_gpu_0_memory_MB": 10,
  "training_gpu_1_memory_MB": 10,
  "training_gpu_2_memory_MB": 10,
  "training_gpu_3_memory_MB": 4237,
  "validation_start_acc": 0.06593406593406594,
  "validation_end_acc": 0.1978021978021978,
  "validation_span_acc": 0.02197802197802198,
  "validation_em": 0.06593406593406594,
  "validation_f1": 0.2819766437648419,
  "validation_loss": 10.514062722524008,
  "best_validation_start_acc": 0.12087912087912088,
  "best_validation_end_acc": 0.2087912087912088,
  "best_validation_span_acc": 0.054945054945054944,
  "best_validation_em": 0.13186813186813187,
  "best_validation_f1": 0.2936646233332859,
  "best_validation_loss": 8.77352794011434
}