{
  "best_epoch": 2,
  "peak_cpu_memory_MB": 3656.296,
  "peak_gpu_0_memory_MB": 10,
  "peak_gpu_1_memory_MB": 10,
  "peak_gpu_2_memory_MB": 10,
  "peak_gpu_3_memory_MB": 5707,
  "training_duration": "00:01:24",
  "training_start_epoch": 0,
  "training_epochs": 11,
  "epoch": 11,
  "training_start_acc": 0.475,
  "training_end_acc": 0.375,
  "training_span_acc": 0.3625,
  "training_em": 0.3375,
  "training_f1": 0.43430422016423237,
  "training_loss": 2.8800734519958495,
  "training_cpu_memory_MB": 3656.296,
  "training_gpu_0_memory_MB": 10,
  "training_gpu_1_memory_MB": 10,
  "training_gpu_2_memory_MB": 10,
  "training_gpu_3_memory_MB": 5707,
  "validation_start_acc": 0.08888888888888889,
  "validation_end_acc": 0.12222222222222222,
  "validation_span_acc": 0.011111111111111112,
  "validation_em": 0.022222222222222223,
  "validation_f1": 0.18188128304059567,
  "validation_loss": 9.797387282053629,
  "best_validation_start_acc": 0.05555555555555555,
  "best_validation_end_acc": 0.07777777777777778,
  "best_validation_span_acc": 0.022222222222222223,
  "best_validation_em": 0.03333333333333333,
  "best_validation_f1": 0.1495698873375008,
  "best_validation_loss": 8.280413230260214
}