{
  "best_epoch": 15,
  "peak_cpu_memory_MB": 3879.86,
  "peak_gpu_0_memory_MB": 10,
  "peak_gpu_1_memory_MB": 10,
  "peak_gpu_2_memory_MB": 10,
  "peak_gpu_3_memory_MB": 4237,
  "training_duration": "00:14:43",
  "training_start_epoch": 0,
  "training_epochs": 19,
  "epoch": 19,
  "training_start_acc": 0.6895578551269991,
  "training_end_acc": 0.7497648165569144,
  "training_span_acc": 0.5126999059266227,
  "training_em": 0.5258701787394168,
  "training_f1": 0.8223074877826133,
  "training_loss": 0.9737319474789634,
  "training_cpu_memory_MB": 3879.86,
  "training_gpu_0_memory_MB": 10,
  "training_gpu_1_memory_MB": 10,
  "training_gpu_2_memory_MB": 10,
  "training_gpu_3_memory_MB": 4237,
  "validation_start_acc": 0.2,
  "validation_end_acc": 0.3,
  "validation_span_acc": 0.1111111111111111,
  "validation_em": 0.16666666666666666,
  "validation_f1": 0.35991672906102923,
  "validation_loss": 9.535679499308268,
  "best_validation_start_acc": 0.24444444444444444,
  "best_validation_end_acc": 0.23333333333333334,
  "best_validation_span_acc": 0.14444444444444443,
  "best_validation_em": 0.2111111111111111,
  "best_validation_f1": 0.4068507411196534,
  "best_validation_loss": 8.5873335202535
}